Offset,sMeanPktSz,sTtl,sHops,TcpRtt,State,AckDat,SynAck,Proto,SrcBytes,TotBytes,SrcRate,Max,Load,Dur,SrcLoad,Rate,RunTime,Cause,Min,is_attack,Label,split
175604,245.5,64.0,0.0,0.0,1,0.0,0.0,4,2455,6739,69.289932,0.129889,370654.9688,0.129889,136116.2188,138.579865,0.129889,1,0.129889,0,Benign,train
34296260,42.0,63.0,1.0,0.0,6,0.0,0.0,4,84,84,0.387658,2.57959,130.25325,2.57959,130.25325,0.387658,2.57959,2,2.57959,0,Benign,test
774548,98.0,64.0,0.0,0.014912,3,0.013555,0.001357,3,1078,5617,59.595112,0.167799,243481.7969,0.167799,46722.56641,125.149734,0.167799,1,0.167799,0,Benign,train
229784,85.0,64.0,0.0,0.0,1,0.0,0.0,4,85,220,0.0,0.001445,0.0,0.001445,0.0,692.041565,0.001445,1,0.001445,0,Benign,validation
33002592,42.0,63.0,1.0,0.0,6,0.0,0.0,4,42,42,0.0,0.0,0.0,0.0,0.0,0.0,0.0,2,0.0,0,Benign,test
35341300,42.0,63.0,1.0,0.0,6,0.0,0.0,4,42,42,0.0,0.0,0.0,0.0,0.0,0.0,0.0,2,0.0,0,Benign,train
18144276,42.0,63.0,1.0,0.0,4,0.0,0.0,4,42,42,0.0,0.0,0.0,0.0,0.0,0.0,0.0,1,0.0,0,Benign,train
19075888,42.0,63.0,1.0,0.0,4,0.0,0.0,4,84,84,0.386846,2.585007,129.980301,2.585007,129.980301,0.386846,2.585007,1,2.585007,0,Benign,train
16789024,74.0,249.0,7.0,0.0,4,0.0,0.0,4,74,74,0.0,0.0,0.0,0.0,0.0,0.0,0.0,1,0.0,0,Benign,train
4604300,150.5,64.0,0.0,0.0,1,0.0,0.0,4,301,439,13.524662,0.073939,23803.4043,0.073939,16337.79102,40.573986,0.073939,2,0.073939,0,Benign,train
19153248,42.0,63.0,1.0,0.0,4,0.0,0.0,4,84,84,0.385476,2.594193,129.52005,2.594193,129.52005,0.385476,2.594193,1,2.594193,0,Benign,validation
25685832,42.0,63.0,1.0,0.0,6,0.0,0.0,4,42,42,0.0,0.0,0.0,0.0,0.0,0.0,0.0,2,0.0,0,Benign,train
38386428,42.0,63.0,1.0,0.0,6,0.0,0.0,4,42,42,0.0,0.0,0.0,0.0,0.0,0.0,0.0,2,0.0,0,Benign,validation
1129772,74.0,249.0,7.0,0.0,4,0.0,0.0,4,74,74,0.0,0.0,0.0,0.0,0.0,0.0,0.0,1,0.0,0,Benign,test
32196404,42.0,63.0,1.0,0.0,6,0.0,0.0,4,84,84,0.387452,2.580964,130.183914,2.580964,130.183914,0.387452,2.580964,2,2.580964,0,Benign,test
38407940,42.0,63.0,1.0,0.0,6,0.0,0.0,4,42,42,0.0,0.0,0.0,0.0,0.0,0.0,0.0,2,0.0,0,Benign,validation
33928080,42.0,63.0,1.0,0.0,6,0.0,0.0,4,84,84,0.387765,2.578879,130.289169,2.578879,130.289169,0.387765,2.578879,2,2.578879,0,Benign,train
17058516,42.0,63.0,1.0,0.0,4,0.0,0.0,4,84,84,0.359852,2.778921,120.91024,2.778921,120.91024,0.359852,2.778921,1,2.778921,0,Benign,train
250804,98.0,58.0,6.0,0.0,2,0.0,0.0,0,98,98,0.0,0.0,0.0,0.0,0.0,0.0,0.0,1,0.0,0,Benign,train
138716,98.0,58.0,6.0,0.0,2,0.0,0.0,0,98,98,0.0,0.0,0.0,0.0,0.0,0.0,0.0,1,0.0,0,Benign,validation
35434844,42.0,63.0,1.0,0.0,6,0.0,0.0,4,42,42,0.0,0.0,0.0,0.0,0.0,0.0,0.0,2,0.0,0,Benign,test
1111388,74.0,249.0,7.0,0.0,4,0.0,0.0,4,74,74,0.0,0.0,0.0,0.0,0.0,0.0,0.0,1,0.0,0,Benign,test
912456,74.0,249.0,7.0,0.0,4,0.0,0.0,4,74,74,0.0,0.0,0.0,0.0,0.0,0.0,0.0,1,0.0,0,Benign,train
23766056,42.0,63.0,1.0,0.0,6,0.0,0.0,4,42,42,0.0,0.0,0.0,0.0,0.0,0.0,0.0,2,0.0,0,Benign,train
36008260,42.0,63.0,1.0,0.0,6,0.0,0.0,4,42,42,0.0,0.0,0.0,0.0,0.0,0.0,0.0,2,0.0,0,Benign,train
31609320,42.0,63.0,1.0,0.0,6,0.0,0.0,4,84,84,0.387274,2.582154,130.123917,2.582154,130.123917,0.387274,2.582154,2,2.582154,0,Benign,train
51904,102.0,252.0,4.0,0.0,1,0.0,0.0,2,102,200,0.0,0.000116,0.0,0.000116,0.0,8620.689453,0.000116,2,0.000116,0,Benign,train
5332860,74.0,249.0,7.0,0.0,4,0.0,0.0,4,74,74,0.0,0.0,0.0,0.0,0.0,0.0,0.0,1,0.0,0,Benign,test
6961964,176.666672,64.0,0.0,0.0,1,0.0,0.0,4,530,730,30.320946,0.065961,59186.48438,0.065961,42934.46094,75.802361,0.065961,2,0.065961,0,Benign,train
34531612,42.0,63.0,1.0,0.0,6,0.0,0.0,4,42,42,0.0,0.0,0.0,0.0,0.0,0.0,0.0,2,0.0,0,Benign,train
16648436,74.0,249.0,7.0,0.0,4,0.0,0.0,4,74,74,0.0,0.0,0.0,0.0,0.0,0.0,0.0,1,0.0,0,Benign,validation
24664704,42.0,63.0,1.0,0.0,6,0.0,0.0,4,42,42,0.0,0.0,0.0,0.0,0.0,0.0,0.0,2,0.0,0,Benign,train
21239868,42.0,63.0,1.0,0.0,6,0.0,0.0,4,42,42,0.0,0.0,0.0,0.0,0.0,0.0,0.0,2,0.0,0,Benign,test
30190312,42.0,63.0,1.0,0.0,6,0.0,0.0,4,84,84,0.388635,2.573107,130.581436,2.573107,130.581436,0.388635,2.573107,2,2.573107,0,Benign,train
27044820,42.0,63.0,1.0,0.0,6,0.0,0.0,4,42,42,0.0,0.0,0.0,0.0,0.0,0.0,0.0,2,0.0,0,Benign,test
5043816,74.0,249.0,7.0,0.0,4,0.0,0.0,4,74,74,0.0,0.0,0.0,0.0,0.0,0.0,0.0,1,0.0,0,Benign,test
35653604,42.0,63.0,1.0,0.0,6,0.0,0.0,4,84,84,0.388121,2.576519,130.408508,2.576519,130.408508,0.388121,2.576519,2,2.576519,0,Benign,train
29984024,42.0,63.0,1.0,0.0,6,0.0,0.0,4,84,84,0.388938,2.571106,130.68306,2.571106,130.68306,0.388938,2.571106,2,2.571106,0,Benign,validation
35347884,42.0,63.0,1.0,0.0,6,0.0,0.0,4,84,84,0.38786,2.578252,130.320847,2.578252,130.320847,0.38786,2.578252,2,2.578252,0,Benign,validation
2990240,74.0,249.0,7.0,0.0,4,0.0,0.0,4,74,74,0.0,0.0,0.0,0.0,0.0,0.0,0.0,1,0.0,0,Benign,train
20265068,42.0,63.0,1.0,0.0,6,0.0,0.0,4,42,42,0.0,0.0,0.0,0.0,0.0,0.0,0.0,2,0.0,0,Benign,test
16957124,42.0,63.0,1.0,0.0,4,0.0,0.0,4,42,42,0.0,0.0,0.0,0.0,0.0,0.0,0.0,1,0.0,0,Benign,train
32399888,42.0,63.0,1.0,0.0,6,0.0,0.0,4,42,42,0.0,0.0,0.0,0.0,0.0,0.0,0.0,2,0.0,0,Benign,train
25781000,42.0,63.0,1.0,0.0,4,0.0,0.0,4,84,84,0.389199,2.569379,130.770889,2.569379,130.770889,0.389199,2.569379,1,2.569379,0,Benign,train
38826732,42.0,63.0,1.0,0.0,6,0.0,0.0,4,42,42,0.0,0.0,0.0,0.0,0.0,0.0,0.0,2,0.0,0,Benign,validation
15883636,1355.760254,117.0,11.0,0.0,1,0.0,0.0,4,265729,269477,39.020714,4.997346,428795.625,4.997346,423223.0625,41.822201,4.997346,2,4.997346,0,Benign,train
19419196,42.0,63.0,1.0,0.0,4,0.0,0.0,4,42,42,0.0,0.0,0.0,0.0,0.0,0.0,0.0,1,0.0,0,Benign,validation
36343652,42.0,63.0,1.0,0.0,6,0.0,0.0,4,84,84,0.387959,2.577593,130.354172,2.577593,130.354172,0.387959,2.577593,2,2.577593,0,Benign,test
16771124,42.0,63.0,1.0,0.0,4,0.0,0.0,4,84,84,0.355862,2.810081,119.569504,2.810081,119.569504,0.355862,2.810081,1,2.810081,0,Benign,train
25223992,42.0,63.0,1.0,0.0,6,0.0,0.0,4,42,42,0.0,0.0,0.0,0.0,0.0,0.0,0.0,2,0.0,0,Benign,train
24175688,42.0,63.0,1.0,0.0,6,0.0,0.0,4,84,84,0.387861,2.578246,130.321152,2.578246,130.321152,0.387861,2.578246,2,2.578246,0,Benign,train
1473532,98.0,58.0,6.0,0.0,2,0.0,0.0,0,98,98,0.0,0.0,0.0,0.0,0.0,0.0,0.0,1,0.0,0,Benign,validation
1724824,60.0,255.0,1.0,0.0,4,0.0,0.0,4,60,60,0.0,0.0,0.0,0.0,0.0,0.0,0.0,1,0.0,0,Benign,test
29280388,42.0,63.0,1.0,0.0,6,0.0,0.0,4,84,84,0.387928,2.577796,130.343903,2.577796,130.343903,0.387928,2.577796,2,2.577796,0,Benign,train
5944248,74.0,249.0,7.0,0.0,4,0.0,0.0,4,74,74,0.0,0.0,0.0,0.0,0.0,0.0,0.0,1,0.0,0,Benign,train
19571804,42.0,63.0,1.0,0.0,4,0.0,0.0,4,42,42,0.0,0.0,0.0,0.0,0.0,0.0,0.0,1,0.0,0,Benign,validation
38228188,42.0,63.0,1.0,0.0,6,0.0,0.0,4,42,42,0.0,0.0,0.0,0.0,0.0,0.0,0.0,2,0.0,0,Benign,train
31527672,42.0,63.0,1.0,0.0,6,0.0,0.0,4,42,42,0.0,0.0,0.0,0.0,0.0,0.0,0.0,2,0.0,0,Benign,train
581460,1347.568604,117.0,11.0,0.0,1,0.0,0.0,4,206178,211196,30.43218,4.994713,335764.6563,4.994713,328076.5313,35.037048,4.994713,2,4.994713,0,Benign,test
1247008,74.0,249.0,7.0,0.0,4,0.0,0.0,4,74,74,0.0,0.0,0.0,0.0,0.0,0.0,0.0,1,0.0,0,Benign,train
18217332,42.0,63.0,1.0,0.0,4,0.0,0.0,4,42,42,0.0,0.0,0.0,0.0,0.0,0.0,0.0,1,0.0,0,Benign,train
17356732,74.0,249.0,7.0,0.0,4,0.0,0.0,4,74,74,0.0,0.0,0.0,0.0,0.0,0.0,0.0,1,0.0,0,Benign,train
1104844,74.0,249.0,7.0,0.0,4,0.0,0.0,4,74,74,0.0,0.0,0.0,0.0,0.0,0.0,0.0,1,0.0,0,Benign,test
16720564,74.0,249.0,7.0,0.0,4,0.0,0.0,4,74,74,0.0,0.0,0.0,0.0,0.0,0.0,0.0,1,0.0,0,Benign,train
4369580,74.0,249.0,7.0,0.0,4,0.0,0.0,4,74,74,0.0,0.0,0.0,0.0,0.0,0.0,0.0,1,0.0,0,Benign,test
587928,98.0,58.0,6.0,0.0,2,0.0,0.0,0,98,196,0.0,0.07422,0.0,0.07422,0.0,13.473457,0.07422,1,0.07422,0,Benign,validation
1396888,74.0,249.0,7.0,0.0,4,0.0,0.0,4,74,74,0.0,0.0,0.0,0.0,0.0,0.0,0.0,1,0.0,0,Benign,train
25100288,42.0,63.0,1.0,0.0,6,0.0,0.0,4,42,42,0.0,0.0,0.0,0.0,0.0,0.0,0.0,2,0.0,0,Benign,train
74928,1289.434814,47.0,17.0,0.0,1,0.0,0.0,4,59314,60998,9.000142,4.999921,95151.90625,4.999921,92841.46875,10.400165,4.999921,2,4.999921,0,Benign,validation
32742736,42.0,63.0,1.0,0.0,6,0.0,0.0,4,42,42,0.0,0.0,0.0,0.0,0.0,0.0,0.0,2,0.0,0,Benign,validation
35106772,42.0,63.0,1.0,0.0,6,0.0,0.0,4,42,42,0.0,0.0,0.0,0.0,0.0,0.0,0.0,2,0.0,0,Benign,train
1171896,74.0,249.0,7.0,0.0,4,0.0,0.0,4,74,74,0.0,0.0,0.0,0.0,0.0,0.0,0.0,1,0.0,0,Benign,test
29075768,42.0,63.0,1.0,0.0,6,0.0,0.0,4,42,42,0.0,0.0,0.0,0.0,0.0,0.0,0.0,2,0.0,0,Benign,train
21971068,42.0,63.0,1.0,0.0,6,0.0,0.0,4,84,84,0.38755,2.580312,130.216812,2.580312,130.216812,0.38755,2.580312,2,2.580312,0,Benign,validation
16012212,42.0,63.0,1.0,0.0,4,0.0,0.0,4,42,42,0.0,0.0,0.0,0.0,0.0,0.0,0.0,1,0.0,0,Benign,train
39222928,1337.715576,117.0,11.0,0.0,1,0.0,0.0,4,145811,150113,22.058102,4.89616,242652.1875,4.89616,236060.9063,25.32597,4.89616,2,4.89616,0,Benign,train
2310272,60.0,255.0,1.0,0.0,4,0.0,0.0,4,60,60,0.0,0.0,0.0,0.0,0.0,0.0,0.0,1,0.0,0,Benign,train
21866476,42.0,63.0,1.0,0.0,6,0.0,0.0,4,42,42,0.0,0.0,0.0,0.0,0.0,0.0,0.0,2,0.0,0,Benign,train
1775692,1089.0,64.0,0.0,0.0,4,0.0,0.0,4,7623,7623,1.39756,4.293197,12175.54102,4.293197,12175.54102,1.39756,4.293197,1,4.293197,0,Benign,validation
834788,74.0,249.0,7.0,0.0,4,0.0,0.0,4,74,74,0.0,0.0,0.0,0.0,0.0,0.0,0.0,1,0.0,0,Benign,validation
25840824,42.0,63.0,1.0,0.0,6,0.0,0.0,4,84,84,0.388934,2.571129,130.681885,2.571129,130.681885,0.388934,2.571129,2,2.571129,0,Benign,test
18599260,42.0,63.0,1.0,0.0,4,0.0,0.0,4,42,42,0.0,0.0,0.0,0.0,0.0,0.0,0.0,1,0.0,0,Benign,train
5511008,74.0,249.0,7.0,0.0,4,0.0,0.0,4,74,74,0.0,0.0,0.0,0.0,0.0,0.0,0.0,1,0.0,0,Benign,train
19851716,42.0,63.0,1.0,0.0,4,0.0,0.0,4,84,84,0.385478,2.59418,129.520691,2.59418,129.520691,0.385478,2.59418,1,2.59418,0,Benign,train
17827560,42.0,63.0,1.0,0.0,4,0.0,0.0,4,42,42,0.0,0.0,0.0,0.0,0.0,0.0,0.0,1,0.0,0,Benign,train
37616492,42.0,63.0,1.0,0.0,6,0.0,0.0,4,42,42,0.0,0.0,0.0,0.0,0.0,0.0,0.0,2,0.0,0,Benign,test
17948908,74.0,249.0,7.0,0.0,4,0.0,0.0,4,74,74,0.0,0.0,0.0,0.0,0.0,0.0,0.0,1,0.0,0,Benign,train
1171976,74.0,249.0,7.0,0.0,4,0.0,0.0,4,74,74,0.0,0.0,0.0,0.0,0.0,0.0,0.0,1,0.0,0,Benign,test
62684,64.0,249.0,7.0,0.0,4,0.0,0.0,4,64,64,0.0,0.0,0.0,0.0,0.0,0.0,0.0,1,0.0,0,Benign,train
17266300,42.0,63.0,1.0,0.0,4,0.0,0.0,4,42,42,0.0,0.0,0.0,0.0,0.0,0.0,0.0,1,0.0,0,Benign,train
423728,1354.659668,117.0,11.0,0.0,1,0.0,0.0,4,322409,327367,47.4119,4.998745,521257.25,4.998745,513816.9688,50.612705,4.998745,2,4.998745,0,Benign,validation
21841116,42.0,63.0,1.0,0.0,4,0.0,0.0,4,84,84,0.387742,2.579035,130.281281,2.579035,130.281281,0.387742,2.579035,1,2.579035,0,Benign,test
24428856,42.0,63.0,1.0,0.0,6,0.0,0.0,4,84,84,0.387917,2.577868,130.340271,2.577868,130.340271,0.387917,2.577868,2,2.577868,0,Benign,train
32186388,42.0,63.0,1.0,0.0,6,0.0,0.0,4,84,84,0.388793,2.572064,130.634384,2.572064,130.634384,0.388793,2.572064,2,2.572064,0,Benign,train
1370792,74.0,249.0,7.0,0.0,4,0.0,0.0,4,74,74,0.0,0.0,0.0,0.0,0.0,0.0,0.0,1,0.0,0,Benign,train
29519648,42.0,63.0,1.0,0.0,6,0.0,0.0,4,84,84,0.387762,2.578903,130.287964,2.578903,130.287964,0.387762,2.578903,2,2.578903,0,Benign,test
19103168,42.0,63.0,1.0,0.0,4,0.0,0.0,4,42,42,0.0,0.0,0.0,0.0,0.0,0.0,0.0,1,0.0,0,Benign,validation
26801156,42.0,63.0,1.0,0.0,6,0.0,0.0,4,42,42,0.0,0.0,0.0,0.0,0.0,0.0,0.0,2,0.0,0,Benign,validation
32712576,42.0,63.0,1.0,0.0,6,0.0,0.0,4,84,84,0.387461,2.580906,130.186844,2.580906,130.186844,0.387461,2.580906,2,2.580906,0,Benign,test
15947924,98.0,58.0,6.0,0.0,2,0.0,0.0,0,98,196,0.0,0.041272,0.0,0.041272,0.0,24.229502,0.041272,1,0.041272,0,Benign,test
1816508,74.0,249.0,7.0,0.0,4,0.0,0.0,4,74,74,0.0,0.0,0.0,0.0,0.0,0.0,0.0,1,0.0,0,Benign,train
2086880,74.0,249.0,7.0,0.0,4,0.0,0.0,4,74,74,0.0,0.0,0.0,0.0,0.0,0.0,0.0,1,0.0,0,Benign,train
4637216,74.0,249.0,7.0,0.0,4,0.0,0.0,4,74,74,0.0,0.0,0.0,0.0,0.0,0.0,0.0,1,0.0,0,Benign,train
45776,1236.736084,117.0,11.0,0.0,1,0.0,0.0,4,178090,182195,28.603483,4.999391,288631.9375,4.999391,283000.875,30.003654,4.999391,2,4.999391,0,Benign,validation
31231288,42.0,63.0,1.0,0.0,6,0.0,0.0,4,42,42,0.0,0.0,0.0,0.0,0.0,0.0,0.0,2,0.0,0,Benign,validation
1373852,74.0,249.0,7.0,0.0,4,0.0,0.0,4,74,74,0.0,0.0,0.0,0.0,0.0,0.0,0.0,1,0.0,0,Benign,test
31699216,42.0,63.0,1.0,0.0,6,0.0,0.0,4,42,42,0.0,0.0,0.0,0.0,0.0,0.0,0.0,2,0.0,0,Benign,test
8565244,74.0,52.0,12.0,0.0,8,0.0,0.0,3,222,384,0.659253,3.033737,675.075012,3.033737,390.27774,1.648132,3.033737,1,3.033737,0,Benign,train
2442384,74.0,249.0,7.0,0.0,4,0.0,0.0,4,74,74,0.0,0.0,0.0,0.0,0.0,0.0,0.0,1,0.0,0,Benign,validation
19172200,42.0,63.0,1.0,0.0,4,0.0,0.0,4,84,84,0.386126,2.589831,129.73819,2.589831,129.73819,0.386126,2.589831,1,2.589831,0,Benign,train
17683636,74.0,249.0,7.0,0.0,4,0.0,0.0,4,74,74,0.0,0.0,0.0,0.0,0.0,0.0,0.0,1,0.0,0,Benign,validation
852612,74.0,64.0,0.0,0.0,6,0.0,0.0,3,74,74,0.0,0.0,0.0,0.0,0.0,0.0,0.0,2,0.0,0,Benign,train
1596524,74.0,249.0,7.0,0.0,4,0.0,0.0,4,74,74,0.0,0.0,0.0,0.0,0.0,0.0,0.0,1,0.0,0,Benign,train
19458388,42.0,63.0,1.0,0.0,4,0.0,0.0,4,84,84,0.387995,2.577351,130.366409,2.577351,130.366409,0.387995,2.577351,1,2.577351,0,Benign,validation
17826952,74.0,249.0,7.0,0.0,4,0.0,0.0,4,74,74,0.0,0.0,0.0,0.0,0.0,0.0,0.0,1,0.0,0,Benign,train
34008,1160.612915,117.0,11.0,0.0,1,0.0,0.0,4,71958,72401,12.21001,4.995901,113902.9766,4.995901,113369.7344,13.010666,4.995901,2,4.995901,0,Benign,train
36266476,42.0,63.0,1.0,0.0,6,0.0,0.0,4,42,42,0.0,0.0,0.0,0.0,0.0,0.0,0.0,2,0.0,0,Benign,train
37932972,42.0,63.0,1.0,0.0,6,0.0,0.0,4,42,42,0.0,0.0,0.0,0.0,0.0,0.0,0.0,2,0.0,0,Benign,validation
35555980,42.0,63.0,1.0,0.0,6,0.0,0.0,4,42,42,0.0,0.0,0.0,0.0,0.0,0.0,0.0,2,0.0,0,Benign,train
17961364,42.0,63.0,1.0,0.0,4,0.0,0.0,4,42,42,0.0,0.0,0.0,0.0,0.0,0.0,0.0,1,0.0,0,Benign,train
16625436,42.0,63.0,1.0,0.0,4,0.0,0.0,4,42,42,0.0,0.0,0.0,0.0,0.0,0.0,0.0,1,0.0,0,Benign,train
32283392,42.0,63.0,1.0,0.0,6,0.0,0.0,4,42,42,0.0,0.0,0.0,0.0,0.0,0.0,0.0,2,0.0,0,Benign,test
23218244,42.0,63.0,1.0,0.0,6,0.0,0.0,4,42,42,0.0,0.0,0.0,0.0,0.0,0.0,0.0,2,0.0,0,Benign,train
26287988,42.0,63.0,1.0,0.0,6,0.0,0.0,4,84,84,0.389806,2.565381,130.974701,2.565381,130.974701,0.389806,2.565381,2,2.565381,0,Benign,train
27743560,42.0,63.0,1.0,0.0,6,0.0,0.0,4,42,42,0.0,0.0,0.0,0.0,0.0,0.0,0.0,2,0.0,0,Benign,train
24154248,42.0,63.0,1.0,0.0,6,0.0,0.0,4,42,42,0.0,0.0,0.0,0.0,0.0,0.0,0.0,2,0.0,0,Benign,train
3658820,74.0,249.0,7.0,0.0,4,0.0,0.0,4,74,74,0.0,0.0,0.0,0.0,0.0,0.0,0.0,1,0.0,0,Benign,train
3309088,74.0,249.0,7.0,0.0,4,0.0,0.0,4,74,74,0.0,0.0,0.0,0.0,0.0,0.0,0.0,1,0.0,0,Benign,train
33178400,42.0,63.0,1.0,0.0,6,0.0,0.0,4,42,42,0.0,0.0,0.0,0.0,0.0,0.0,0.0,2,0.0,0,Benign,test
37159052,42.0,63.0,1.0,0.0,6,0.0,0.0,4,84,84,0.388346,2.575022,130.484329,2.575022,130.484329,0.388346,2.575022,2,2.575022,0,Benign,train
21457156,42.0,63.0,1.0,0.0,6,0.0,0.0,4,84,84,0.386405,2.587957,129.832153,2.587957,129.832153,0.386405,2.587957,2,2.587957,0,Benign,test
17483020,42.0,63.0,1.0,0.0,4,0.0,0.0,4,84,84,0.363642,2.749959,122.18364,2.749959,122.18364,0.363642,2.749959,1,2.749959,0,Benign,train
2026512,74.0,249.0,7.0,0.0,4,0.0,0.0,4,74,74,0.0,0.0,0.0,0.0,0.0,0.0,0.0,1,0.0,0,Benign,train
17978140,98.0,58.0,6.0,0.0,2,0.0,0.0,0,98,98,0.0,0.0,0.0,0.0,0.0,0.0,0.0,1,0.0,0,Benign,train
16681776,74.0,249.0,7.0,0.0,4,0.0,0.0,4,74,74,0.0,0.0,0.0,0.0,0.0,0.0,0.0,1,0.0,0,Benign,test
13690080,74.0,249.0,7.0,0.0,4,0.0,0.0,4,74,74,0.0,0.0,0.0,0.0,0.0,0.0,0.0,1,0.0,0,Benign,train
16905828,42.0,63.0,1.0,0.0,4,0.0,0.0,4,84,84,0.356874,2.802111,119.909599,2.802111,119.909599,0.356874,2.802111,1,2.802111,0,Benign,train
29975344,42.0,63.0,1.0,0.0,6,0.0,0.0,4,42,42,0.0,0.0,0.0,0.0,0.0,0.0,0.0,2,0.0,0,Benign,train
246756,98.0,58.0,6.0,0.0,2,0.0,0.0,0,98,98,0.0,0.0,0.0,0.0,0.0,0.0,0.0,1,0.0,0,Benign,test
16298492,42.0,63.0,1.0,0.0,4,0.0,0.0,4,84,84,0.351965,2.841194,118.260147,2.841194,118.260147,0.351965,2.841194,1,2.841194,0,Benign,train
23915336,42.0,63.0,1.0,0.0,4,0.0,0.0,4,84,84,0.38876,2.572283,130.62326,2.572283,130.62326,0.38876,2.572283,1,2.572283,0,Benign,train
36790388,42.0,63.0,1.0,0.0,6,0.0,0.0,4,84,84,0.388746,2.572371,130.61879,2.572371,130.61879,0.388746,2.572371,2,2.572371,0,Benign,train
18223940,42.0,63.0,1.0,0.0,4,0.0,0.0,4,42,42,0.0,0.0,0.0,0.0,0.0,0.0,0.0,1,0.0,0,Benign,train
12792,74.0,249.0,7.0,0.0,4,0.0,0.0,4,74,74,0.0,0.0,0.0,0.0,0.0,0.0,0.0,1,0.0,0,Benign,train
21329372,42.0,63.0,1.0,0.0,6,0.0,0.0,4,84,84,0.385678,2.592834,129.587936,2.592834,129.587936,0.385678,2.592834,2,2.592834,0,Benign,train
16020308,42.0,63.0,1.0,0.0,4,0.0,0.0,4,84,84,0.350042,2.856801,117.614075,2.856801,117.614075,0.350042,2.856801,1,2.856801,0,Benign,train
2093932,631.333313,64.0,0.0,0.0,1,0.0,0.0,4,1894,107103,0.405649,4.930368,170705.3125,4.930368,2049.339844,17.240093,4.930368,2,4.930368,0,Benign,train
29595648,42.0,63.0,1.0,0.0,4,0.0,0.0,4,84,84,0.388028,2.577131,130.377533,2.577131,130.377533,0.388028,2.577131,1,2.577131,0,Benign,train
26427484,42.0,63.0,1.0,0.0,6,0.0,0.0,4,42,42,0.0,0.0,0.0,0.0,0.0,0.0,0.0,2,0.0,0,Benign,train
2238468,74.0,249.0,7.0,0.0,4,0.0,0.0,4,74,74,0.0,0.0,0.0,0.0,0.0,0.0,0.0,1,0.0,0,Benign,validation
16044284,1029.555542,64.0,0.0,0.0,4,0.0,0.0,4,9266,9266,1.991548,4.016976,16404.38086,4.016976,16404.38086,1.991548,4.016976,1,4.016976,0,Benign,train
857280,835.400024,64.0,0.0,0.0,1,0.0,0.0,4,4177,6095,60.695263,0.065903,580368.125,0.065903,405687.1563,121.390526,0.065903,1,0.065903,0,Benign,validation
38214028,42.0,63.0,1.0,0.0,6,0.0,0.0,4,42,42,0.0,0.0,0.0,0.0,0.0,0.0,0.0,2,0.0,0,Benign,validation
26059148,42.0,63.0,1.0,0.0,6,0.0,0.0,4,42,42,0.0,0.0,0.0,0.0,0.0,0.0,0.0,2,0.0,0,Benign,train
26508132,42.0,63.0,1.0,0.0,6,0.0,0.0,4,84,84,0.389258,2.568992,130.790604,2.568992,130.790604,0.389258,2.568992,2,2.568992,0,Benign,train
20768676,42.0,63.0,1.0,0.0,6,0.0,0.0,4,84,84,0.386139,2.58974,129.742752,2.58974,129.742752,0.386139,2.58974,2,2.58974,0,Benign,validation
2969792,74.0,249.0,7.0,0.0,4,0.0,0.0,4,74,74,0.0,0.0,0.0,0.0,0.0,0.0,0.0,1,0.0,0,Benign,test
20275724,42.0,63.0,1.0,0.0,6,0.0,0.0,4,42,42,0.0,0.0,0.0,0.0,0.0,0.0,0.0,2,0.0,0,Benign,train
1106436,74.0,249.0,7.0,0.0,4,0.0,0.0,4,74,74,0.0,0.0,0.0,0.0,0.0,0.0,0.0,1,0.0,0,Benign,validation
104640,98.0,58.0,6.0,0.0,2,0.0,0.0,0,98,98,0.0,0.0,0.0,0.0,0.0,0.0,0.0,1,0.0,0,Benign,test
32045904,42.0,63.0,1.0,0.0,6,0.0,0.0,4,84,84,0.387893,2.578031,130.332016,2.578031,130.332016,0.387893,2.578031,2,2.578031,0,Benign,test
23489360,42.0,63.0,1.0,0.0,6,0.0,0.0,4,84,84,0.387695,2.579345,130.265625,2.579345,130.265625,0.387695,2.579345,2,2.579345,0,Benign,test
20757852,42.0,63.0,1.0,0.0,6,0.0,0.0,4,84,84,0.386649,2.586323,129.914169,2.586323,129.914169,0.386649,2.586323,2,2.586323,0,Benign,train
1362976,574.0,64.0,0.0,0.0,1,0.0,0.0,4,4018,7130,48.040356,0.124895,370102.875,0.124895,220601.3125,80.067261,0.124895,1,0.124895,0,Benign,train
28958456,42.0,63.0,1.0,0.0,6,0.0,0.0,4,42,42,0.0,0.0,0.0,0.0,0.0,0.0,0.0,2,0.0,0,Benign,train
475152,606.0,64.0,0.0,0.050153,1,0.028896,0.021257,3,606,606,0.0,0.0,0.0,0.0,0.0,0.0,0.0,2,0.0,0,Benign,train
37313116,42.0,63.0,1.0,0.0,6,0.0,0.0,4,84,84,0.38832,2.575196,130.47551,2.575196,130.47551,0.38832,2.575196,2,2.575196,0,Benign,test
16804276,42.0,63.0,1.0,0.0,4,0.0,0.0,4,42,42,0.0,0.0,0.0,0.0,0.0,0.0,0.0,1,0.0,0,Benign,train
16206424,74.0,249.0,7.0,0.0,4,0.0,0.0,4,74,74,0.0,0.0,0.0,0.0,0.0,0.0,0.0,1,0.0,0,Benign,train
24197656,42.0,63.0,1.0,0.0,6,0.0,0.0,4,84,84,0.38904,2.57043,130.717422,2.57043,130.717422,0.38904,2.57043,2,2.57043,0,Benign,train
28664616,42.0,63.0,1.0,0.0,6,0.0,0.0,4,84,84,0.387004,2.583951,130.033432,2.583951,130.033432,0.387004,2.583951,2,2.583951,0,Benign,test
29494672,42.0,63.0,1.0,0.0,6,0.0,0.0,4,84,84,0.388804,2.571988,130.638245,2.571988,130.638245,0.388804,2.571988,2,2.571988,0,Benign,train
17809488,42.0,63.0,1.0,0.0,4,0.0,0.0,4,42,42,0.0,0.0,0.0,0.0,0.0,0.0,0.0,1,0.0,0,Benign,train
2865256,74.0,249.0,7.0,0.0,4,0.0,0.0,4,74,74,0.0,0.0,0.0,0.0,0.0,0.0,0.0,1,0.0,0,Benign,train
19252944,42.0,63.0,1.0,0.0,4,0.0,0.0,4,84,84,0.387098,2.583323,130.065033,2.583323,130.065033,0.387098,2.583323,1,2.583323,0,Benign,train
18255004,42.0,63.0,1.0,0.0,4,0.0,0.0,4,42,42,0.0,0.0,0.0,0.0,0.0,0.0,0.0,1,0.0,0,Benign,train
39570988,98.0,58.0,6.0,0.0,2,0.0,0.0,0,98,98,0.0,0.0,0.0,0.0,0.0,0.0,0.0,1,0.0,0,Benign,train
25962084,42.0,63.0,1.0,0.0,6,0.0,0.0,4,42,42,0.0,0.0,0.0,0.0,0.0,0.0,0.0,2,0.0,0,Benign,train
32778480,42.0,63.0,1.0,0.0,6,0.0,0.0,4,42,42,0.0,0.0,0.0,0.0,0.0,0.0,0.0,2,0.0,0,Benign,validation
5744608,89.0,64.0,0.0,0.0,1,0.0,0.0,4,89,410,0.0,0.074076,0.0,0.074076,0.0,13.49965,0.074076,1,0.074076,0,Benign,train
29406992,42.0,63.0,1.0,0.0,6,0.0,0.0,4,42,42,0.0,0.0,0.0,0.0,0.0,0.0,0.0,2,0.0,0,Benign,train
4044956,74.0,249.0,7.0,0.0,4,0.0,0.0,4,74,74,0.0,0.0,0.0,0.0,0.0,0.0,0.0,1,0.0,0,Benign,train
4574612,121.0,64.0,0.0,0.016944,1,0.01566,0.001284,3,847,1750,29.844362,0.201043,58853.08203,0.201043,28889.34375,59.688725,0.201043,1,0.201043,0,Benign,train
17737336,42.0,63.0,1.0,0.0,4,0.0,0.0,4,84,84,0.368016,2.717271,123.653473,2.717271,123.653473,0.368016,2.717271,1,2.717271,0,Benign,train
3384,1295.450562,117.0,11.0,0.0,1,0.0,0.0,4,117886,122760,18.004057,4.998873,193901.2813,4.998873,186587.6406,21.204779,4.998873,2,4.998873,0,Benign,train
143944,98.0,58.0,6.0,0.0,2,0.0,0.0,0,98,98,0.0,0.0,0.0,0.0,0.0,0.0,0.0,1,0.0,0,Benign,train
1619080,74.0,249.0,7.0,0.0,4,0.0,0.0,4,74,74,0.0,0.0,0.0,0.0,0.0,0.0,0.0,1,0.0,0,Benign,train
1878860,198.666672,64.0,0.0,0.049727,1,0.020011,0.029716,3,1192,2636,23.836197,0.209765,79212.45313,0.209765,37909.08984,42.905155,0.209765,1,0.209765,0,Benign,test
5351792,98.0,58.0,6.0,0.0,2,0.0,0.0,0,98,98,0.0,0.0,0.0,0.0,0.0,0.0,0.0,1,0.0,0,Benign,validation
36582308,42.0,63.0,1.0,0.0,6,0.0,0.0,4,84,84,0.38897,2.570889,130.694092,2.570889,130.694092,0.38897,2.570889,2,2.570889,0,Benign,test
849664,74.0,249.0,7.0,0.0,4,0.0,0.0,4,74,74,0.0,0.0,0.0,0.0,0.0,0.0,0.0,1,0.0,0,Benign,train
16949268,42.0,63.0,1.0,0.0,4,0.0,0.0,4,42,42,0.0,0.0,0.0,0.0,0.0,0.0,0.0,1,0.0,0,Benign,test
4829940,74.0,249.0,7.0,0.0,4,0.0,0.0,4,74,74,0.0,0.0,0.0,0.0,0.0,0.0,0.0,1,0.0,0,Benign,validation
15718976,42.0,63.0,1.0,0.0,4,0.0,0.0,4,84,84,0.348555,2.86899,117.114388,2.86899,117.114388,0.348555,2.86899,1,2.86899,0,Benign,train
1001888,74.0,117.0,11.0,0.0,8,0.0,0.0,3,74,128,0.0,0.050536,0.0,0.050536,0.0,19.787874,0.050536,2,0.050536,0,Benign,train
21838844,42.0,63.0,1.0,0.0,4,0.0,0.0,4,84,84,0.387738,2.579064,130.279831,2.579064,130.279831,0.387738,2.579064,1,2.579064,0,Benign,train
2171260,74.0,249.0,7.0,0.0,4,0.0,0.0,4,74,74,0.0,0.0,0.0,0.0,0.0,0.0,0.0,1,0.0,0,Benign,validation
24543232,42.0,63.0,1.0,0.0,6,0.0,0.0,4,42,42,0.0,0.0,0.0,0.0,0.0,0.0,0.0,2,0.0,0,Benign,train
4439216,74.0,249.0,7.0,0.0,4,0.0,0.0,4,74,74,0.0,0.0,0.0,0.0,0.0,0.0,0.0,1,0.0,0,Benign,train
12585336,74.0,249.0,7.0,0.0,4,0.0,0.0,4,74,74,0.0,0.0,0.0,0.0,0.0,0.0,0.0,1,0.0,0,Benign,validation
38912652,42.0,63.0,1.0,0.0,6,0.0,0.0,4,42,42,0.0,0.0,0.0,0.0,0.0,0.0,0.0,2,0.0,0,Benign,test
3482024,74.0,249.0,7.0,0.0,4,0.0,0.0,4,74,74,0.0,0.0,0.0,0.0,0.0,0.0,0.0,1,0.0,0,Benign,test
22229020,42.0,63.0,1.0,0.0,4,0.0,0.0,4,42,42,0.0,0.0,0.0,0.0,0.0,0.0,0.0,1,0.0,0,Benign,train
32697080,42.0,63.0,1.0,0.0,6,0.0,0.0,4,84,84,0.388094,2.576692,130.39975,2.576692,130.39975,0.388094,2.576692,2,2.576692,0,Benign,train
3183376,74.0,249.0,7.0,0.0,4,0.0,0.0,4,74,74,0.0,0.0,0.0,0.0,0.0,0.0,0.0,1,0.0,0,Benign,train
15745608,42.0,63.0,1.0,0.0,4,0.0,0.0,4,84,84,0.348774,2.867188,117.187988,2.867188,117.187988,0.348774,2.867188,1,2.867188,0,Benign,test
34594428,42.0,63.0,1.0,0.0,6,0.0,0.0,4,42,42,0.0,0.0,0.0,0.0,0.0,0.0,0.0,2,0.0,0,Benign,test
32224084,42.0,63.0,1.0,0.0,6,0.0,0.0,4,84,84,0.38716,2.582914,130.085632,2.582914,130.085632,0.38716,2.582914,2,2.582914,0,Benign,validation
29963744,42.0,63.0,1.0,0.0,6,0.0,0.0,4,84,84,0.387768,2.578861,130.290085,2.578861,130.290085,0.387768,2.578861,2,2.578861,0,Benign,train
26853628,42.0,63.0,1.0,0.0,6,0.0,0.0,4,42,42,0.0,0.0,0.0,0.0,0.0,0.0,0.0,2,0.0,0,Benign,validation
36151708,42.0,63.0,1.0,0.0,6,0.0,0.0,4,42,42,0.0,0.0,0.0,0.0,0.0,0.0,0.0,2,0.0,0,Benign,train
1082976,74.0,249.0,7.0,0.0,4,0.0,0.0,4,148,148,0.229144,4.364061,135.653473,4.364061,135.653473,0.229144,4.364061,1,4.364061,0,Benign,validation
35805076,42.0,63.0,1.0,0.0,6,0.0,0.0,4,42,42,0.0,0.0,0.0,0.0,0.0,0.0,0.0,2,0.0,0,Benign,train
27561860,42.0,63.0,1.0,0.0,6,0.0,0.0,4,84,84,0.388268,2.575539,130.45813,2.575539,130.45813,0.388268,2.575539,2,2.575539,0,Benign,train
4312936,74.0,249.0,7.0,0.0,4,0.0,0.0,4,74,74,0.0,0.0,0.0,0.0,0.0,0.0,0.0,1,0.0,0,Benign,test
37547852,42.0,63.0,1.0,0.0,6,0.0,0.0,4,42,42,0.0,0.0,0.0,0.0,0.0,0.0,0.0,2,0.0,0,Benign,validation
1391444,98.0,58.0,6.0,0.0,2,0.0,0.0,0,98,98,0.0,0.0,0.0,0.0,0.0,0.0,0.0,1,0.0,0,Benign,test
22683024,42.0,63.0,1.0,0.0,6,0.0,0.0,4,42,42,0.0,0.0,0.0,0.0,0.0,0.0,0.0,2,0.0,0,Benign,test
18273452,42.0,63.0,1.0,0.0,4,0.0,0.0,4,42,42,0.0,0.0,0.0,0.0,0.0,0.0,0.0,1,0.0,0,Benign,train
36436724,42.0,63.0,1.0,0.0,6,0.0,0.0,4,42,42,0.0,0.0,0.0,0.0,0.0,0.0,0.0,2,0.0,0,Benign,train
27654224,42.0,63.0,1.0,0.0,6,0.0,0.0,4,84,84,0.387568,2.580194,130.222763,2.580194,130.222763,0.387568,2.580194,2,2.580194,0,Benign,train
5875208,74.0,249.0,7.0,0.0,4,0.0,0.0,4,74,74,0.0,0.0,0.0,0.0,0.0,0.0,0.0,1,0.0,0,Benign,train
18066500,42.0,63.0,1.0,0.0,4,0.0,0.0,4,84,84,0.37398,2.673943,125.657127,2.673943,125.657127,0.37398,2.673943,1,2.673943,0,Benign,train
5807276,74.0,249.0,7.0,0.0,4,0.0,0.0,4,74,74,0.0,0.0,0.0,0.0,0.0,0.0,0.0,1,0.0,0,Benign,train
91148,98.0,58.0,6.0,0.0,2,0.0,0.0,0,98,98,0.0,0.0,0.0,0.0,0.0,0.0,0.0,1,0.0,0,Benign,validation
15516792,42.0,63.0,1.0,0.0,4,0.0,0.0,4,84,84,0.350019,2.85699,117.606285,2.85699,117.606285,0.350019,2.85699,1,2.85699,0,Benign,train
29169580,42.0,63.0,1.0,0.0,6,0.0,0.0,4,42,42,0.0,0.0,0.0,0.0,0.0,0.0,0.0,2,0.0,0,Benign,validation
20991724,42.0,63.0,1.0,0.0,4,0.0,0.0,4,84,84,0.386269,2.58887,129.786346,2.58887,129.786346,0.386269,2.58887,1,2.58887,0,Benign,train
26293148,42.0,63.0,1.0,0.0,4,0.0,0.0,4,84,84,0.38926,2.568978,130.791306,2.568978,130.791306,0.38926,2.568978,1,2.568978,0,Benign,train
30966440,42.0,63.0,1.0,0.0,6,0.0,0.0,4,84,84,0.38822,2.575862,130.441772,2.575862,130.441772,0.38822,2.575862,2,2.575862,0,Benign,train
565344,74.0,249.0,7.0,0.0,4,0.0,0.0,4,74,74,0.0,0.0,0.0,0.0,0.0,0.0,0.0,1,0.0,0,Benign,test
16282204,42.0,63.0,1.0,0.0,4,0.0,0.0,4,42,42,0.0,0.0,0.0,0.0,0.0,0.0,0.0,1,0.0,0,Benign,validation
24884272,42.0,63.0,1.0,0.0,6,0.0,0.0,4,84,84,0.3892,2.569375,130.771103,2.569375,130.771103,0.3892,2.569375,2,2.569375,0,Benign,train
6918328,98.0,255.0,1.0,0.0,1,0.0,0.0,2,98,200,0.0,0.0,0.0,0.0,0.0,0.0,0.0,2,0.0,0,Benign,train
3083616,74.0,249.0,7.0,0.0,4,0.0,0.0,4,74,74,0.0,0.0,0.0,0.0,0.0,0.0,0.0,1,0.0,0,Benign,train
17518260,42.0,63.0,1.0,0.0,4,0.0,0.0,4,42,42,0.0,0.0,0.0,0.0,0.0,0.0,0.0,1,0.0,0,Benign,train
24413928,42.0,63.0,1.0,0.0,6,0.0,0.0,4,42,42,0.0,0.0,0.0,0.0,0.0,0.0,0.0,2,0.0,0,Benign,validation
6824852,98.0,58.0,6.0,0.0,2,0.0,0.0,0,98,196,0.0,0.048161,0.0,0.048161,0.0,20.763689,0.048161,1,0.048161,0,Benign,train
174092,1255.127686,117.0,11.0,0.0,1,0.0,0.0,4,176973,181067,28.046288,4.991748,287238.875,4.991748,281613.5938,29.448603,4.991748,2,4.991748,0,Benign,train
601456,1368.25,117.0,11.0,0.0,1,0.0,0.0,4,350272,354656,51.008648,4.999152,565038.1875,4.999152,558341.0625,55.409397,4.999152,2,4.999152,0,Benign,validation
122236,197.0,116.0,12.0,0.0,1,0.0,0.0,3,2758,8596,165.306061,0.078642,780244.625,0.078642,260522.3594,267.032867,0.078642,2,0.078642,0,Benign,test
1788864,98.0,58.0,6.0,0.0,2,0.0,0.0,0,98,98,0.0,0.0,0.0,0.0,0.0,0.0,0.0,1,0.0,0,Benign,test
37230116,42.0,63.0,1.0,0.0,6,0.0,0.0,4,42,42,0.0,0.0,0.0,0.0,0.0,0.0,0.0,2,0.0,0,Benign,test
1628472,98.0,58.0,6.0,0.0,2,0.0,0.0,0,98,98,0.0,0.0,0.0,0.0,0.0,0.0,0.0,1,0.0,0,Benign,test
3160484,74.0,249.0,7.0,0.0,4,0.0,0.0,4,74,74,0.0,0.0,0.0,0.0,0.0,0.0,0.0,1,0.0,0,Benign,validation
32825112,42.0,63.0,1.0,0.0,6,0.0,0.0,4,84,84,0.388039,2.577062,130.381042,2.577062,130.381042,0.388039,2.577062,2,2.577062,0,Benign,train
31580992,42.0,63.0,1.0,0.0,6,0.0,0.0,4,42,42,0.0,0.0,0.0,0.0,0.0,0.0,0.0,2,0.0,0,Benign,validation
2845700,74.0,249.0,7.0,0.0,4,0.0,0.0,4,74,74,0.0,0.0,0.0,0.0,0.0,0.0,0.0,1,0.0,0,Benign,validation
31924352,42.0,63.0,1.0,0.0,6,0.0,0.0,4,84,84,0.387454,2.580949,130.184662,2.580949,130.184662,0.387454,2.580949,2,2.580949,0,Benign,validation
38067316,42.0,63.0,1.0,0.0,6,0.0,0.0,4,42,42,0.0,0.0,0.0,0.0,0.0,0.0,0.0,2,0.0,0,Benign,train
807412,74.0,249.0,7.0,0.0,4,0.0,0.0,4,74,74,0.0,0.0,0.0,0.0,0.0,0.0,0.0,1,0.0,0,Benign,train
21769236,42.0,63.0,1.0,0.0,6,0.0,0.0,4,42,42,0.0,0.0,0.0,0.0,0.0,0.0,0.0,2,0.0,0,Benign,test
29865392,42.0,63.0,1.0,0.0,6,0.0,0.0,4,42,42,0.0,0.0,0.0,0.0,0.0,0.0,0.0,2,0.0,0,Benign,test
252008,90.333336,116.0,12.0,0.0,3,0.0,0.0,3,271,532,8.798673,0.227307,12494.11523,0.227307,6370.239258,21.996683,0.227307,1,0.227307,0,Benign,train
18958968,42.0,63.0,1.0,0.0,4,0.0,0.0,4,42,42,0.0,0.0,0.0,0.0,0.0,0.0,0.0,1,0.0,0,Benign,train
34893964,42.0,63.0,1.0,0.0,6,0.0,0.0,4,42,42,0.0,0.0,0.0,0.0,0.0,0.0,0.0,2,0.0,0,Benign,validation
6140376,98.0,58.0,6.0,0.0,2,0.0,0.0,0,98,98,0.0,0.0,0.0,0.0,0.0,0.0,0.0,1,0.0,0,Benign,validation
531488,60.0,255.0,1.0,0.0,4,0.0,0.0,4,60,60,0.0,0.0,0.0,0.0,0.0,0.0,0.0,1,0.0,0,Benign,validation
20672436,42.0,63.0,1.0,0.0,6,0.0,0.0,4,84,84,0.386224,2.589173,129.771164,2.589173,129.771164,0.386224,2.589173,2,2.589173,0,Benign,validation
28195912,42.0,63.0,1.0,0.0,6,0.0,0.0,4,42,42,0.0,0.0,0.0,0.0,0.0,0.0,0.0,2,0.0,0,Benign,train
22169580,42.0,63.0,1.0,0.0,6,0.0,0.0,4,84,84,0.38753,2.580446,130.210052,2.580446,130.210052,0.38753,2.580446,2,2.580446,0,Benign,validation
3405268,74.0,249.0,7.0,0.0,4,0.0,0.0,4,74,74,0.0,0.0,0.0,0.0,0.0,0.0,0.0,1,0.0,0,Benign,validation
2162492,74.0,249.0,7.0,0.0,4,0.0,0.0,4,74,74,0.0,0.0,0.0,0.0,0.0,0.0,0.0,1,0.0,0,Benign,validation
20805476,42.0,63.0,1.0,0.0,6,0.0,0.0,4,84,84,0.385817,2.591902,129.634537,2.591902,129.634537,0.385817,2.591902,2,2.591902,0,Benign,train
27514380,42.0,63.0,1.0,0.0,6,0.0,0.0,4,84,84,0.388145,2.576356,130.416763,2.576356,130.416763,0.388145,2.576356,2,2.576356,0,Benign,train
22260420,42.0,63.0,1.0,0.0,6,0.0,0.0,4,42,42,0.0,0.0,0.0,0.0,0.0,0.0,0.0,2,0.0,0,Benign,validation
38563092,42.0,63.0,1.0,0.0,6,0.0,0.0,4,42,42,0.0,0.0,0.0,0.0,0.0,0.0,0.0,2,0.0,0,Benign,train
1811160,74.0,64.0,0.0,0.0,6,0.0,0.0,3,74,74,0.0,0.0,0.0,0.0,0.0,0.0,0.0,2,0.0,0,Benign,validation
637796,74.0,249.0,7.0,0.0,4,0.0,0.0,4,74,74,0.0,0.0,0.0,0.0,0.0,0.0,0.0,1,0.0,0,Benign,train
7041648,98.0,58.0,6.0,0.0,2,0.0,0.0,0,98,196,0.0,0.100311,0.0,0.100311,0.0,9.968996,0.100311,1,0.100311,0,Benign,test
21149132,42.0,63.0,1.0,0.0,4,0.0,0.0,4,84,84,0.385974,2.590845,129.687408,2.590845,129.687408,0.385974,2.590845,1,2.590845,0,Benign,test
17675536,42.0,63.0,1.0,0.0,4,0.0,0.0,4,42,42,0.0,0.0,0.0,0.0,0.0,0.0,0.0,1,0.0,0,Benign,validation
32193060,42.0,63.0,1.0,0.0,6,0.0,0.0,4,84,84,0.387422,2.581167,130.173676,2.581167,130.173676,0.387422,2.581167,2,2.581167,0,Benign,train
26324844,42.0,63.0,1.0,0.0,6,0.0,0.0,4,42,42,0.0,0.0,0.0,0.0,0.0,0.0,0.0,2,0.0,0,Benign,test
23021596,42.0,63.0,1.0,0.0,6,0.0,0.0,4,42,42,0.0,0.0,0.0,0.0,0.0,0.0,0.0,2,0.0,0,Benign,train
19001344,42.0,63.0,1.0,0.0,4,0.0,0.0,4,84,84,0.387114,2.583218,130.070312,2.583218,130.070312,0.387114,2.583218,1,2.583218,0,Benign,validation
53584,74.0,249.0,7.0,0.0,4,0.0,0.0,4,74,74,0.0,0.0,0.0,0.0,0.0,0.0,0.0,1,0.0,0,Benign,test
1920620,100.0,252.0,4.0,0.0,1,0.0,0.0,2,200,392,0.260204,3.843135,408.000214,3.843135,208.163376,0.780613,3.843135,2,3.843135,0,Benign,train
6858316,98.0,58.0,6.0,0.0,2,0.0,0.0,0,98,98,0.0,0.0,0.0,0.0,0.0,0.0,0.0,1,0.0,0,Benign,train
12357204,74.0,249.0,7.0,0.0,4,0.0,0.0,4,74,74,0.0,0.0,0.0,0.0,0.0,0.0,0.0,1,0.0,0,Benign,train
35779924,42.0,63.0,1.0,0.0,6,0.0,0.0,4,42,42,0.0,0.0,0.0,0.0,0.0,0.0,0.0,2,0.0,0,Benign,validation
16490480,74.0,64.0,0.0,0.0,6,0.0,0.0,3,74,74,0.0,0.0,0.0,0.0,0.0,0.0,0.0,2,0.0,0,Benign,train
1005052,74.0,249.0,7.0,0.0,4,0.0,0.0,4,148,148,0.241133,4.14709,142.750702,4.14709,142.750702,0.241133,4.14709,1,4.14709,0,Benign,train
16439480,74.0,249.0,7.0,0.0,4,0.0,0.0,4,74,74,0.0,0.0,0.0,0.0,0.0,0.0,0.0,1,0.0,0,Benign,validation
33136208,42.0,63.0,1.0,0.0,6,0.0,0.0,4,84,84,0.387882,2.578103,130.328384,2.578103,130.328384,0.387882,2.578103,2,2.578103,0,Benign,train
3651540,74.0,249.0,7.0,0.0,4,0.0,0.0,4,74,74,0.0,0.0,0.0,0.0,0.0,0.0,0.0,1,0.0,0,Benign,validation
17289812,42.0,63.0,1.0,0.0,4,0.0,0.0,4,42,42,0.0,0.0,0.0,0.0,0.0,0.0,0.0,1,0.0,0,Benign,validation
16963844,74.0,249.0,7.0,0.0,4,0.0,0.0,4,148,148,0.240215,4.162931,142.207504,4.162931,142.207504,0.240215,4.162931,1,4.162931,0,Benign,validation
27015468,42.0,63.0,1.0,0.0,6,0.0,0.0,4,42,42,0.0,0.0,0.0,0.0,0.0,0.0,0.0,2,0.0,0,Benign,test
2574532,74.0,249.0,7.0,0.0,4,0.0,0.0,4,74,74,0.0,0.0,0.0,0.0,0.0,0.0,0.0,1,0.0,0,Benign,train
1934392,74.0,249.0,7.0,0.0,4,0.0,0.0,4,74,74,0.0,0.0,0.0,0.0,0.0,0.0,0.0,1,0.0,0,Benign,train
16274820,42.0,63.0,1.0,0.0,4,0.0,0.0,4,42,42,0.0,0.0,0.0,0.0,0.0,0.0,0.0,1,0.0,0,Benign,train
15498184,42.0,63.0,1.0,0.0,4,0.0,0.0,4,84,84,0.356909,2.801833,119.921501,2.801833,119.921501,0.356909,2.801833,1,2.801833,0,Benign,validation
1687860,176.333328,64.0,0.0,0.0,1,0.0,0.0,4,529,732,37.837227,0.052858,74009.60938,0.052858,53426.16016,94.593063,0.052858,2,0.052858,0,Benign,train
1941084,74.0,249.0,7.0,0.0,4,0.0,0.0,4,74,74,0.0,0.0,0.0,0.0,0.0,0.0,0.0,1,0.0,0,Benign,train
1784516,74.0,249.0,7.0,0.0,4,0.0,0.0,4,74,74,0.0,0.0,0.0,0.0,0.0,0.0,0.0,1,0.0,0,Benign,test
1094476,98.0,58.0,6.0,0.0,2,0.0,0.0,0,98,98,0.0,0.0,0.0,0.0,0.0,0.0,0.0,1,0.0,0,Benign,train
35083012,42.0,63.0,1.0,0.0,6,0.0,0.0,4,42,42,0.0,0.0,0.0,0.0,0.0,0.0,0.0,2,0.0,0,Benign,validation
20648380,42.0,63.0,1.0,0.0,6,0.0,0.0,4,84,84,0.385977,2.590825,129.688416,2.590825,129.688416,0.385977,2.590825,2,2.590825,0,Benign,train
3569832,74.0,249.0,7.0,0.0,4,0.0,0.0,4,74,74,0.0,0.0,0.0,0.0,0.0,0.0,0.0,1,0.0,0,Benign,train
10061800,66.0,64.0,0.0,0.021712,1,0.020596,0.001116,3,66,132,0.0,0.000946,0.0,0.000946,0.0,1057.08252,0.000946,2,0.000946,0,Benign,train
27311036,42.0,63.0,1.0,0.0,6,0.0,0.0,4,42,42,0.0,0.0,0.0,0.0,0.0,0.0,0.0,2,0.0,0,Benign,train
4477036,74.0,249.0,7.0,0.0,4,0.0,0.0,4,74,74,0.0,0.0,0.0,0.0,0.0,0.0,0.0,1,0.0,0,Benign,train
19478568,42.0,63.0,1.0,0.0,4,0.0,0.0,4,42,42,0.0,0.0,0.0,0.0,0.0,0.0,0.0,1,0.0,0,Benign,train
7028000,1312.226807,117.0,11.0,0.0,1,0.0,0.0,4,127286,131159,19.203003,4.999218,207400.4219,4.999218,201589.9219,22.403503,4.999218,2,4.999218,0,Benign,train
36595804,42.0,63.0,1.0,0.0,6,0.0,0.0,4,84,84,0.388528,2.573814,130.545563,2.573814,130.545563,0.388528,2.573814,2,2.573814,0,Benign,train
29994888,42.0,63.0,1.0,0.0,6,0.0,0.0,4,42,42,0.0,0.0,0.0,0.0,0.0,0.0,0.0,2,0.0,0,Benign,train
28480672,42.0,63.0,1.0,0.0,6,0.0,0.0,4,42,42,0.0,0.0,0.0,0.0,0.0,0.0,0.0,2,0.0,0,Benign,train
19526048,42.0,63.0,1.0,0.0,4,0.0,0.0,4,42,42,0.0,0.0,0.0,0.0,0.0,0.0,0.0,1,0.0,0,Benign,test
16663276,74.0,249.0,7.0,0.0,4,0.0,0.0,4,74,74,0.0,0.0,0.0,0.0,0.0,0.0,0.0,1,0.0,0,Benign,validation
3877264,74.0,249.0,7.0,0.0,4,0.0,0.0,4,74,74,0.0,0.0,0.0,0.0,0.0,0.0,0.0,1,0.0,0,Benign,train
28420248,42.0,63.0,1.0,0.0,6,0.0,0.0,4,42,42,0.0,0.0,0.0,0.0,0.0,0.0,0.0,2,0.0,0,Benign,train
27286828,42.0,63.0,1.0,0.0,6,0.0,0.0,4,42,42,0.0,0.0,0.0,0.0,0.0,0.0,0.0,2,0.0,0,Benign,train
116912,245.5,64.0,0.0,0.0,1,0.0,0.0,4,2455,6764,63.566051,0.141585,341335.5625,0.141585,124871.9766,127.132103,0.141585,1,0.141585,0,Benign,test
36457436,42.0,63.0,1.0,0.0,6,0.0,0.0,4,84,84,0.388775,2.572179,130.62854,2.572179,130.62854,0.388775,2.572179,2,2.572179,0,Benign,train
28185280,42.0,63.0,1.0,0.0,6,0.0,0.0,4,42,42,0.0,0.0,0.0,0.0,0.0,0.0,0.0,2,0.0,0,Benign,test
60312,64.0,249.0,7.0,0.0,4,0.0,0.0,4,64,64,0.0,0.0,0.0,0.0,0.0,0.0,0.0,1,0.0,0,Benign,validation
4740080,74.0,249.0,7.0,0.0,4,0.0,0.0,4,74,74,0.0,0.0,0.0,0.0,0.0,0.0,0.0,1,0.0,0,Benign,train
16353404,42.0,63.0,1.0,0.0,4,0.0,0.0,4,84,84,0.352025,2.84071,118.280289,2.84071,118.280289,0.352025,2.84071,1,2.84071,0,Benign,train
105852,98.0,58.0,6.0,0.0,2,0.0,0.0,0,98,98,0.0,0.0,0.0,0.0,0.0,0.0,0.0,1,0.0,0,Benign,train
1621880,74.0,249.0,7.0,0.0,4,0.0,0.0,4,74,74,0.0,0.0,0.0,0.0,0.0,0.0,0.0,1,0.0,0,Benign,train
22250764,42.0,63.0,1.0,0.0,6,0.0,0.0,4,84,84,0.387927,2.577803,130.343552,2.577803,130.343552,0.387927,2.577803,2,2.577803,0,Benign,train
17337536,74.0,249.0,7.0,0.0,4,0.0,0.0,4,74,74,0.0,0.0,0.0,0.0,0.0,0.0,0.0,1,0.0,0,Benign,train
23174404,42.0,63.0,1.0,0.0,6,0.0,0.0,4,42,42,0.0,0.0,0.0,0.0,0.0,0.0,0.0,2,0.0,0,Benign,train
38650476,42.0,63.0,1.0,0.0,6,0.0,0.0,4,42,42,0.0,0.0,0.0,0.0,0.0,0.0,0.0,2,0.0,0,Benign,validation
33600816,42.0,63.0,1.0,0.0,6,0.0,0.0,4,42,42,0.0,0.0,0.0,0.0,0.0,0.0,0.0,2,0.0,0,Benign,train
16924608,74.0,249.0,7.0,0.0,4,0.0,0.0,4,148,148,0.224597,4.45242,132.961395,4.45242,132.961395,0.224597,4.45242,1,4.45242,0,Benign,train
24735112,42.0,63.0,1.0,0.0,6,0.0,0.0,4,42,42,0.0,0.0,0.0,0.0,0.0,0.0,0.0,2,0.0,0,Benign,train
24144048,42.0,63.0,1.0,0.0,6,0.0,0.0,4,84,84,0.387984,2.577427,130.362564,2.577427,130.362564,0.387984,2.577427,2,2.577427,0,Benign,validation
19616620,42.0,63.0,1.0,0.0,4,0.0,0.0,4,84,84,0.388049,2.576993,130.384521,2.576993,130.384521,0.388049,2.576993,1,2.576993,0,Benign,train
17118348,42.0,63.0,1.0,0.0,4,0.0,0.0,4,42,42,0.0,0.0,0.0,0.0,0.0,0.0,0.0,1,0.0,0,Benign,test
31740096,42.0,63.0,1.0,0.0,6,0.0,0.0,4,84,84,0.388177,2.576142,130.427582,2.576142,130.427582,0.388177,2.576142,2,2.576142,0,Benign,train
1814504,74.0,249.0,7.0,0.0,4,0.0,0.0,4,74,74,0.0,0.0,0.0,0.0,0.0,0.0,0.0,1,0.0,0,Benign,validation
23421384,42.0,63.0,1.0,0.0,4,0.0,0.0,4,84,84,0.388493,2.57405,130.5336,2.57405,130.5336,0.388493,2.57405,1,2.57405,0,Benign,train
32366088,42.0,63.0,1.0,0.0,6,0.0,0.0,4,84,84,0.387848,2.57833,130.31691,2.57833,130.31691,0.387848,2.57833,2,2.57833,0,Benign,train
39417520,177.0,64.0,0.0,0.0,1,0.0,0.0,4,531,670,37.913971,0.052751,64302.09766,0.052751,53686.18359,75.827942,0.052751,2,0.052751,0,Benign,train
32928960,42.0,63.0,1.0,0.0,6,0.0,0.0,4,42,42,0.0,0.0,0.0,0.0,0.0,0.0,0.0,2,0.0,0,Benign,train
28478856,42.0,63.0,1.0,0.0,6,0.0,0.0,4,84,84,0.387798,2.578663,130.300079,2.578663,130.300079,0.387798,2.578663,2,2.578663,0,Benign,test
32406336,42.0,63.0,1.0,0.0,6,0.0,0.0,4,84,84,0.388255,2.575624,130.453827,2.575624,130.453827,0.388255,2.575624,2,2.575624,0,Benign,train
233432,98.0,58.0,6.0,0.0,2,0.0,0.0,0,98,98,0.0,0.0,0.0,0.0,0.0,0.0,0.0,1,0.0,0,Benign,test
16459068,42.0,63.0,1.0,0.0,4,0.0,0.0,4,84,84,0.352882,2.833807,118.568413,2.833807,118.568413,0.352882,2.833807,1,2.833807,0,Benign,validation
25141456,42.0,63.0,1.0,0.0,6,0.0,0.0,4,84,84,0.38835,2.574994,130.485733,2.574994,130.485733,0.38835,2.574994,2,2.574994,0,Benign,train
20187556,42.0,63.0,1.0,0.0,6,0.0,0.0,4,42,42,0.0,0.0,0.0,0.0,0.0,0.0,0.0,2,0.0,0,Benign,train
32432584,42.0,63.0,1.0,0.0,6,0.0,0.0,4,84,84,0.387295,2.582013,130.131027,2.582013,130.131027,0.387295,2.582013,2,2.582013,0,Benign,test
1448444,74.0,249.0,7.0,0.0,4,0.0,0.0,4,74,74,0.0,0.0,0.0,0.0,0.0,0.0,0.0,1,0.0,0,Benign,train
36483468,42.0,63.0,1.0,0.0,6,0.0,0.0,4,84,84,0.388379,2.574808,130.495178,2.574808,130.495178,0.388379,2.574808,2,2.574808,0,Benign,test
27164788,42.0,63.0,1.0,0.0,6,0.0,0.0,4,42,42,0.0,0.0,0.0,0.0,0.0,0.0,0.0,2,0.0,0,Benign,train
1477524,74.0,249.0,7.0,0.0,4,0.0,0.0,4,74,74,0.0,0.0,0.0,0.0,0.0,0.0,0.0,1,0.0,0,Benign,train
19195064,42.0,63.0,1.0,0.0,4,0.0,0.0,4,42,42,0.0,0.0,0.0,0.0,0.0,0.0,0.0,1,0.0,0,Benign,train
3386036,74.0,249.0,7.0,0.0,4,0.0,0.0,4,74,74,0.0,0.0,0.0,0.0,0.0,0.0,0.0,1,0.0,0,Benign,train
1671360,74.0,249.0,7.0,0.0,4,0.0,0.0,4,74,74,0.0,0.0,0.0,0.0,0.0,0.0,0.0,1,0.0,0,Benign,validation
12022404,98.0,58.0,6.0,0.0,2,0.0,0.0,0,98,98,0.0,0.0,0.0,0.0,0.0,0.0,0.0,1,0.0,0,Benign,train
32226972,42.0,63.0,1.0,0.0,6,0.0,0.0,4,84,84,0.387638,2.579727,130.246338,2.579727,130.246338,0.387638,2.579727,2,2.579727,0,Benign,train
6435696,176.666672,64.0,0.0,0.0,1,0.0,0.0,4,530,730,25.513458,0.07839,49802.26953,0.07839,36127.05469,63.783646,0.07839,2,0.07839,0,Benign,train
31901480,42.0,63.0,1.0,0.0,6,0.0,0.0,4,84,84,0.388159,2.576264,130.421417,2.576264,130.421417,0.388159,2.576264,2,2.576264,0,Benign,validation
3573260,74.0,249.0,7.0,0.0,4,0.0,0.0,4,74,74,0.0,0.0,0.0,0.0,0.0,0.0,0.0,1,0.0,0,Benign,train
37929212,42.0,63.0,1.0,0.0,6,0.0,0.0,4,42,42,0.0,0.0,0.0,0.0,0.0,0.0,0.0,2,0.0,0,Benign,validation
31390800,42.0,63.0,1.0,0.0,6,0.0,0.0,4,84,84,0.387188,2.582723,130.095261,2.582723,130.095261,0.387188,2.582723,2,2.582723,0,Benign,train
33441040,42.0,63.0,1.0,0.0,6,0.0,0.0,4,84,84,0.387915,2.577884,130.339462,2.577884,130.339462,0.387915,2.577884,2,2.577884,0,Benign,validation
16771364,74.0,249.0,7.0,0.0,4,0.0,0.0,4,74,74,0.0,0.0,0.0,0.0,0.0,0.0,0.0,1,0.0,0,Benign,validation
24055272,42.0,63.0,1.0,0.0,6,0.0,0.0,4,42,42,0.0,0.0,0.0,0.0,0.0,0.0,0.0,2,0.0,0,Benign,train
20402524,42.0,63.0,1.0,0.0,6,0.0,0.0,4,84,84,0.386727,2.585805,129.940201,2.585805,129.940201,0.386727,2.585805,2,2.585805,0,Benign,train
2520984,74.0,249.0,7.0,0.0,4,0.0,0.0,4,74,74,0.0,0.0,0.0,0.0,0.0,0.0,0.0,1,0.0,0,Benign,train
26382204,42.0,63.0,1.0,0.0,6,0.0,0.0,4,84,84,0.390491,2.560877,131.205048,2.560877,131.205048,0.390491,2.560877,2,2.560877,0,Benign,train
1680928,698.0,64.0,0.0,0.0,1,0.0,0.0,4,3490,5179,35.765701,0.111839,280260.0313,0.111839,199715.6719,62.589973,0.111839,2,0.111839,0,Benign,train
37940972,42.0,63.0,1.0,0.0,6,0.0,0.0,4,42,42,0.0,0.0,0.0,0.0,0.0,0.0,0.0,2,0.0,0,Benign,train
31632776,42.0,63.0,1.0,0.0,6,0.0,0.0,4,84,84,0.388039,2.577062,130.381042,2.577062,130.381042,0.388039,2.577062,2,2.577062,0,Benign,test
37317604,42.0,63.0,1.0,0.0,6,0.0,0.0,4,42,42,0.0,0.0,0.0,0.0,0.0,0.0,0.0,2,0.0,0,Benign,train
1725260,74.0,249.0,7.0,0.0,4,0.0,0.0,4,74,74,0.0,0.0,0.0,0.0,0.0,0.0,0.0,1,0.0,0,Benign,validation
645012,60.0,255.0,1.0,0.0,4,0.0,0.0,4,60,60,0.0,0.0,0.0,0.0,0.0,0.0,0.0,1,0.0,0,Benign,train
1669800,74.0,249.0,7.0,0.0,4,0.0,0.0,4,74,74,0.0,0.0,0.0,0.0,0.0,0.0,0.0,1,0.0,0,Benign,train
76520,98.0,58.0,6.0,0.0,2,0.0,0.0,0,98,98,0.0,0.0,0.0,0.0,0.0,0.0,0.0,1,0.0,0,Benign,train
27967872,42.0,63.0,1.0,0.0,6,0.0,0.0,4,84,84,0.388118,2.576534,130.407745,2.576534,130.407745,0.388118,2.576534,2,2.576534,0,Benign,test
35062612,42.0,63.0,1.0,0.0,6,0.0,0.0,4,42,42,0.0,0.0,0.0,0.0,0.0,0.0,0.0,2,0.0,0,Benign,train
34040920,42.0,63.0,1.0,0.0,6,0.0,0.0,4,42,42,0.0,0.0,0.0,0.0,0.0,0.0,0.0,2,0.0,0,Benign,train
19278984,42.0,63.0,1.0,0.0,4,0.0,0.0,4,42,42,0.0,0.0,0.0,0.0,0.0,0.0,0.0,1,0.0,0,Benign,validation
26094684,42.0,63.0,1.0,0.0,6,0.0,0.0,4,84,84,0.388859,2.571629,130.656479,2.571629,130.656479,0.388859,2.571629,2,2.571629,0,Benign,validation
33077848,42.0,63.0,1.0,0.0,6,0.0,0.0,4,42,42,0.0,0.0,0.0,0.0,0.0,0.0,0.0,2,0.0,0,Benign,train
507388,98.0,58.0,6.0,0.0,2,0.0,0.0,0,98,196,0.0,0.032064,0.0,0.032064,0.0,31.187626,0.032064,1,0.032064,0,Benign,test
21178700,42.0,63.0,1.0,0.0,6,0.0,0.0,4,42,42,0.0,0.0,0.0,0.0,0.0,0.0,0.0,2,0.0,0,Benign,test
25777848,42.0,63.0,1.0,0.0,6,0.0,0.0,4,84,84,0.38844,2.574403,130.515701,2.574403,130.515701,0.38844,2.574403,2,2.574403,0,Benign,train
30445984,42.0,63.0,1.0,0.0,6,0.0,0.0,4,42,42,0.0,0.0,0.0,0.0,0.0,0.0,0.0,2,0.0,0,Benign,train
153164,64.0,249.0,7.0,0.0,4,0.0,0.0,4,64,64,0.0,0.0,0.0,0.0,0.0,0.0,0.0,1,0.0,0,Benign,validation
34268,98.0,58.0,6.0,0.0,2,0.0,0.0,0,98,98,0.0,0.0,0.0,0.0,0.0,0.0,0.0,1,0.0,0,Benign,train
20727788,42.0,63.0,1.0,0.0,6,0.0,0.0,4,84,84,0.386224,2.58917,129.771317,2.58917,129.771317,0.386224,2.58917,2,2.58917,0,Benign,train
159588,98.0,58.0,6.0,0.0,2,0.0,0.0,0,98,98,0.0,0.0,0.0,0.0,0.0,0.0,0.0,1,0.0,0,Benign,test
29882400,42.0,63.0,1.0,0.0,6,0.0,0.0,4,84,84,0.387427,2.581133,130.1754,2.581133,130.1754,0.387427,2.581133,2,2.581133,0,Benign,validation
23728760,42.0,63.0,1.0,0.0,4,0.0,0.0,4,84,84,0.388185,2.57609,130.430222,2.57609,130.430222,0.388185,2.57609,1,2.57609,0,Benign,test
2112548,74.0,249.0,7.0,0.0,4,0.0,0.0,4,74,74,0.0,0.0,0.0,0.0,0.0,0.0,0.0,1,0.0,0,Benign,train
37722092,42.0,63.0,1.0,0.0,6,0.0,0.0,4,42,42,0.0,0.0,0.0,0.0,0.0,0.0,0.0,2,0.0,0,Benign,test
17339508,42.0,63.0,1.0,0.0,4,0.0,0.0,4,42,42,0.0,0.0,0.0,0.0,0.0,0.0,0.0,1,0.0,0,Benign,train
30002472,42.0,63.0,1.0,0.0,6,0.0,0.0,4,42,42,0.0,0.0,0.0,0.0,0.0,0.0,0.0,2,0.0,0,Benign,test
23535064,42.0,63.0,1.0,0.0,4,0.0,0.0,4,42,42,0.0,0.0,0.0,0.0,0.0,0.0,0.0,1,0.0,0,Benign,test
1260028,74.0,249.0,7.0,0.0,4,0.0,0.0,4,74,74,0.0,0.0,0.0,0.0,0.0,0.0,0.0,1,0.0,0,Benign,train
17065900,74.0,249.0,7.0,0.0,4,0.0,0.0,4,148,148,0.239582,4.173935,141.832596,4.173935,141.832596,0.239582,4.173935,1,4.173935,0,Benign,train
1519160,74.0,249.0,7.0,0.0,4,0.0,0.0,4,74,74,0.0,0.0,0.0,0.0,0.0,0.0,0.0,1,0.0,0,Benign,train
18020784,98.0,252.0,4.0,0.0,1,0.0,0.0,2,98,192,0.0,0.0,0.0,0.0,0.0,0.0,0.0,2,0.0,0,Benign,train
25200512,42.0,63.0,1.0,0.0,6,0.0,0.0,4,84,84,0.389018,2.570578,130.7099,2.570578,130.7099,0.389018,2.570578,2,2.570578,0,Benign,test
24101344,98.0,58.0,6.0,0.0,2,0.0,0.0,0,98,98,0.0,0.0,0.0,0.0,0.0,0.0,0.0,1,0.0,0,Benign,train
22842996,42.0,63.0,1.0,0.0,6,0.0,0.0,4,42,42,0.0,0.0,0.0,0.0,0.0,0.0,0.0,2,0.0,0,Benign,train
19378264,42.0,63.0,1.0,0.0,4,0.0,0.0,4,42,42,0.0,0.0,0.0,0.0,0.0,0.0,0.0,1,0.0,0,Benign,train
17114632,74.0,249.0,7.0,0.0,4,0.0,0.0,4,74,74,0.0,0.0,0.0,0.0,0.0,0.0,0.0,1,0.0,0,Benign,test
1722880,74.0,249.0,7.0,0.0,4,0.0,0.0,4,74,74,0.0,0.0,0.0,0.0,0.0,0.0,0.0,1,0.0,0,Benign,train
26578300,42.0,63.0,1.0,0.0,6,0.0,0.0,4,84,84,0.388656,2.572971,130.588333,2.572971,130.588333,0.388656,2.572971,2,2.572971,0,Benign,train
20708412,42.0,63.0,1.0,0.0,6,0.0,0.0,4,84,84,0.386977,2.584136,130.024109,2.584136,130.024109,0.386977,2.584136,2,2.584136,0,Benign,train
3002276,98.0,58.0,6.0,0.0,2,0.0,0.0,0,98,196,0.0,0.099052,0.0,0.099052,0.0,10.095708,0.099052,1,0.099052,0,Benign,train
1751948,74.0,249.0,7.0,0.0,4,0.0,0.0,4,74,74,0.0,0.0,0.0,0.0,0.0,0.0,0.0,1,0.0,0,Benign,test
23796504,42.0,63.0,1.0,0.0,6,0.0,0.0,4,42,42,0.0,0.0,0.0,0.0,0.0,0.0,0.0,2,0.0,0,Benign,train
723976,60.0,255.0,1.0,0.0,4,0.0,0.0,4,60,60,0.0,0.0,0.0,0.0,0.0,0.0,0.0,1,0.0,0,Benign,validation
24177184,42.0,63.0,1.0,0.0,6,0.0,0.0,4,84,84,0.387867,2.578201,130.323425,2.578201,130.323425,0.387867,2.578201,2,2.578201,0,Benign,train
17373060,42.0,63.0,1.0,0.0,4,0.0,0.0,4,42,42,0.0,0.0,0.0,0.0,0.0,0.0,0.0,1,0.0,0,Benign,train
20705052,42.0,63.0,1.0,0.0,6,0.0,0.0,4,84,84,0.386597,2.586671,129.896683,2.586671,129.896683,0.386597,2.586671,2,2.586671,0,Benign,train
3433688,74.0,249.0,7.0,0.0,4,0.0,0.0,4,74,74,0.0,0.0,0.0,0.0,0.0,0.0,0.0,1,0.0,0,Benign,train
33392400,42.0,63.0,1.0,0.0,6,0.0,0.0,4,42,42,0.0,0.0,0.0,0.0,0.0,0.0,0.0,2,0.0,0,Benign,test
21030788,42.0,63.0,1.0,0.0,6,0.0,0.0,4,84,84,0.385892,2.591397,129.65979,2.591397,129.65979,0.385892,2.591397,2,2.591397,0,Benign,train
21194316,42.0,63.0,1.0,0.0,4,0.0,0.0,4,42,42,0.0,0.0,0.0,0.0,0.0,0.0,0.0,1,0.0,0,Benign,validation
944104,98.0,58.0,6.0,0.0,2,0.0,0.0,0,98,98,0.0,0.0,0.0,0.0,0.0,0.0,0.0,1,0.0,0,Benign,train
36608100,42.0,63.0,1.0,0.0,6,0.0,0.0,4,84,84,0.387289,2.582054,130.128967,2.582054,130.128967,0.387289,2.582054,2,2.582054,0,Benign,train
512504,98.0,58.0,6.0,0.0,2,0.0,0.0,0,98,196,0.0,0.07336,0.0,0.07336,0.0,13.631406,0.07336,1,0.07336,0,Benign,test
6417704,1343.552002,47.0,17.0,0.0,1,0.0,0.0,4,167944,171860,24.803156,4.999364,272380.2813,4.999364,266595.5313,27.403486,4.999364,2,4.999364,0,Benign,validation
3921528,74.0,249.0,7.0,0.0,4,0.0,0.0,4,74,74,0.0,0.0,0.0,0.0,0.0,0.0,0.0,1,0.0,0,Benign,validation
17733680,74.0,249.0,7.0,0.0,4,0.0,0.0,4,74,74,0.0,0.0,0.0,0.0,0.0,0.0,0.0,1,0.0,0,Benign,validation
25842928,42.0,63.0,1.0,0.0,6,0.0,0.0,4,42,42,0.0,0.0,0.0,0.0,0.0,0.0,0.0,2,0.0,0,Benign,train
16902924,42.0,63.0,1.0,0.0,4,0.0,0.0,4,42,42,0.0,0.0,0.0,0.0,0.0,0.0,0.0,1,0.0,0,Benign,train
16672516,74.0,249.0,7.0,0.0,4,0.0,0.0,4,74,74,0.0,0.0,0.0,0.0,0.0,0.0,0.0,1,0.0,0,Benign,train
36256196,42.0,63.0,1.0,0.0,6,0.0,0.0,4,42,42,0.0,0.0,0.0,0.0,0.0,0.0,0.0,2,0.0,0,Benign,validation
33926416,42.0,63.0,1.0,0.0,6,0.0,0.0,4,84,84,0.387424,2.581149,130.174576,2.581149,130.174576,0.387424,2.581149,2,2.581149,0,Benign,train
19896124,42.0,63.0,1.0,0.0,4,0.0,0.0,4,42,42,0.0,0.0,0.0,0.0,0.0,0.0,0.0,1,0.0,0,Benign,test
34321812,42.0,63.0,1.0,0.0,6,0.0,0.0,4,42,42,0.0,0.0,0.0,0.0,0.0,0.0,0.0,2,0.0,0,Benign,train
2667044,74.0,249.0,7.0,0.0,4,0.0,0.0,4,74,74,0.0,0.0,0.0,0.0,0.0,0.0,0.0,1,0.0,0,Benign,validation
1018392,74.0,249.0,7.0,0.0,4,0.0,0.0,4,148,148,0.23143,4.320952,137.006851,4.320952,137.006851,0.23143,4.320952,1,4.320952,0,Benign,train
16811924,42.0,63.0,1.0,0.0,4,0.0,0.0,4,42,42,0.0,0.0,0.0,0.0,0.0,0.0,0.0,1,0.0,0,Benign,train
20940308,42.0,63.0,1.0,0.0,6,0.0,0.0,4,84,84,0.386115,2.589901,129.734695,2.589901,129.734695,0.386115,2.589901,2,2.589901,0,Benign,train
18753004,42.0,63.0,1.0,0.0,4,0.0,0.0,4,42,42,0.0,0.0,0.0,0.0,0.0,0.0,0.0,1,0.0,0,Benign,train
22141452,42.0,63.0,1.0,0.0,6,0.0,0.0,4,42,42,0.0,0.0,0.0,0.0,0.0,0.0,0.0,2,0.0,0,Benign,train
4188888,74.0,249.0,7.0,0.0,4,0.0,0.0,4,74,74,0.0,0.0,0.0,0.0,0.0,0.0,0.0,1,0.0,0,Benign,test
29153900,42.0,63.0,1.0,0.0,6,0.0,0.0,4,84,84,0.387493,2.580693,130.197586,2.580693,130.197586,0.387493,2.580693,2,2.580693,0,Benign,train
3544468,74.0,52.0,12.0,0.0,0,0.0,0.0,3,148,148,5.137347,0.194653,3041.309326,0.194653,3041.309326,5.137347,0.194653,2,0.194653,0,Benign,train
24221224,42.0,63.0,1.0,0.0,4,0.0,0.0,4,84,84,0.388931,2.571149,130.680862,2.571149,130.680862,0.388931,2.571149,1,2.571149,0,Benign,validation
25993660,42.0,63.0,1.0,0.0,6,0.0,0.0,4,42,42,0.0,0.0,0.0,0.0,0.0,0.0,0.0,2,0.0,0,Benign,train
21558540,42.0,63.0,1.0,0.0,6,0.0,0.0,4,84,84,0.38712,2.583181,130.072189,2.583181,130.072189,0.38712,2.583181,2,2.583181,0,Benign,train
1813876,1257.772339,117.0,11.0,0.0,1,0.0,0.0,4,154706,159029,434.926758,0.280507,4487303.5,0.280507,4376333.0,470.576508,0.280507,2,0.280507,0,Benign,train
35031148,42.0,63.0,1.0,0.0,6,0.0,0.0,4,84,84,0.387157,2.58293,130.084824,2.58293,130.084824,0.387157,2.58293,2,2.58293,0,Benign,train
22391488,42.0,63.0,1.0,0.0,6,0.0,0.0,4,42,42,0.0,0.0,0.0,0.0,0.0,0.0,0.0,2,0.0,0,Benign,validation
16529804,98.0,58.0,6.0,0.0,2,0.0,0.0,0,98,98,0.0,0.0,0.0,0.0,0.0,0.0,0.0,1,0.0,0,Benign,train
16056948,42.0,63.0,1.0,0.0,4,0.0,0.0,4,42,42,0.0,0.0,0.0,0.0,0.0,0.0,0.0,1,0.0,0,Benign,validation
2088916,226.0,64.0,0.0,0.0,1,0.0,0.0,4,678,1002,21.279766,0.093986,59157.75,0.093986,38473.81641,63.839298,0.093986,2,0.093986,0,Benign,train
118852,74.0,249.0,7.0,0.0,4,0.0,0.0,4,74,74,0.0,0.0,0.0,0.0,0.0,0.0,0.0,1,0.0,0,Benign,train
36686356,42.0,63.0,1.0,0.0,6,0.0,0.0,4,84,84,0.388295,2.575363,130.467056,2.575363,130.467056,0.388295,2.575363,2,2.575363,0,Benign,train
27702808,42.0,63.0,1.0,0.0,6,0.0,0.0,4,84,84,0.387344,2.581687,130.147461,2.581687,130.147461,0.387344,2.581687,2,2.581687,0,Benign,train
21012676,42.0,63.0,1.0,0.0,6,0.0,0.0,4,42,42,0.0,0.0,0.0,0.0,0.0,0.0,0.0,2,0.0,0,Benign,train
23921936,42.0,63.0,1.0,0.0,4,0.0,0.0,4,84,84,0.387752,2.578967,130.284714,2.578967,130.284714,0.387752,2.578967,1,2.578967,0,Benign,train
58312,514.973694,64.0,0.0,0.0,1,0.0,0.0,4,19569,25892,13.078915,2.828981,71242.61719,2.828981,53885.12891,25.097376,2.828981,1,2.828981,0,Benign,validation
2395916,74.0,249.0,7.0,0.0,6,0.0,0.0,4,74,74,0.0,0.0,0.0,0.0,0.0,0.0,0.0,0,0.0,0,Benign,train
33128048,42.0,63.0,1.0,0.0,6,0.0,0.0,4,84,84,0.387563,2.580228,130.221039,2.580228,130.221039,0.387563,2.580228,2,2.580228,0,Benign,test
29501088,42.0,63.0,1.0,0.0,6,0.0,0.0,4,84,84,0.387576,2.580139,130.22554,2.580139,130.22554,0.387576,2.580139,2,2.580139,0,Benign,test
26645372,42.0,63.0,1.0,0.0,6,0.0,0.0,4,42,42,0.0,0.0,0.0,0.0,0.0,0.0,0.0,2,0.0,0,Benign,train
698656,1364.883667,117.0,11.0,0.0,1,0.0,0.0,4,352140,357215,51.408237,4.999199,569140.8125,4.999199,561331.5625,56.60907,4.999199,2,4.999199,0,Benign,train
28825496,42.0,63.0,1.0,0.0,6,0.0,0.0,4,42,42,0.0,0.0,0.0,0.0,0.0,0.0,0.0,2,0.0,0,Benign,test
37864812,42.0,63.0,1.0,0.0,6,0.0,0.0,4,42,42,0.0,0.0,0.0,0.0,0.0,0.0,0.0,2,0.0,0,Benign,test
1550244,74.0,249.0,7.0,0.0,4,0.0,0.0,4,74,74,0.0,0.0,0.0,0.0,0.0,0.0,0.0,1,0.0,0,Benign,test
16249980,42.0,63.0,1.0,0.0,4,0.0,0.0,4,84,84,0.351705,2.843294,118.172798,2.843294,118.172798,0.351705,2.843294,1,2.843294,0,Benign,test
466716,74.0,249.0,7.0,0.0,4,0.0,0.0,4,74,74,0.0,0.0,0.0,0.0,0.0,0.0,0.0,1,0.0,0,Benign,train
25503320,42.0,63.0,1.0,0.0,6,0.0,0.0,4,84,84,0.387467,2.580865,130.188919,2.580865,130.188919,0.387467,2.580865,2,2.580865,0,Benign,train
6657376,98.0,58.0,6.0,0.0,2,0.0,0.0,0,98,196,0.0,0.083222,0.0,0.083222,0.0,12.016053,0.083222,1,0.083222,0,Benign,train
15500088,98.0,58.0,6.0,0.0,2,0.0,0.0,0,98,98,0.0,0.0,0.0,0.0,0.0,0.0,0.0,1,0.0,0,Benign,train
799196,64.0,249.0,7.0,0.0,4,0.0,0.0,4,64,64,0.0,0.0,0.0,0.0,0.0,0.0,0.0,1,0.0,0,Benign,test
39651056,177.0,64.0,0.0,0.0,1,0.0,0.0,4,531,734,25.634781,0.078019,50244.17188,0.078019,36298.85156,64.086952,0.078019,2,0.078019,0,Benign,train
18962248,42.0,63.0,1.0,0.0,4,0.0,0.0,4,42,42,0.0,0.0,0.0,0.0,0.0,0.0,0.0,1,0.0,0,Benign,train
17193580,42.0,63.0,1.0,0.0,4,0.0,0.0,4,84,84,0.360723,2.772212,121.20285,2.772212,121.20285,0.360723,2.772212,1,2.772212,0,Benign,train
35533540,42.0,63.0,1.0,0.0,6,0.0,0.0,4,42,42,0.0,0.0,0.0,0.0,0.0,0.0,0.0,2,0.0,0,Benign,train
25164712,42.0,63.0,1.0,0.0,6,0.0,0.0,4,84,84,0.388458,2.57428,130.521927,2.57428,130.521927,0.388458,2.57428,2,2.57428,0,Benign,test
4937020,89.0,64.0,0.0,0.0,1,0.0,0.0,4,89,410,0.0,0.073955,0.0,0.073955,0.0,13.521736,0.073955,1,0.073955,0,Benign,validation
881504,60.0,255.0,1.0,0.0,4,0.0,0.0,4,60,60,0.0,0.0,0.0,0.0,0.0,0.0,0.0,1,0.0,0,Benign,validation
3819308,74.0,249.0,7.0,0.0,4,0.0,0.0,4,74,74,0.0,0.0,0.0,0.0,0.0,0.0,0.0,1,0.0,0,Benign,test
16640036,74.0,249.0,7.0,0.0,4,0.0,0.0,4,74,74,0.0,0.0,0.0,0.0,0.0,0.0,0.0,1,0.0,0,Benign,test
31595808,42.0,63.0,1.0,0.0,6,0.0,0.0,4,42,42,0.0,0.0,0.0,0.0,0.0,0.0,0.0,2,0.0,0,Benign,test
17621024,74.0,249.0,7.0,0.0,4,0.0,0.0,4,74,74,0.0,0.0,0.0,0.0,0.0,0.0,0.0,1,0.0,0,Benign,validation
16685276,74.0,249.0,7.0,0.0,4,0.0,0.0,4,74,74,0.0,0.0,0.0,0.0,0.0,0.0,0.0,1,0.0,0,Benign,validation
34396284,42.0,63.0,1.0,0.0,6,0.0,0.0,4,84,84,0.387605,2.579947,130.235229,2.579947,130.235229,0.387605,2.579947,2,2.579947,0,Benign,train
17325308,64.0,249.0,7.0,0.0,4,0.0,0.0,4,64,64,0.0,0.0,0.0,0.0,0.0,0.0,0.0,1,0.0,0,Benign,train
3450428,360.0,62.0,2.0,0.0,4,0.0,0.0,4,360,360,0.0,0.0,0.0,0.0,0.0,0.0,0.0,1,0.0,0,Benign,train
33258728,42.0,63.0,1.0,0.0,6,0.0,0.0,4,42,42,0.0,0.0,0.0,0.0,0.0,0.0,0.0,2,0.0,0,Benign,validation
17067228,98.0,58.0,6.0,0.0,2,0.0,0.0,0,98,98,0.0,0.0,0.0,0.0,0.0,0.0,0.0,1,0.0,0,Benign,train
28883480,42.0,63.0,1.0,0.0,6,0.0,0.0,4,84,84,0.38652,2.587187,129.870773,2.587187,129.870773,0.38652,2.587187,2,2.587187,0,Benign,test
2227096,74.0,249.0,7.0,0.0,4,0.0,0.0,4,74,74,0.0,0.0,0.0,0.0,0.0,0.0,0.0,1,0.0,0,Benign,train
1796324,1353.517212,117.0,11.0,0.0,1,0.0,0.0,4,235512,239660,34.602612,4.999623,380809.5313,4.999623,374682.6563,37.202805,4.999623,2,4.999623,0,Benign,train
36679484,42.0,63.0,1.0,0.0,6,0.0,0.0,4,84,84,0.387407,2.581262,130.168884,2.581262,130.168884,0.387407,2.581262,2,2.581262,0,Benign,train
16650572,42.0,63.0,1.0,0.0,4,0.0,0.0,4,84,84,0.354608,2.820012,119.148422,2.820012,119.148422,0.354608,2.820012,1,2.820012,0,Benign,train
1668728,74.0,249.0,7.0,0.0,4,0.0,0.0,4,74,74,0.0,0.0,0.0,0.0,0.0,0.0,0.0,1,0.0,0,Benign,test
4203684,74.0,249.0,7.0,0.0,4,0.0,0.0,4,74,74,0.0,0.0,0.0,0.0,0.0,0.0,0.0,1,0.0,0,Benign,train
127336,98.0,58.0,6.0,0.0,2,0.0,0.0,0,98,98,0.0,0.0,0.0,0.0,0.0,0.0,0.0,1,0.0,0,Benign,test
24160104,42.0,63.0,1.0,0.0,6,0.0,0.0,4,84,84,0.388178,2.576139,130.42775,2.576139,130.42775,0.388178,2.576139,2,2.576139,0,Benign,test
5349756,98.0,58.0,6.0,0.0,2,0.0,0.0,0,98,98,0.0,0.0,0.0,0.0,0.0,0.0,0.0,1,0.0,0,Benign,train
29313468,42.0,63.0,1.0,0.0,6,0.0,0.0,4,84,84,0.387679,2.579452,130.260223,2.579452,130.260223,0.387679,2.579452,2,2.579452,0,Benign,train
31741120,42.0,63.0,1.0,0.0,6,0.0,0.0,4,42,42,0.0,0.0,0.0,0.0,0.0,0.0,0.0,2,0.0,0,Benign,train
23315456,42.0,63.0,1.0,0.0,6,0.0,0.0,4,42,42,0.0,0.0,0.0,0.0,0.0,0.0,0.0,2,0.0,0,Benign,train
705328,74.0,116.0,12.0,0.0,8,0.0,0.0,3,74,128,0.0,0.060477,0.0,0.060477,0.0,16.535212,0.060477,2,0.060477,0,Benign,train
2088260,74.0,249.0,7.0,0.0,4,0.0,0.0,4,74,74,0.0,0.0,0.0,0.0,0.0,0.0,0.0,1,0.0,0,Benign,test
3895960,74.0,249.0,7.0,0.0,4,0.0,0.0,4,74,74,0.0,0.0,0.0,0.0,0.0,0.0,0.0,1,0.0,0,Benign,train
31241392,42.0,63.0,1.0,0.0,6,0.0,0.0,4,42,42,0.0,0.0,0.0,0.0,0.0,0.0,0.0,2,0.0,0,Benign,train
5169608,98.0,58.0,6.0,0.0,2,0.0,0.0,0,98,98,0.0,0.0,0.0,0.0,0.0,0.0,0.0,1,0.0,0,Benign,train
7111856,176.666672,64.0,0.0,0.0,1,0.0,0.0,4,530,732,30.299816,0.066007,59266.4375,0.066007,42904.53906,75.749535,0.066007,2,0.066007,0,Benign,test
38020676,42.0,63.0,1.0,0.0,6,0.0,0.0,4,42,42,0.0,0.0,0.0,0.0,0.0,0.0,0.0,2,0.0,0,Benign,train
24502312,42.0,63.0,1.0,0.0,6,0.0,0.0,4,42,42,0.0,0.0,0.0,0.0,0.0,0.0,0.0,2,0.0,0,Benign,test
2870720,74.0,52.0,12.0,0.0,0,0.0,0.0,3,74,74,0.0,0.0,0.0,0.0,0.0,0.0,0.0,2,0.0,0,Benign,validation
32024560,42.0,63.0,1.0,0.0,6,0.0,0.0,4,42,42,0.0,0.0,0.0,0.0,0.0,0.0,0.0,2,0.0,0,Benign,train
123500,98.0,58.0,6.0,0.0,2,0.0,0.0,0,98,98,0.0,0.0,0.0,0.0,0.0,0.0,0.0,1,0.0,0,Benign,train
4718412,98.0,58.0,6.0,0.0,2,0.0,0.0,0,98,98,0.0,0.0,0.0,0.0,0.0,0.0,0.0,1,0.0,0,Benign,test
34961996,42.0,63.0,1.0,0.0,6,0.0,0.0,4,42,42,0.0,0.0,0.0,0.0,0.0,0.0,0.0,2,0.0,0,Benign,train
16224344,74.0,249.0,7.0,0.0,4,0.0,0.0,4,74,74,0.0,0.0,0.0,0.0,0.0,0.0,0.0,1,0.0,0,Benign,test
5931696,74.0,249.0,7.0,0.0,4,0.0,0.0,4,74,74,0.0,0.0,0.0,0.0,0.0,0.0,0.0,1,0.0,0,Benign,train
20293596,42.0,63.0,1.0,0.0,6,0.0,0.0,4,84,84,0.386194,2.589373,129.761139,2.589373,129.761139,0.386194,2.589373,2,2.589373,0,Benign,train
137964,98.0,58.0,6.0,0.0,2,0.0,0.0,0,98,98,0.0,0.0,0.0,0.0,0.0,0.0,0.0,1,0.0,0,Benign,validation
2091200,74.0,249.0,7.0,0.0,4,0.0,0.0,4,74,74,0.0,0.0,0.0,0.0,0.0,0.0,0.0,1,0.0,0,Benign,train
22170284,42.0,63.0,1.0,0.0,6,0.0,0.0,4,84,84,0.387993,2.577368,130.365555,2.577368,130.365555,0.387993,2.577368,2,2.577368,0,Benign,validation
26473900,42.0,63.0,1.0,0.0,6,0.0,0.0,4,84,84,0.389102,2.570022,130.738174,2.570022,130.738174,0.389102,2.570022,2,2.570022,0,Benign,train
1948808,74.0,249.0,7.0,0.0,4,0.0,0.0,4,74,74,0.0,0.0,0.0,0.0,0.0,0.0,0.0,1,0.0,0,Benign,train
5260204,74.0,249.0,7.0,0.0,4,0.0,0.0,4,74,74,0.0,0.0,0.0,0.0,0.0,0.0,0.0,1,0.0,0,Benign,validation
21004748,42.0,63.0,1.0,0.0,6,0.0,0.0,4,84,84,0.38658,2.586786,129.890915,2.586786,129.890915,0.38658,2.586786,2,2.586786,0,Benign,train
26031172,42.0,63.0,1.0,0.0,6,0.0,0.0,4,84,84,0.388653,2.572988,130.587463,2.572988,130.587463,0.388653,2.572988,2,2.572988,0,Benign,test
294992,98.0,58.0,6.0,0.0,2,0.0,0.0,0,98,98,0.0,0.0,0.0,0.0,0.0,0.0,0.0,1,0.0,0,Benign,train
4510532,74.0,249.0,7.0,0.0,4,0.0,0.0,4,74,74,0.0,0.0,0.0,0.0,0.0,0.0,0.0,1,0.0,0,Benign,train
25210456,42.0,63.0,1.0,0.0,6,0.0,0.0,4,42,42,0.0,0.0,0.0,0.0,0.0,0.0,0.0,2,0.0,0,Benign,validation
1209736,74.0,249.0,7.0,0.0,4,0.0,0.0,4,74,74,0.0,0.0,0.0,0.0,0.0,0.0,0.0,1,0.0,0,Benign,test
38027876,42.0,63.0,1.0,0.0,6,0.0,0.0,4,42,42,0.0,0.0,0.0,0.0,0.0,0.0,0.0,2,0.0,0,Benign,train
288024,523.285706,64.0,0.0,0.0,1,0.0,0.0,3,10989,17964,4.45676,4.487565,30632.20313,4.487565,18657.7793,10.473386,4.487565,2,4.487565,0,Benign,train
23856368,42.0,63.0,1.0,0.0,6,0.0,0.0,4,42,42,0.0,0.0,0.0,0.0,0.0,0.0,0.0,2,0.0,0,Benign,train
18031220,221.53125,64.0,0.0,0.0,1,0.0,0.0,4,7089,271085,6.201153,4.99907,431286.5938,4.99907,10990.84375,45.008369,4.99907,2,4.99907,0,Benign,train
18478764,42.0,63.0,1.0,0.0,4,0.0,0.0,4,84,84,0.382818,2.612207,128.626877,2.612207,128.626877,0.382818,2.612207,1,2.612207,0,Benign,train
15844228,42.0,63.0,1.0,0.0,4,0.0,0.0,4,84,84,0.348628,2.868387,117.139008,2.868387,117.139008,0.348628,2.868387,1,2.868387,0,Benign,train
4437608,74.0,249.0,7.0,0.0,4,0.0,0.0,4,74,74,0.0,0.0,0.0,0.0,0.0,0.0,0.0,1,0.0,0,Benign,train
23697112,42.0,63.0,1.0,0.0,6,0.0,0.0,4,84,84,0.388558,2.573618,130.555511,2.573618,130.555511,0.388558,2.573618,2,2.573618,0,Benign,train
337432,461.111115,64.0,0.0,0.0,1,0.0,0.0,4,4150,7168,52.34095,0.152844,333516.5313,0.152844,193085.7656,111.224518,0.152844,1,0.152844,0,Benign,validation
22180212,42.0,63.0,1.0,0.0,4,0.0,0.0,4,84,84,0.388177,2.576147,130.427338,2.576147,130.427338,0.388177,2.576147,1,2.576147,0,Benign,train
36961268,42.0,63.0,1.0,0.0,6,0.0,0.0,4,42,42,0.0,0.0,0.0,0.0,0.0,0.0,0.0,2,0.0,0,Benign,train
17005916,42.0,63.0,1.0,0.0,4,0.0,0.0,4,42,42,0.0,0.0,0.0,0.0,0.0,0.0,0.0,1,0.0,0,Benign,train
33285608,42.0,63.0,1.0,0.0,6,0.0,0.0,4,84,84,0.387863,2.578229,130.322021,2.578229,130.322021,0.387863,2.578229,2,2.578229,0,Benign,train
30859608,42.0,63.0,1.0,0.0,6,0.0,0.0,4,84,84,0.38831,2.575264,130.472061,2.575264,130.472061,0.38831,2.575264,2,2.575264,0,Benign,train
5941764,74.0,249.0,7.0,0.0,4,0.0,0.0,4,74,74,0.0,0.0,0.0,0.0,0.0,0.0,0.0,1,0.0,0,Benign,validation
26598732,42.0,63.0,1.0,0.0,6,0.0,0.0,4,84,84,0.38894,2.571093,130.683716,2.571093,130.683716,0.38894,2.571093,2,2.571093,0,Benign,test
17461204,42.0,63.0,1.0,0.0,4,0.0,0.0,4,42,42,0.0,0.0,0.0,0.0,0.0,0.0,0.0,1,0.0,0,Benign,train
888084,74.0,249.0,7.0,0.0,4,0.0,0.0,4,74,74,0.0,0.0,0.0,0.0,0.0,0.0,0.0,1,0.0,0,Benign,train
18948880,42.0,63.0,1.0,0.0,4,0.0,0.0,4,42,42,0.0,0.0,0.0,0.0,0.0,0.0,0.0,1,0.0,0,Benign,validation
4178996,74.0,249.0,7.0,0.0,4,0.0,0.0,4,74,74,0.0,0.0,0.0,0.0,0.0,0.0,0.0,1,0.0,0,Benign,validation
18092988,42.0,63.0,1.0,0.0,4,0.0,0.0,4,42,42,0.0,0.0,0.0,0.0,0.0,0.0,0.0,1,0.0,0,Benign,train
24156256,42.0,63.0,1.0,0.0,6,0.0,0.0,4,42,42,0.0,0.0,0.0,0.0,0.0,0.0,0.0,2,0.0,0,Benign,test
20156028,42.0,63.0,1.0,0.0,6,0.0,0.0,4,84,84,0.38677,2.585519,129.954559,2.585519,129.954559,0.38677,2.585519,2,2.585519,0,Benign,train
1376028,74.0,249.0,7.0,0.0,4,0.0,0.0,4,74,74,0.0,0.0,0.0,0.0,0.0,0.0,0.0,1,0.0,0,Benign,train
27271604,42.0,63.0,1.0,0.0,6,0.0,0.0,4,42,42,0.0,0.0,0.0,0.0,0.0,0.0,0.0,2,0.0,0,Benign,validation
17685876,74.0,249.0,7.0,0.0,4,0.0,0.0,4,74,74,0.0,0.0,0.0,0.0,0.0,0.0,0.0,1,0.0,0,Benign,validation
171072,761.083313,64.0,0.0,0.0,1,0.0,0.0,4,9133,12771,6.944589,1.583967,58824.45703,1.583967,42283.71094,13.257853,1.583967,2,1.583967,0,Benign,train
38492028,42.0,63.0,1.0,0.0,6,0.0,0.0,4,42,42,0.0,0.0,0.0,0.0,0.0,0.0,0.0,2,0.0,0,Benign,train
6081516,98.0,58.0,6.0,0.0,2,0.0,0.0,0,98,98,0.0,0.0,0.0,0.0,0.0,0.0,0.0,1,0.0,0,Benign,test
1610876,74.0,249.0,7.0,0.0,4,0.0,0.0,4,74,74,0.0,0.0,0.0,0.0,0.0,0.0,0.0,1,0.0,0,Benign,train
24469240,42.0,63.0,1.0,0.0,6,0.0,0.0,4,84,84,0.388336,2.57509,130.480881,2.57509,130.480881,0.388336,2.57509,2,2.57509,0,Benign,test
33167440,42.0,63.0,1.0,0.0,6,0.0,0.0,4,42,42,0.0,0.0,0.0,0.0,0.0,0.0,0.0,2,0.0,0,Benign,test
29123268,42.0,63.0,1.0,0.0,6,0.0,0.0,4,84,84,0.388009,2.577259,130.371063,2.577259,130.371063,0.388009,2.577259,2,2.577259,0,Benign,train
15956300,928.333313,64.0,0.0,0.0,1,0.0,0.0,4,5570,7488,82.084282,0.060913,798647.25,0.060913,609656.375,147.751709,0.060913,1,0.060913,0,Benign,train
7100540,98.0,58.0,6.0,0.0,2,0.0,0.0,0,98,98,0.0,0.0,0.0,0.0,0.0,0.0,0.0,1,0.0,0,Benign,validation
6476,98.0,58.0,6.0,0.0,2,0.0,0.0,0,98,98,0.0,0.0,0.0,0.0,0.0,0.0,0.0,1,0.0,0,Benign,test
17772936,42.0,63.0,1.0,0.0,4,0.0,0.0,4,84,84,0.369166,2.708806,124.039886,2.708806,124.039886,0.369166,2.708806,1,2.708806,0,Benign,test
6822472,96.0,255.0,1.0,0.0,1,0.0,0.0,2,192,392,0.418179,2.391322,655.704285,2.391322,321.161285,1.254536,2.391322,2,2.391322,0,Benign,test
21681260,42.0,63.0,1.0,0.0,6,0.0,0.0,4,42,42,0.0,0.0,0.0,0.0,0.0,0.0,0.0,2,0.0,0,Benign,test
5884,98.0,58.0,6.0,0.0,2,0.0,0.0,0,98,196,0.0,0.024049,0.0,0.024049,0.0,41.581768,0.024049,1,0.024049,0,Benign,test
39174584,98.0,250.0,6.0,0.0,1,0.0,0.0,2,98,192,0.0,0.0,0.0,0.0,0.0,0.0,0.0,2,0.0,0,Benign,test
34799524,42.0,63.0,1.0,0.0,6,0.0,0.0,4,84,84,0.387595,2.580011,130.23201,2.580011,130.23201,0.387595,2.580011,2,2.580011,0,Benign,test
17205732,74.0,249.0,7.0,0.0,4,0.0,0.0,4,74,74,0.0,0.0,0.0,0.0,0.0,0.0,0.0,1,0.0,0,Benign,train
39680140,98.0,58.0,6.0,0.0,2,0.0,0.0,0,98,98,0.0,0.0,0.0,0.0,0.0,0.0,0.0,1,0.0,0,Benign,train
15555272,42.0,63.0,1.0,0.0,4,0.0,0.0,4,84,84,0.347107,2.880959,116.627831,2.880959,116.627831,0.347107,2.880959,1,2.880959,0,Benign,validation
1578804,74.0,249.0,7.0,0.0,4,0.0,0.0,4,74,74,0.0,0.0,0.0,0.0,0.0,0.0,0.0,1,0.0,0,Benign,train
11244444,360.0,62.0,2.0,0.0,4,0.0,0.0,4,360,360,0.0,0.091902,0.0,0.091902,0.0,0.0,0.091902,1,0.091902,0,Benign,train
22279784,42.0,63.0,1.0,0.0,6,0.0,0.0,4,84,84,0.387048,2.583658,130.048172,2.583658,130.048172,0.387048,2.583658,2,2.583658,0,Benign,train
15802300,98.0,58.0,6.0,0.0,2,0.0,0.0,0,98,98,0.0,0.0,0.0,0.0,0.0,0.0,0.0,1,0.0,0,Benign,test
34809924,42.0,63.0,1.0,0.0,6,0.0,0.0,4,42,42,0.0,0.0,0.0,0.0,0.0,0.0,0.0,2,0.0,0,Benign,test
1084964,74.0,249.0,7.0,0.0,4,0.0,0.0,4,74,74,0.0,0.0,0.0,0.0,0.0,0.0,0.0,1,0.0,0,Benign,train
38273388,42.0,63.0,1.0,0.0,6,0.0,0.0,4,42,42,0.0,0.0,0.0,0.0,0.0,0.0,0.0,2,0.0,0,Benign,train
15737664,42.0,63.0,1.0,0.0,4,0.0,0.0,4,84,84,0.348455,2.869808,117.081001,2.869808,117.081001,0.348455,2.869808,1,2.869808,0,Benign,test
38712388,42.0,63.0,1.0,0.0,6,0.0,0.0,4,42,42,0.0,0.0,0.0,0.0,0.0,0.0,0.0,2,0.0,0,Benign,train
23135828,42.0,63.0,1.0,0.0,4,0.0,0.0,4,84,84,0.387434,2.581086,130.177765,2.581086,130.177765,0.387434,2.581086,1,2.581086,0,Benign,train
35762692,42.0,63.0,1.0,0.0,6,0.0,0.0,4,84,84,0.388369,2.574872,130.491928,2.574872,130.491928,0.388369,2.574872,2,2.574872,0,Benign,validation
26766276,42.0,63.0,1.0,0.0,6,0.0,0.0,4,42,42,0.0,0.0,0.0,0.0,0.0,0.0,0.0,2,0.0,0,Benign,validation
24411664,42.0,63.0,1.0,0.0,6,0.0,0.0,4,84,84,0.388386,2.574757,130.497742,2.574757,130.497742,0.388386,2.574757,2,2.574757,0,Benign,train
26151580,42.0,63.0,1.0,0.0,6,0.0,0.0,4,84,84,0.389104,2.570007,130.738937,2.570007,130.738937,0.389104,2.570007,2,2.570007,0,Benign,validation
29330748,42.0,63.0,1.0,0.0,6,0.0,0.0,4,42,42,0.0,0.0,0.0,0.0,0.0,0.0,0.0,2,0.0,0,Benign,train
3537144,74.0,249.0,7.0,0.0,4,0.0,0.0,4,74,74,0.0,0.0,0.0,0.0,0.0,0.0,0.0,1,0.0,0,Benign,validation
24191000,42.0,63.0,1.0,0.0,6,0.0,0.0,4,84,84,0.388221,2.575855,130.442123,2.575855,130.442123,0.388221,2.575855,2,2.575855,0,Benign,train
18605652,42.0,63.0,1.0,0.0,4,0.0,0.0,4,84,84,0.384995,2.597435,129.358383,2.597435,129.358383,0.384995,2.597435,1,2.597435,0,Benign,train
1666004,74.0,249.0,7.0,0.0,4,0.0,0.0,4,74,74,0.0,0.0,0.0,0.0,0.0,0.0,0.0,1,0.0,0,Benign,validation
4171628,164.375,64.0,0.0,0.042866,1,0.022196,0.02067,3,2630,22822,3.004726,4.992136,34287.52734,4.992136,3951.81543,6.209767,4.992136,2,4.992136,0,Benign,validation
21513068,42.0,63.0,1.0,0.0,6,0.0,0.0,4,42,42,0.0,0.0,0.0,0.0,0.0,0.0,0.0,2,0.0,0,Benign,validation
3825756,74.0,249.0,7.0,0.0,4,0.0,0.0,4,74,74,0.0,0.0,0.0,0.0,0.0,0.0,0.0,1,0.0,0,Benign,train
20884428,42.0,63.0,1.0,0.0,4,0.0,0.0,4,84,84,0.385812,2.591937,129.632782,2.591937,129.632782,0.385812,2.591937,1,2.591937,0,Benign,test
919044,1351.741699,117.0,11.0,0.0,1,0.0,0.0,4,246017,253886,36.909355,4.903906,411391.25,4.903906,399136.5313,41.395573,4.903906,2,4.903906,0,Benign,validation
3863464,74.0,249.0,7.0,0.0,4,0.0,0.0,4,74,74,0.0,0.0,0.0,0.0,0.0,0.0,0.0,1,0.0,0,Benign,train
38152156,42.0,63.0,1.0,0.0,6,0.0,0.0,4,42,42,0.0,0.0,0.0,0.0,0.0,0.0,0.0,2,0.0,0,Benign,train
24116096,98.0,58.0,6.0,0.0,2,0.0,0.0,0,98,98,0.0,0.0,0.0,0.0,0.0,0.0,0.0,1,0.0,0,Benign,validation
26154036,42.0,63.0,1.0,0.0,6,0.0,0.0,4,84,84,0.389079,2.570174,130.730453,2.570174,130.730453,0.389079,2.570174,2,2.570174,0,Benign,train
2047760,74.0,249.0,7.0,0.0,4,0.0,0.0,4,74,74,0.0,0.0,0.0,0.0,0.0,0.0,0.0,1,0.0,0,Benign,train
38375468,42.0,63.0,1.0,0.0,6,0.0,0.0,4,42,42,0.0,0.0,0.0,0.0,0.0,0.0,0.0,2,0.0,0,Benign,train
18563644,42.0,63.0,1.0,0.0,4,0.0,0.0,4,84,84,0.383911,2.604773,128.993958,2.604773,128.993958,0.383911,2.604773,1,2.604773,0,Benign,test
31145672,42.0,63.0,1.0,0.0,6,0.0,0.0,4,84,84,0.388082,2.576773,130.39566,2.576773,130.39566,0.388082,2.576773,2,2.576773,0,Benign,validation
3146184,74.0,249.0,7.0,0.0,4,0.0,0.0,4,74,74,0.0,0.0,0.0,0.0,0.0,0.0,0.0,1,0.0,0,Benign,train
35565180,42.0,63.0,1.0,0.0,6,0.0,0.0,4,42,42,0.0,0.0,0.0,0.0,0.0,0.0,0.0,2,0.0,0,Benign,validation
17672976,42.0,63.0,1.0,0.0,4,0.0,0.0,4,42,42,0.0,0.0,0.0,0.0,0.0,0.0,0.0,1,0.0,0,Benign,train
1447652,1351.125854,117.0,11.0,0.0,1,0.0,0.0,4,193211,197766,28.77603,4.934663,317992.1563,4.934663,311040.5,32.221046,4.934663,2,4.934663,0,Benign,validation
35708868,42.0,63.0,1.0,0.0,6,0.0,0.0,4,42,42,0.0,0.0,0.0,0.0,0.0,0.0,0.0,2,0.0,0,Benign,validation
24207392,42.0,63.0,1.0,0.0,6,0.0,0.0,4,84,84,0.388818,2.571899,130.642776,2.571899,130.642776,0.388818,2.571899,2,2.571899,0,Benign,validation
1753768,74.0,249.0,7.0,0.0,4,0.0,0.0,4,74,74,0.0,0.0,0.0,0.0,0.0,0.0,0.0,1,0.0,0,Benign,validation
28583632,42.0,63.0,1.0,0.0,6,0.0,0.0,4,84,84,0.38698,2.584114,130.025223,2.584114,130.025223,0.38698,2.584114,2,2.584114,0,Benign,train
2114368,74.0,249.0,7.0,0.0,4,0.0,0.0,4,74,74,0.0,0.0,0.0,0.0,0.0,0.0,0.0,1,0.0,0,Benign,train
38952572,42.0,63.0,1.0,0.0,6,0.0,0.0,4,42,42,0.0,0.0,0.0,0.0,0.0,0.0,0.0,2,0.0,0,Benign,train
30539624,42.0,63.0,1.0,0.0,6,0.0,0.0,4,84,84,0.388681,2.572805,130.596771,2.572805,130.596771,0.388681,2.572805,2,2.572805,0,Benign,test
29674944,42.0,63.0,1.0,0.0,6,0.0,0.0,4,84,84,0.388283,2.575442,130.463043,2.575442,130.463043,0.388283,2.575442,2,2.575442,0,Benign,train
33602200,42.0,63.0,1.0,0.0,6,0.0,0.0,4,42,42,0.0,0.0,0.0,0.0,0.0,0.0,0.0,2,0.0,0,Benign,test
944828,74.0,249.0,7.0,0.0,4,0.0,0.0,4,74,74,0.0,0.0,0.0,0.0,0.0,0.0,0.0,1,0.0,0,Benign,train
15932396,42.0,63.0,1.0,0.0,4,0.0,0.0,4,42,42,0.0,0.0,0.0,0.0,0.0,0.0,0.0,1,0.0,0,Benign,train
101116,317.846161,64.0,0.0,0.0,1,0.0,0.0,4,4132,217922,81.770607,0.146752,11788269.0,0.146752,207969.9063,1151.602661,0.146752,2,0.146752,0,Benign,validation
34492668,42.0,63.0,1.0,0.0,6,0.0,0.0,4,42,42,0.0,0.0,0.0,0.0,0.0,0.0,0.0,2,0.0,0,Benign,train
33839096,42.0,63.0,1.0,0.0,6,0.0,0.0,4,42,42,0.0,0.0,0.0,0.0,0.0,0.0,0.0,2,0.0,0,Benign,validation
30624624,42.0,63.0,1.0,0.0,6,0.0,0.0,4,84,84,0.388223,2.575842,130.442795,2.575842,130.442795,0.388223,2.575842,2,2.575842,0,Benign,train
862264,74.0,249.0,7.0,0.0,4,0.0,0.0,4,74,74,0.0,0.0,0.0,0.0,0.0,0.0,0.0,1,0.0,0,Benign,train
23716640,42.0,63.0,1.0,0.0,6,0.0,0.0,4,42,42,0.0,0.0,0.0,0.0,0.0,0.0,0.0,2,0.0,0,Benign,validation
27856544,42.0,63.0,1.0,0.0,6,0.0,0.0,4,42,42,0.0,0.0,0.0,0.0,0.0,0.0,0.0,2,0.0,0,Benign,train
7256516,74.0,249.0,7.0,0.0,4,0.0,0.0,4,74,74,0.0,0.0,0.0,0.0,0.0,0.0,0.0,1,0.0,0,Benign,train
18862456,42.0,63.0,1.0,0.0,4,0.0,0.0,4,42,42,0.0,0.0,0.0,0.0,0.0,0.0,0.0,1,0.0,0,Benign,train
26468188,42.0,63.0,1.0,0.0,6,0.0,0.0,4,84,84,0.38902,2.570561,130.71077,2.570561,130.71077,0.38902,2.570561,2,2.570561,0,Benign,train
30989312,42.0,63.0,1.0,0.0,6,0.0,0.0,4,84,84,0.388252,2.575647,130.452652,2.575647,130.452652,0.388252,2.575647,2,2.575647,0,Benign,train
16229348,42.0,63.0,1.0,0.0,4,0.0,0.0,4,42,42,0.0,0.0,0.0,0.0,0.0,0.0,0.0,1,0.0,0,Benign,train
19121568,42.0,63.0,1.0,0.0,4,0.0,0.0,4,84,84,0.386472,2.587511,129.854523,2.587511,129.854523,0.386472,2.587511,1,2.587511,0,Benign,train
16833900,42.0,63.0,1.0,0.0,4,0.0,0.0,4,84,84,0.356113,2.808095,119.654076,2.808095,119.654076,0.356113,2.808095,1,2.808095,0,Benign,train
18147852,42.0,63.0,1.0,0.0,4,0.0,0.0,4,84,84,0.375323,2.664371,126.108566,2.664371,126.108566,0.375323,2.664371,1,2.664371,0,Benign,train
34492428,42.0,63.0,1.0,0.0,6,0.0,0.0,4,42,42,0.0,0.0,0.0,0.0,0.0,0.0,0.0,2,0.0,0,Benign,train
209324,176.0,64.0,0.0,0.0,1,0.0,0.0,4,528,728,27.399887,0.072993,53265.37891,0.072993,38579.03906,68.499718,0.072993,2,0.072993,0,Benign,train
3870324,74.0,249.0,7.0,0.0,4,0.0,0.0,4,74,74,0.0,0.0,0.0,0.0,0.0,0.0,0.0,1,0.0,0,Benign,validation
35619660,42.0,63.0,1.0,0.0,6,0.0,0.0,4,84,84,0.387938,2.577733,130.347092,2.577733,130.347092,0.387938,2.577733,2,2.577733,0,Benign,validation
20885692,42.0,63.0,1.0,0.0,6,0.0,0.0,4,42,42,0.0,0.0,0.0,0.0,0.0,0.0,0.0,2,0.0,0,Benign,validation
103724,690.799988,64.0,0.0,0.0,1,0.0,0.0,4,10362,15773,3.097287,4.520085,25898.62695,4.520085,17118.26172,5.752104,4.520085,2,4.520085,0,Benign,train
21321620,42.0,63.0,1.0,0.0,4,0.0,0.0,4,42,42,0.0,0.0,0.0,0.0,0.0,0.0,0.0,1,0.0,0,Benign,validation
19677476,42.0,63.0,1.0,0.0,4,0.0,0.0,4,84,84,0.386556,2.586944,129.88298,2.586944,129.88298,0.386556,2.586944,1,2.586944,0,Benign,train
29569920,42.0,63.0,1.0,0.0,6,0.0,0.0,4,42,42,0.0,0.0,0.0,0.0,0.0,0.0,0.0,2,0.0,0,Benign,train
26491452,42.0,63.0,1.0,0.0,6,0.0,0.0,4,84,84,0.388822,2.571871,130.64418,2.571871,130.64418,0.388822,2.571871,2,2.571871,0,Benign,train
392840,98.0,58.0,6.0,0.0,2,0.0,0.0,0,98,98,0.0,0.0,0.0,0.0,0.0,0.0,0.0,1,0.0,0,Benign,test
1074044,74.0,249.0,7.0,0.0,4,0.0,0.0,4,74,74,0.0,0.0,0.0,0.0,0.0,0.0,0.0,1,0.0,0,Benign,validation
9951060,74.0,249.0,7.0,0.0,4,0.0,0.0,4,74,74,0.0,0.0,0.0,0.0,0.0,0.0,0.0,1,0.0,0,Benign,validation
2897772,74.0,249.0,7.0,0.0,4,0.0,0.0,4,74,74,0.0,0.0,0.0,0.0,0.0,0.0,0.0,1,0.0,0,Benign,test
30987296,42.0,63.0,1.0,0.0,6,0.0,0.0,4,42,42,0.0,0.0,0.0,0.0,0.0,0.0,0.0,2,0.0,0,Benign,test
38867132,42.0,63.0,1.0,0.0,6,0.0,0.0,4,42,42,0.0,0.0,0.0,0.0,0.0,0.0,0.0,2,0.0,0,Benign,test
32956544,42.0,63.0,1.0,0.0,6,0.0,0.0,4,42,42,0.0,0.0,0.0,0.0,0.0,0.0,0.0,2,0.0,0,Benign,train
35877180,42.0,63.0,1.0,0.0,6,0.0,0.0,4,84,84,0.387622,2.579832,130.241028,2.579832,130.241028,0.387622,2.579832,2,2.579832,0,Benign,train
25751432,42.0,63.0,1.0,0.0,4,0.0,0.0,4,84,84,0.388977,2.570849,130.696121,2.570849,130.696121,0.388977,2.570849,1,2.570849,0,Benign,train
1462188,74.0,249.0,7.0,0.0,4,0.0,0.0,4,74,74,0.0,0.0,0.0,0.0,0.0,0.0,0.0,1,0.0,0,Benign,train
15393168,98.0,58.0,6.0,0.0,2,0.0,0.0,0,98,98,0.0,0.0,0.0,0.0,0.0,0.0,0.0,1,0.0,0,Benign,validation
31398720,42.0,63.0,1.0,0.0,6,0.0,0.0,4,84,84,0.38827,2.575529,130.458633,2.575529,130.458633,0.38827,2.575529,2,2.575529,0,Benign,train
6505924,66.0,115.0,13.0,0.0,3,0.0,0.0,3,66,132,0.0,0.136447,0.0,0.136447,0.0,7.328853,0.136447,1,0.136447,0,Benign,test
16217912,74.0,64.0,0.0,0.0,6,0.0,0.0,3,74,74,0.0,0.0,0.0,0.0,0.0,0.0,0.0,2,0.0,0,Benign,train
23921448,42.0,63.0,1.0,0.0,6,0.0,0.0,4,42,42,0.0,0.0,0.0,0.0,0.0,0.0,0.0,2,0.0,0,Benign,validation
1789500,74.0,249.0,7.0,0.0,4,0.0,0.0,4,74,74,0.0,0.0,0.0,0.0,0.0,0.0,0.0,1,0.0,0,Benign,train
937308,60.0,255.0,1.0,0.0,4,0.0,0.0,4,60,60,0.0,0.0,0.0,0.0,0.0,0.0,0.0,1,0.0,0,Benign,train
4985268,74.0,249.0,7.0,0.0,4,0.0,0.0,4,74,74,0.0,0.0,0.0,0.0,0.0,0.0,0.0,1,0.0,0,Benign,train
1463168,74.0,249.0,7.0,0.0,4,0.0,0.0,4,74,74,0.0,0.0,0.0,0.0,0.0,0.0,0.0,1,0.0,0,Benign,validation
25366184,42.0,63.0,1.0,0.0,4,0.0,0.0,4,42,42,0.0,0.0,0.0,0.0,0.0,0.0,0.0,1,0.0,0,Benign,test
2944948,74.0,249.0,7.0,0.0,4,0.0,0.0,4,74,74,0.0,0.0,0.0,0.0,0.0,0.0,0.0,1,0.0,0,Benign,validation
2560936,74.0,249.0,7.0,0.0,4,0.0,0.0,4,74,74,0.0,0.0,0.0,0.0,0.0,0.0,0.0,1,0.0,0,Benign,test
23005300,42.0,63.0,1.0,0.0,6,0.0,0.0,4,84,84,0.388341,2.575055,130.482651,2.575055,130.482651,0.388341,2.575055,2,2.575055,0,Benign,validation
34009840,42.0,63.0,1.0,0.0,6,0.0,0.0,4,84,84,0.387057,2.583599,130.051132,2.583599,130.051132,0.387057,2.583599,2,2.583599,0,Benign,train
23364584,42.0,63.0,1.0,0.0,6,0.0,0.0,4,42,42,0.0,0.0,0.0,0.0,0.0,0.0,0.0,2,0.0,0,Benign,validation
36544580,42.0,63.0,1.0,0.0,6,0.0,0.0,4,42,42,0.0,0.0,0.0,0.0,0.0,0.0,0.0,2,0.0,0,Benign,train
3873404,74.0,249.0,7.0,0.0,4,0.0,0.0,4,74,74,0.0,0.0,0.0,0.0,0.0,0.0,0.0,1,0.0,0,Benign,train
17278640,98.0,58.0,6.0,0.0,2,0.0,0.0,0,98,98,0.0,0.0,0.0,0.0,0.0,0.0,0.0,1,0.0,0,Benign,validation
17665156,74.0,249.0,7.0,0.0,4,0.0,0.0,4,74,74,0.0,0.0,0.0,0.0,0.0,0.0,0.0,1,0.0,0,Benign,train
774512,74.0,249.0,7.0,0.0,4,0.0,0.0,4,74,74,0.0,0.0,0.0,0.0,0.0,0.0,0.0,1,0.0,0,Benign,train
4129168,74.0,249.0,7.0,0.0,4,0.0,0.0,4,74,74,0.0,0.0,0.0,0.0,0.0,0.0,0.0,1,0.0,0,Benign,train
34068992,42.0,63.0,1.0,0.0,6,0.0,0.0,4,42,42,0.0,0.0,0.0,0.0,0.0,0.0,0.0,2,0.0,0,Benign,train
15417540,98.0,58.0,6.0,0.0,2,0.0,0.0,0,98,98,0.0,0.0,0.0,0.0,0.0,0.0,0.0,1,0.0,0,Benign,test
15659968,42.0,63.0,1.0,0.0,4,0.0,0.0,4,42,42,0.0,0.0,0.0,0.0,0.0,0.0,0.0,1,0.0,0,Benign,validation
38051476,42.0,63.0,1.0,0.0,6,0.0,0.0,4,42,42,0.0,0.0,0.0,0.0,0.0,0.0,0.0,2,0.0,0,Benign,train
5598108,74.0,249.0,7.0,0.0,4,0.0,0.0,4,74,74,0.0,0.0,0.0,0.0,0.0,0.0,0.0,1,0.0,0,Benign,train
4282992,74.0,249.0,7.0,0.0,4,0.0,0.0,4,74,74,0.0,0.0,0.0,0.0,0.0,0.0,0.0,1,0.0,0,Benign,train
18644316,42.0,63.0,1.0,0.0,4,0.0,0.0,4,42,42,0.0,0.0,0.0,0.0,0.0,0.0,0.0,1,0.0,0,Benign,train
37580012,42.0,63.0,1.0,0.0,6,0.0,0.0,4,42,42,0.0,0.0,0.0,0.0,0.0,0.0,0.0,2,0.0,0,Benign,train
38522212,42.0,63.0,1.0,0.0,6,0.0,0.0,4,42,42,0.0,0.0,0.0,0.0,0.0,0.0,0.0,2,0.0,0,Benign,test
5438296,74.0,249.0,7.0,0.0,4,0.0,0.0,4,74,74,0.0,0.0,0.0,0.0,0.0,0.0,0.0,1,0.0,0,Benign,train
123312,98.0,58.0,6.0,0.0,2,0.0,0.0,0,98,98,0.0,0.0,0.0,0.0,0.0,0.0,0.0,1,0.0,0,Benign,test
1096876,803.700012,64.0,0.0,0.0,1,0.0,0.0,4,8037,12048,52.020718,0.173008,493480.0938,0.173008,334504.7813,92.481277,0.173008,1,0.173008,0,Benign,train
23922464,42.0,63.0,1.0,0.0,4,0.0,0.0,4,84,84,0.387754,2.578957,130.285217,2.578957,130.285217,0.387754,2.578957,1,2.578957,0,Benign,train
35177756,42.0,63.0,1.0,0.0,6,0.0,0.0,4,84,84,0.387582,2.580096,130.227707,2.580096,130.227707,0.387582,2.580096,2,2.580096,0,Benign,test
27549044,42.0,63.0,1.0,0.0,6,0.0,0.0,4,42,42,0.0,0.0,0.0,0.0,0.0,0.0,0.0,2,0.0,0,Benign,train
25581024,42.0,63.0,1.0,0.0,6,0.0,0.0,4,42,42,0.0,0.0,0.0,0.0,0.0,0.0,0.0,2,0.0,0,Benign,train
15592152,42.0,63.0,1.0,0.0,4,0.0,0.0,4,84,84,0.347584,2.877002,116.788239,2.877002,116.788239,0.347584,2.877002,1,2.877002,0,Benign,train
855896,98.0,58.0,6.0,0.0,2,0.0,0.0,0,98,98,0.0,0.0,0.0,0.0,0.0,0.0,0.0,1,0.0,0,Benign,test
1966440,74.0,249.0,7.0,0.0,4,0.0,0.0,4,74,74,0.0,0.0,0.0,0.0,0.0,0.0,0.0,1,0.0,0,Benign,train
28535976,42.0,63.0,1.0,0.0,6,0.0,0.0,4,42,42,0.0,0.0,0.0,0.0,0.0,0.0,0.0,2,0.0,0,Benign,train
21046700,42.0,63.0,1.0,0.0,6,0.0,0.0,4,42,42,0.0,0.0,0.0,0.0,0.0,0.0,0.0,2,0.0,0,Benign,train
33253440,42.0,63.0,1.0,0.0,6,0.0,0.0,4,84,84,0.387346,2.581668,130.148422,2.581668,130.148422,0.387346,2.581668,2,2.581668,0,Benign,train
2914012,74.0,249.0,7.0,0.0,4,0.0,0.0,4,74,74,0.0,0.0,0.0,0.0,0.0,0.0,0.0,1,0.0,0,Benign,validation
17303992,74.0,249.0,7.0,0.0,4,0.0,0.0,4,74,74,0.0,0.0,0.0,0.0,0.0,0.0,0.0,1,0.0,0,Benign,train
29578800,42.0,63.0,1.0,0.0,6,0.0,0.0,4,84,84,0.387614,2.579887,130.238266,2.579887,130.238266,0.387614,2.579887,2,2.579887,0,Benign,train
30563696,42.0,63.0,1.0,0.0,6,0.0,0.0,4,42,42,0.0,0.0,0.0,0.0,0.0,0.0,0.0,2,0.0,0,Benign,test
29769328,42.0,63.0,1.0,0.0,6,0.0,0.0,4,84,84,0.387933,2.577767,130.345383,2.577767,130.345383,0.387933,2.577767,2,2.577767,0,Benign,test
16409228,42.0,63.0,1.0,0.0,4,0.0,0.0,4,84,84,0.353092,2.832121,118.639,2.832121,118.639,0.353092,2.832121,1,2.832121,0,Benign,test
22182692,42.0,63.0,1.0,0.0,4,0.0,0.0,4,84,84,0.388168,2.576204,130.424454,2.576204,130.424454,0.388168,2.576204,1,2.576204,0,Benign,test
38620636,42.0,63.0,1.0,0.0,6,0.0,0.0,4,42,42,0.0,0.0,0.0,0.0,0.0,0.0,0.0,2,0.0,0,Benign,test
20465172,42.0,63.0,1.0,0.0,4,0.0,0.0,4,42,42,0.0,0.0,0.0,0.0,0.0,0.0,0.0,1,0.0,0,Benign,train
4365512,74.0,249.0,7.0,0.0,4,0.0,0.0,4,74,74,0.0,0.0,0.0,0.0,0.0,0.0,0.0,1,0.0,0,Benign,train
23078956,42.0,63.0,1.0,0.0,6,0.0,0.0,4,84,84,0.388013,2.57723,130.372528,2.57723,130.372528,0.388013,2.57723,2,2.57723,0,Benign,train
15982276,42.0,63.0,1.0,0.0,4,0.0,0.0,4,84,84,0.350564,2.852547,117.789474,2.852547,117.789474,0.350564,2.852547,1,2.852547,0,Benign,train
213272,74.0,249.0,7.0,0.0,4,0.0,0.0,4,74,74,0.0,0.0,0.0,0.0,0.0,0.0,0.0,1,0.0,0,Benign,train
26555324,42.0,63.0,1.0,0.0,6,0.0,0.0,4,84,84,0.388723,2.572523,130.611069,2.572523,130.611069,0.388723,2.572523,2,2.572523,0,Benign,train
25110720,42.0,63.0,1.0,0.0,6,0.0,0.0,4,42,42,0.0,0.0,0.0,0.0,0.0,0.0,0.0,2,0.0,0,Benign,train
2065640,74.0,249.0,7.0,0.0,4,0.0,0.0,4,74,74,0.0,0.0,0.0,0.0,0.0,0.0,0.0,1,0.0,0,Benign,train
34650452,42.0,63.0,1.0,0.0,6,0.0,0.0,4,84,84,0.387458,2.580923,130.185974,2.580923,130.185974,0.387458,2.580923,2,2.580923,0,Benign,validation
34161936,42.0,63.0,1.0,0.0,6,0.0,0.0,4,84,84,0.387616,2.57987,130.23912,2.57987,130.23912,0.387616,2.57987,2,2.57987,0,Benign,train
38553012,42.0,63.0,1.0,0.0,6,0.0,0.0,4,42,42,0.0,0.0,0.0,0.0,0.0,0.0,0.0,2,0.0,0,Benign,train
302784,64.0,249.0,7.0,0.0,4,0.0,0.0,4,64,64,0.0,0.0,0.0,0.0,0.0,0.0,0.0,1,0.0,0,Benign,train
128916,54.0,52.0,12.0,0.0,8,0.0,0.0,3,108,271,0.0,0.0,0.0,0.0,0.0,0.0,0.0,2,0.0,0,Benign,train
35769956,42.0,63.0,1.0,0.0,6,0.0,0.0,4,84,84,0.38857,2.57354,130.559464,2.57354,130.559464,0.38857,2.57354,2,2.57354,0,Benign,validation
24449664,42.0,63.0,1.0,0.0,6,0.0,0.0,4,42,42,0.0,0.0,0.0,0.0,0.0,0.0,0.0,2,0.0,0,Benign,train
37155572,42.0,63.0,1.0,0.0,6,0.0,0.0,4,42,42,0.0,0.0,0.0,0.0,0.0,0.0,0.0,2,0.0,0,Benign,train
23097956,42.0,63.0,1.0,0.0,6,0.0,0.0,4,42,42,0.0,0.0,0.0,0.0,0.0,0.0,0.0,2,0.0,0,Benign,test
34379196,42.0,63.0,1.0,0.0,6,0.0,0.0,4,84,84,0.387162,2.582898,130.086441,2.582898,130.086441,0.387162,2.582898,2,2.582898,0,Benign,train
3060356,74.0,249.0,7.0,0.0,4,0.0,0.0,4,74,74,0.0,0.0,0.0,0.0,0.0,0.0,0.0,1,0.0,0,Benign,train
1106480,98.0,58.0,6.0,0.0,2,0.0,0.0,0,98,98,0.0,0.0,0.0,0.0,0.0,0.0,0.0,1,0.0,0,Benign,train
2695672,74.0,249.0,7.0,0.0,4,0.0,0.0,4,74,74,0.0,0.0,0.0,0.0,0.0,0.0,0.0,1,0.0,0,Benign,train
26353428,42.0,63.0,1.0,0.0,6,0.0,0.0,4,42,42,0.0,0.0,0.0,0.0,0.0,0.0,0.0,2,0.0,0,Benign,test
16205764,42.0,63.0,1.0,0.0,4,0.0,0.0,4,84,84,0.351174,2.847595,117.994308,2.847595,117.994308,0.351174,2.847595,1,2.847595,0,Benign,test
1814820,74.0,249.0,7.0,0.0,4,0.0,0.0,4,74,74,0.0,0.0,0.0,0.0,0.0,0.0,0.0,1,0.0,0,Benign,test
2495376,98.0,58.0,6.0,0.0,2,0.0,0.0,0,98,196,0.0,0.099478,0.0,0.099478,0.0,10.052474,0.099478,1,0.099478,0,Benign,test
31120280,42.0,63.0,1.0,0.0,6,0.0,0.0,4,84,84,0.388486,2.574096,130.531265,2.574096,130.531265,0.388486,2.574096,2,2.574096,0,Benign,train
15921488,98.0,58.0,6.0,0.0,2,0.0,0.0,0,98,98,0.0,0.0,0.0,0.0,0.0,0.0,0.0,1,0.0,0,Benign,test
36638324,42.0,63.0,1.0,0.0,6,0.0,0.0,4,84,84,0.387761,2.578908,130.287704,2.578908,130.287704,0.387761,2.578908,2,2.578908,0,Benign,train
30059232,42.0,63.0,1.0,0.0,6,0.0,0.0,4,84,84,0.388479,2.574141,130.528976,2.574141,130.528976,0.388479,2.574141,2,2.574141,0,Benign,train
2622268,74.0,249.0,7.0,0.0,4,0.0,0.0,4,74,74,0.0,0.0,0.0,0.0,0.0,0.0,0.0,1,0.0,0,Benign,train
29407400,42.0,63.0,1.0,0.0,6,0.0,0.0,4,84,84,0.387737,2.579067,130.279678,2.579067,130.279678,0.387737,2.579067,2,2.579067,0,Benign,test
36442628,42.0,63.0,1.0,0.0,6,0.0,0.0,4,42,42,0.0,0.0,0.0,0.0,0.0,0.0,0.0,2,0.0,0,Benign,validation
16774916,74.0,249.0,7.0,0.0,4,0.0,0.0,4,74,74,0.0,0.0,0.0,0.0,0.0,0.0,0.0,1,0.0,0,Benign,train
35479380,42.0,63.0,1.0,0.0,6,0.0,0.0,4,42,42,0.0,0.0,0.0,0.0,0.0,0.0,0.0,2,0.0,0,Benign,train
28610072,42.0,63.0,1.0,0.0,6,0.0,0.0,4,84,84,0.387115,2.583214,130.070526,2.583214,130.070526,0.387115,2.583214,2,2.583214,0,Benign,train
18029012,42.0,63.0,1.0,0.0,4,0.0,0.0,4,42,42,0.0,0.0,0.0,0.0,0.0,0.0,0.0,1,0.0,0,Benign,test
27048492,42.0,63.0,1.0,0.0,6,0.0,0.0,4,42,42,0.0,0.0,0.0,0.0,0.0,0.0,0.0,2,0.0,0,Benign,train
34059168,42.0,63.0,1.0,0.0,6,0.0,0.0,4,84,84,0.387123,2.583157,130.073395,2.583157,130.073395,0.387123,2.583157,2,2.583157,0,Benign,train
37218372,42.0,63.0,1.0,0.0,6,0.0,0.0,4,84,84,0.388335,2.575093,130.480728,2.575093,130.480728,0.388335,2.575093,2,2.575093,0,Benign,validation
29662216,42.0,63.0,1.0,0.0,6,0.0,0.0,4,42,42,0.0,0.0,0.0,0.0,0.0,0.0,0.0,2,0.0,0,Benign,test
686036,98.0,58.0,6.0,0.0,2,0.0,0.0,0,98,98,0.0,0.0,0.0,0.0,0.0,0.0,0.0,1,0.0,0,Benign,train
36202532,42.0,63.0,1.0,0.0,6,0.0,0.0,4,84,84,0.388512,2.573926,130.539886,2.573926,130.539886,0.388512,2.573926,2,2.573926,0,Benign,validation
19796556,42.0,63.0,1.0,0.0,4,0.0,0.0,4,84,84,0.386118,2.589881,129.735687,2.589881,129.735687,0.386118,2.589881,1,2.589881,0,Benign,train
18991992,42.0,63.0,1.0,0.0,4,0.0,0.0,4,84,84,0.387465,2.58088,130.188156,2.58088,130.188156,0.387465,2.58088,1,2.58088,0,Benign,train
1701484,74.0,249.0,7.0,0.0,4,0.0,0.0,4,74,74,0.0,0.0,0.0,0.0,0.0,0.0,0.0,1,0.0,0,Benign,test
35383532,42.0,63.0,1.0,0.0,6,0.0,0.0,4,84,84,0.388227,2.575815,130.444153,2.575815,130.444153,0.388227,2.575815,2,2.575815,0,Benign,test
6152116,98.0,58.0,6.0,0.0,2,0.0,0.0,0,98,98,0.0,0.0,0.0,0.0,0.0,0.0,0.0,1,0.0,0,Benign,validation
26880460,42.0,63.0,1.0,0.0,6,0.0,0.0,4,84,84,0.388196,2.576021,130.433716,2.576021,130.433716,0.388196,2.576021,2,2.576021,0,Benign,train
1042896,74.0,249.0,7.0,0.0,4,0.0,0.0,4,74,74,0.0,0.0,0.0,0.0,0.0,0.0,0.0,1,0.0,0,Benign,train
35681476,42.0,63.0,1.0,0.0,6,0.0,0.0,4,84,84,0.387887,2.578073,130.329895,2.578073,130.329895,0.387887,2.578073,2,2.578073,0,Benign,train
34123632,42.0,63.0,1.0,0.0,6,0.0,0.0,4,42,42,0.0,0.0,0.0,0.0,0.0,0.0,0.0,2,0.0,0,Benign,validation
37514972,42.0,63.0,1.0,0.0,6,0.0,0.0,4,42,42,0.0,0.0,0.0,0.0,0.0,0.0,0.0,2,0.0,0,Benign,validation
21517860,42.0,63.0,1.0,0.0,4,0.0,0.0,4,84,84,0.385797,2.59204,129.627625,2.59204,129.627625,0.385797,2.59204,1,2.59204,0,Benign,train
24622744,42.0,63.0,1.0,0.0,6,0.0,0.0,4,84,84,0.388121,2.576518,130.408554,2.576518,130.408554,0.388121,2.576518,2,2.576518,0,Benign,train
5408352,74.0,249.0,7.0,0.0,4,0.0,0.0,4,74,74,0.0,0.0,0.0,0.0,0.0,0.0,0.0,1,0.0,0,Benign,validation
29536736,42.0,63.0,1.0,0.0,6,0.0,0.0,4,84,84,0.388602,2.573326,130.570312,2.573326,130.570312,0.388602,2.573326,2,2.573326,0,Benign,train
30477664,42.0,63.0,1.0,0.0,6,0.0,0.0,4,42,42,0.0,0.0,0.0,0.0,0.0,0.0,0.0,2,0.0,0,Benign,train
3020400,74.0,249.0,7.0,0.0,4,0.0,0.0,4,74,74,0.0,0.0,0.0,0.0,0.0,0.0,0.0,1,0.0,0,Benign,train
1970212,74.0,249.0,7.0,0.0,4,0.0,0.0,4,74,74,0.0,0.0,0.0,0.0,0.0,0.0,0.0,1,0.0,0,Benign,train
34948140,42.0,63.0,1.0,0.0,6,0.0,0.0,4,84,84,0.387576,2.580139,130.22554,2.580139,130.22554,0.387576,2.580139,2,2.580139,0,Benign,train
1437148,74.0,249.0,7.0,0.0,4,0.0,0.0,4,74,74,0.0,0.0,0.0,0.0,0.0,0.0,0.0,1,0.0,0,Benign,test
19725988,42.0,63.0,1.0,0.0,4,0.0,0.0,4,42,42,0.0,0.0,0.0,0.0,0.0,0.0,0.0,1,0.0,0,Benign,train
24263656,42.0,63.0,1.0,0.0,4,0.0,0.0,4,84,84,0.388814,2.571926,130.641388,2.571926,130.641388,0.388814,2.571926,1,2.571926,0,Benign,train
39342780,177.0,64.0,0.0,0.0,1,0.0,0.0,4,531,734,29.969282,0.066735,58739.79297,0.066735,42436.50391,74.923203,0.066735,2,0.066735,0,Benign,test
36457260,42.0,63.0,1.0,0.0,6,0.0,0.0,4,84,84,0.388779,2.572154,130.629807,2.572154,130.629807,0.388779,2.572154,2,2.572154,0,Benign,validation
30118680,42.0,63.0,1.0,0.0,6,0.0,0.0,4,42,42,0.0,0.0,0.0,0.0,0.0,0.0,0.0,2,0.0,0,Benign,test
35130564,42.0,63.0,1.0,0.0,6,0.0,0.0,4,42,42,0.0,0.0,0.0,0.0,0.0,0.0,0.0,2,0.0,0,Benign,test
1133008,1348.322021,117.0,11.0,0.0,1,0.0,0.0,4,238653,245043,35.207912,4.998876,389535.5625,4.998876,379773.375,39.608902,4.998876,2,4.998876,0,Benign,train
16355008,74.0,64.0,0.0,0.0,6,0.0,0.0,3,74,74,0.0,0.0,0.0,0.0,0.0,0.0,0.0,2,0.0,0,Benign,test
35920572,42.0,63.0,1.0,0.0,6,0.0,0.0,4,84,84,0.387642,2.579703,130.247543,2.579703,130.247543,0.387642,2.579703,2,2.579703,0,Benign,test
32647392,42.0,63.0,1.0,0.0,6,0.0,0.0,4,84,84,0.38745,2.580977,130.183258,2.580977,130.183258,0.38745,2.580977,2,2.580977,0,Benign,train
23488768,42.0,63.0,1.0,0.0,6,0.0,0.0,4,42,42,0.0,0.0,0.0,0.0,0.0,0.0,0.0,2,0.0,0,Benign,train
35405892,42.0,63.0,1.0,0.0,6,0.0,0.0,4,84,84,0.387486,2.580736,130.195419,2.580736,130.195419,0.387486,2.580736,2,2.580736,0,Benign,test
18699172,42.0,63.0,1.0,0.0,4,0.0,0.0,4,42,42,0.0,0.0,0.0,0.0,0.0,0.0,0.0,1,0.0,0,Benign,test
38842092,42.0,63.0,1.0,0.0,6,0.0,0.0,4,42,42,0.0,0.0,0.0,0.0,0.0,0.0,0.0,2,0.0,0,Benign,train
36636676,42.0,63.0,1.0,0.0,6,0.0,0.0,4,42,42,0.0,0.0,0.0,0.0,0.0,0.0,0.0,2,0.0,0,Benign,train
1111736,98.0,58.0,6.0,0.0,2,0.0,0.0,0,98,98,0.0,0.0,0.0,0.0,0.0,0.0,0.0,1,0.0,0,Benign,test
1604,671.454529,64.0,0.0,0.0,1,0.0,0.0,4,7386,11974,27.479925,0.363902,240086.6094,0.363902,147622.1563,60.455837,0.363902,1,0.363902,0,Benign,validation
17887640,42.0,63.0,1.0,0.0,4,0.0,0.0,4,84,84,0.371936,2.688633,124.970573,2.688633,124.970573,0.371936,2.688633,1,2.688633,0,Benign,train
38382428,42.0,63.0,1.0,0.0,6,0.0,0.0,4,42,42,0.0,0.0,0.0,0.0,0.0,0.0,0.0,2,0.0,0,Benign,test
21034220,42.0,63.0,1.0,0.0,6,0.0,0.0,4,84,84,0.385786,2.592111,129.624069,2.592111,129.624069,0.385786,2.592111,2,2.592111,0,Benign,train
340912,98.0,58.0,6.0,0.0,2,0.0,0.0,0,98,98,0.0,0.0,0.0,0.0,0.0,0.0,0.0,1,0.0,0,Benign,train
39508564,1358.438965,117.0,11.0,0.0,1,0.0,0.0,4,355911,359790,52.217857,4.99829,573300.0625,4.99829,567478.875,55.418953,4.99829,2,4.99829,0,Benign,validation
17738248,42.0,63.0,1.0,0.0,4,0.0,0.0,4,42,42,0.0,0.0,0.0,0.0,0.0,0.0,0.0,1,0.0,0,Benign,train
24610544,42.0,63.0,1.0,0.0,6,0.0,0.0,4,84,84,0.387794,2.578691,130.29866,2.578691,130.29866,0.387794,2.578691,2,2.578691,0,Benign,train
16570140,74.0,249.0,7.0,0.0,4,0.0,0.0,4,74,74,0.0,0.0,0.0,0.0,0.0,0.0,0.0,1,0.0,0,Benign,validation
263784,424.882355,64.0,0.0,0.0,1,0.0,0.0,4,7223,190523,3.200086,4.999866,302027.2813,4.999866,10878.69141,30.600821,4.999866,2,4.999866,0,Benign,train
37573852,42.0,63.0,1.0,0.0,6,0.0,0.0,4,42,42,0.0,0.0,0.0,0.0,0.0,0.0,0.0,2,0.0,0,Benign,validation
16911572,42.0,63.0,1.0,0.0,4,0.0,0.0,4,42,42,0.0,0.0,0.0,0.0,0.0,0.0,0.0,1,0.0,0,Benign,test
4288092,74.0,249.0,7.0,0.0,4,0.0,0.0,4,74,74,0.0,0.0,0.0,0.0,0.0,0.0,0.0,1,0.0,0,Benign,train
20525980,42.0,63.0,1.0,0.0,6,0.0,0.0,4,42,42,0.0,0.0,0.0,0.0,0.0,0.0,0.0,2,0.0,0,Benign,train
26853228,42.0,63.0,1.0,0.0,6,0.0,0.0,4,42,42,0.0,0.0,0.0,0.0,0.0,0.0,0.0,2,0.0,0,Benign,test
15747320,42.0,63.0,1.0,0.0,4,0.0,0.0,4,42,42,0.0,0.0,0.0,0.0,0.0,0.0,0.0,1,0.0,0,Benign,test
43184,1363.147705,117.0,11.0,0.0,1,0.0,0.0,4,323066,326790,47.210255,4.998914,520370.6563,4.998914,514836.6563,50.010864,4.998914,2,4.998914,0,Benign,train
84872,118.0,250.0,6.0,0.0,1,0.0,0.0,2,118,232,0.0,1e-06,0.0,1e-06,0.0,1000000.0,1e-06,2,1e-06,0,Benign,train
25084736,42.0,63.0,1.0,0.0,6,0.0,0.0,4,84,84,0.388524,2.573846,130.54393,2.573846,130.54393,0.388524,2.573846,2,2.573846,0,Benign,train
1855824,98.0,255.0,1.0,0.0,1,0.0,0.0,2,98,200,0.0,0.0,0.0,0.0,0.0,0.0,0.0,2,0.0,0,Benign,train
17780196,74.0,249.0,7.0,0.0,4,0.0,0.0,4,74,74,0.0,0.0,0.0,0.0,0.0,0.0,0.0,1,0.0,0,Benign,validation
16692548,42.0,63.0,1.0,0.0,4,0.0,0.0,4,42,42,0.0,0.0,0.0,0.0,0.0,0.0,0.0,1,0.0,0,Benign,train
31595248,42.0,63.0,1.0,0.0,6,0.0,0.0,4,42,42,0.0,0.0,0.0,0.0,0.0,0.0,0.0,2,0.0,0,Benign,train
23739504,42.0,63.0,1.0,0.0,6,0.0,0.0,4,42,42,0.0,0.0,0.0,0.0,0.0,0.0,0.0,2,0.0,0,Benign,train
23531776,42.0,63.0,1.0,0.0,6,0.0,0.0,4,42,42,0.0,0.0,0.0,0.0,0.0,0.0,0.0,2,0.0,0,Benign,test
25380584,42.0,63.0,1.0,0.0,6,0.0,0.0,4,42,42,0.0,0.0,0.0,0.0,0.0,0.0,0.0,2,0.0,0,Benign,test
32765576,42.0,63.0,1.0,0.0,6,0.0,0.0,4,42,42,0.0,0.0,0.0,0.0,0.0,0.0,0.0,2,0.0,0,Benign,train
1145828,74.0,249.0,7.0,0.0,4,0.0,0.0,4,74,74,0.0,0.0,0.0,0.0,0.0,0.0,0.0,1,0.0,0,Benign,train
31171856,42.0,63.0,1.0,0.0,6,0.0,0.0,4,84,84,0.389724,2.565917,130.947342,2.565917,130.947342,0.389724,2.565917,2,2.565917,0,Benign,train
33534344,42.0,63.0,1.0,0.0,6,0.0,0.0,4,42,42,0.0,0.0,0.0,0.0,0.0,0.0,0.0,2,0.0,0,Benign,train
20939428,42.0,63.0,1.0,0.0,6,0.0,0.0,4,84,84,0.385476,2.594195,129.519958,2.594195,129.519958,0.385476,2.594195,2,2.594195,0,Benign,train
1743704,74.0,64.0,0.0,0.0,6,0.0,0.0,3,74,74,0.0,0.0,0.0,0.0,0.0,0.0,0.0,2,0.0,0,Benign,train
4849424,98.0,58.0,6.0,0.0,2,0.0,0.0,0,98,98,0.0,0.0,0.0,0.0,0.0,0.0,0.0,1,0.0,0,Benign,test
24160800,42.0,63.0,1.0,0.0,6,0.0,0.0,4,84,84,0.389091,2.570091,130.734665,2.570091,130.734665,0.389091,2.570091,2,2.570091,0,Benign,train
17032980,42.0,63.0,1.0,0.0,4,0.0,0.0,4,42,42,0.0,0.0,0.0,0.0,0.0,0.0,0.0,1,0.0,0,Benign,validation
1563404,74.0,249.0,7.0,0.0,4,0.0,0.0,4,74,74,0.0,0.0,0.0,0.0,0.0,0.0,0.0,1,0.0,0,Benign,test
802372,74.0,249.0,7.0,0.0,4,0.0,0.0,4,74,74,0.0,0.0,0.0,0.0,0.0,0.0,0.0,1,0.0,0,Benign,train
1149748,74.0,249.0,7.0,0.0,4,0.0,0.0,4,74,74,0.0,0.0,0.0,0.0,0.0,0.0,0.0,1,0.0,0,Benign,train
4813064,74.0,249.0,7.0,0.0,4,0.0,0.0,4,74,74,0.0,0.0,0.0,0.0,0.0,0.0,0.0,1,0.0,0,Benign,test
20101780,42.0,63.0,1.0,0.0,6,0.0,0.0,4,42,42,0.0,0.0,0.0,0.0,0.0,0.0,0.0,2,0.0,0,Benign,train
23292056,42.0,63.0,1.0,0.0,6,0.0,0.0,4,42,42,0.0,0.0,0.0,0.0,0.0,0.0,0.0,2,0.0,0,Benign,train
16130236,42.0,63.0,1.0,0.0,4,0.0,0.0,4,84,84,0.35084,2.850304,117.882164,2.850304,117.882164,0.35084,2.850304,1,2.850304,0,Benign,test
27072988,42.0,63.0,1.0,0.0,6,0.0,0.0,4,84,84,0.389189,2.569445,130.767548,2.569445,130.767548,0.389189,2.569445,2,2.569445,0,Benign,train
7117644,98.0,58.0,6.0,0.0,2,0.0,0.0,0,98,98,0.0,0.0,0.0,0.0,0.0,0.0,0.0,1,0.0,0,Benign,train
29521352,42.0,63.0,1.0,0.0,6,0.0,0.0,4,42,42,0.0,0.0,0.0,0.0,0.0,0.0,0.0,2,0.0,0,Benign,train
155764,118.0,250.0,6.0,0.0,1,0.0,0.0,2,118,232,0.0,0.000107,0.0,0.000107,0.0,9345.793945,0.000107,2,0.000107,0,Benign,train
2959292,74.0,249.0,7.0,0.0,4,0.0,0.0,4,74,74,0.0,0.0,0.0,0.0,0.0,0.0,0.0,1,0.0,0,Benign,train
23952828,145.5,64.0,0.0,0.014982,1,0.013974,0.001008,3,291,847,63.043755,0.015862,213844.4219,0.015862,73635.10938,189.131271,0.015862,2,0.015862,0,Benign,validation
974960,74.0,249.0,7.0,0.0,4,0.0,0.0,4,74,74,0.0,0.0,0.0,0.0,0.0,0.0,0.0,1,0.0,0,Benign,train
24246352,42.0,63.0,1.0,0.0,6,0.0,0.0,4,42,42,0.0,0.0,0.0,0.0,0.0,0.0,0.0,2,0.0,0,Benign,train
1821872,74.0,249.0,7.0,0.0,4,0.0,0.0,4,74,74,0.0,0.0,0.0,0.0,0.0,0.0,0.0,1,0.0,0,Benign,train
2219816,74.0,249.0,7.0,0.0,4,0.0,0.0,4,74,74,0.0,0.0,0.0,0.0,0.0,0.0,0.0,1,0.0,0,Benign,test
17012876,42.0,63.0,1.0,0.0,4,0.0,0.0,4,84,84,0.35779,2.794937,120.217384,2.794937,120.217384,0.35779,2.794937,1,2.794937,0,Benign,validation
16355228,74.0,249.0,7.0,0.0,4,0.0,0.0,4,74,74,0.0,0.0,0.0,0.0,0.0,0.0,0.0,1,0.0,0,Benign,train
112428,658.375,64.0,0.0,0.0,1,0.0,0.0,4,5267,8691,40.722298,0.171896,347326.3125,0.171896,214501.7969,75.627129,0.171896,1,0.171896,0,Benign,train
57664,98.0,58.0,6.0,0.0,2,0.0,0.0,0,98,98,0.0,0.0,0.0,0.0,0.0,0.0,0.0,1,0.0,0,Benign,train
18194300,42.0,63.0,1.0,0.0,4,0.0,0.0,4,84,84,0.37624,2.657879,126.416588,2.657879,126.416588,0.37624,2.657879,1,2.657879,0,Benign,train
23970608,98.0,58.0,6.0,0.0,2,0.0,0.0,0,98,98,0.0,0.0,0.0,0.0,0.0,0.0,0.0,1,0.0,0,Benign,train
874400,74.0,249.0,7.0,0.0,4,0.0,0.0,4,74,74,0.0,0.0,0.0,0.0,0.0,0.0,0.0,1,0.0,0,Benign,test
17287192,74.0,249.0,7.0,0.0,4,0.0,0.0,4,74,74,0.0,0.0,0.0,0.0,0.0,0.0,0.0,1,0.0,0,Benign,test
1619472,74.0,249.0,7.0,0.0,4,0.0,0.0,4,74,74,0.0,0.0,0.0,0.0,0.0,0.0,0.0,1,0.0,0,Benign,test
28067936,42.0,63.0,1.0,0.0,6,0.0,0.0,4,84,84,0.387326,2.581806,130.141464,2.581806,130.141464,0.387326,2.581806,2,2.581806,0,Benign,train
34370868,42.0,63.0,1.0,0.0,6,0.0,0.0,4,84,84,0.388081,2.576784,130.395096,2.576784,130.395096,0.388081,2.576784,2,2.576784,0,Benign,train
21235060,42.0,63.0,1.0,0.0,4,0.0,0.0,4,42,42,0.0,0.0,0.0,0.0,0.0,0.0,0.0,1,0.0,0,Benign,train
16184556,42.0,63.0,1.0,0.0,4,0.0,0.0,4,42,42,0.0,0.0,0.0,0.0,0.0,0.0,0.0,1,0.0,0,Benign,train
30928968,42.0,63.0,1.0,0.0,6,0.0,0.0,4,84,84,0.388173,2.576173,130.426025,2.576173,130.426025,0.388173,2.576173,2,2.576173,0,Benign,train
2965668,85.0,53.0,11.0,0.0,1,0.0,0.0,3,170,170,0.232068,4.309074,157.806534,4.309074,157.806534,0.232068,4.309074,2,4.309074,0,Benign,validation
22465120,42.0,63.0,1.0,0.0,6,0.0,0.0,4,42,42,0.0,0.0,0.0,0.0,0.0,0.0,0.0,2,0.0,0,Benign,train
20120180,42.0,63.0,1.0,0.0,6,0.0,0.0,4,42,42,0.0,0.0,0.0,0.0,0.0,0.0,0.0,2,0.0,0,Benign,test
5244744,252.0,64.0,0.0,0.0,1,0.0,0.0,4,2520,6011,1.803271,4.99093,8432.897461,4.99093,3635.394531,3.205815,4.99093,1,4.99093,0,Benign,test
120108,98.0,252.0,4.0,0.0,1,0.0,0.0,2,98,192,0.0,0.0,0.0,0.0,0.0,0.0,0.0,2,0.0,0,Benign,test
206000,1357.755981,117.0,11.0,0.0,1,0.0,0.0,4,228103,233152,33.410988,4.998356,370683.5,4.998356,362912.9375,38.612698,4.998356,2,4.998356,0,Benign,validation
24682304,42.0,63.0,1.0,0.0,6,0.0,0.0,4,42,42,0.0,0.0,0.0,0.0,0.0,0.0,0.0,2,0.0,0,Benign,validation
35404572,42.0,63.0,1.0,0.0,6,0.0,0.0,4,84,84,0.387933,2.577767,130.345383,2.577767,130.345383,0.387933,2.577767,2,2.577767,0,Benign,validation
33031248,42.0,63.0,1.0,0.0,6,0.0,0.0,4,84,84,0.387464,2.580888,130.187744,2.580888,130.187744,0.387464,2.580888,2,2.580888,0,Benign,train
3688316,74.0,249.0,7.0,0.0,4,0.0,0.0,4,74,74,0.0,0.0,0.0,0.0,0.0,0.0,0.0,1,0.0,0,Benign,validation
25817896,42.0,63.0,1.0,0.0,6,0.0,0.0,4,84,84,0.389246,2.569068,130.786728,2.569068,130.786728,0.389246,2.569068,2,2.569068,0,Benign,test
84512,98.0,252.0,4.0,0.0,1,0.0,0.0,2,98,192,0.0,0.0,0.0,0.0,0.0,0.0,0.0,2,0.0,0,Benign,train
33455576,42.0,63.0,1.0,0.0,6,0.0,0.0,4,42,42,0.0,0.0,0.0,0.0,0.0,0.0,0.0,2,0.0,0,Benign,train
62280,176.666672,64.0,0.0,0.0,1,0.0,0.0,4,530,732,36.021759,0.055522,70458.5625,0.055522,51006.80859,90.054398,0.055522,2,0.055522,0,Benign,test
34197436,42.0,63.0,1.0,0.0,6,0.0,0.0,4,42,42,0.0,0.0,0.0,0.0,0.0,0.0,0.0,2,0.0,0,Benign,test
35101476,42.0,63.0,1.0,0.0,6,0.0,0.0,4,42,42,0.0,0.0,0.0,0.0,0.0,0.0,0.0,2,0.0,0,Benign,train
4837360,74.0,249.0,7.0,0.0,4,0.0,0.0,4,74,74,0.0,0.0,0.0,0.0,0.0,0.0,0.0,1,0.0,0,Benign,test
16652444,74.0,249.0,7.0,0.0,4,0.0,0.0,4,74,74,0.0,0.0,0.0,0.0,0.0,0.0,0.0,1,0.0,0,Benign,train
20601364,42.0,63.0,1.0,0.0,6,0.0,0.0,4,84,84,0.385676,2.592848,129.587234,2.592848,129.587234,0.385676,2.592848,2,2.592848,0,Benign,train
17997060,42.0,63.0,1.0,0.0,4,0.0,0.0,4,42,42,0.0,0.0,0.0,0.0,0.0,0.0,0.0,1,0.0,0,Benign,validation
30935400,42.0,63.0,1.0,0.0,6,0.0,0.0,4,84,84,0.388215,2.575893,130.440201,2.575893,130.440201,0.388215,2.575893,2,2.575893,0,Benign,train
165248,194.5,64.0,0.0,0.0,1,0.0,0.0,4,778,1116,49.926773,0.060088,113833.0391,0.060088,77752.625,133.138062,0.060088,2,0.060088,0,Benign,train
35844924,42.0,63.0,1.0,0.0,6,0.0,0.0,4,42,42,0.0,0.0,0.0,0.0,0.0,0.0,0.0,2,0.0,0,Benign,validation
17309348,42.0,63.0,1.0,0.0,4,0.0,0.0,4,84,84,0.362038,2.762139,121.644852,2.762139,121.644852,0.362038,2.762139,1,2.762139,0,Benign,train
2103604,74.0,249.0,7.0,0.0,4,0.0,0.0,4,74,74,0.0,0.0,0.0,0.0,0.0,0.0,0.0,1,0.0,0,Benign,train
999704,74.0,249.0,7.0,0.0,4,0.0,0.0,4,74,74,0.0,0.0,0.0,0.0,0.0,0.0,0.0,1,0.0,0,Benign,test
37566492,42.0,63.0,1.0,0.0,6,0.0,0.0,4,42,42,0.0,0.0,0.0,0.0,0.0,0.0,0.0,2,0.0,0,Benign,validation
39443284,1261.826782,117.0,11.0,0.0,1,0.0,0.0,4,225867,230709,35.618851,4.997354,366880.5625,4.997354,359559.875,39.220757,4.997354,2,4.997354,0,Benign,train
6969556,98.0,58.0,6.0,0.0,2,0.0,0.0,0,98,98,0.0,0.0,0.0,0.0,0.0,0.0,0.0,1,0.0,0,Benign,validation
38177916,42.0,63.0,1.0,0.0,6,0.0,0.0,4,42,42,0.0,0.0,0.0,0.0,0.0,0.0,0.0,2,0.0,0,Benign,test
28627280,42.0,63.0,1.0,0.0,6,0.0,0.0,4,84,84,0.386545,2.587019,129.879211,2.587019,129.879211,0.386545,2.587019,2,2.587019,0,Benign,train
222844,98.0,58.0,6.0,0.0,2,0.0,0.0,0,98,98,0.0,0.0,0.0,0.0,0.0,0.0,0.0,1,0.0,0,Benign,validation
21686516,42.0,63.0,1.0,0.0,6,0.0,0.0,4,84,84,0.388312,2.575248,130.47287,2.575248,130.47287,0.388312,2.575248,2,2.575248,0,Benign,test
3709052,74.0,249.0,7.0,0.0,4,0.0,0.0,4,74,74,0.0,0.0,0.0,0.0,0.0,0.0,0.0,1,0.0,0,Benign,train
371924,60.0,255.0,1.0,0.0,4,0.0,0.0,4,60,60,0.0,0.0,0.0,0.0,0.0,0.0,0.0,1,0.0,0,Benign,test
32107516,42.0,63.0,1.0,0.0,6,0.0,0.0,4,84,84,0.387854,2.578288,130.319031,2.578288,130.319031,0.387854,2.578288,2,2.578288,0,Benign,validation
16763552,590.0,64.0,0.0,0.0,10,0.0,0.0,0,590,590,0.0,0.0,0.0,0.0,0.0,0.0,0.0,2,0.0,0,Benign,test
29806608,42.0,63.0,1.0,0.0,6,0.0,0.0,4,42,42,0.0,0.0,0.0,0.0,0.0,0.0,0.0,2,0.0,0,Benign,validation
37392412,42.0,63.0,1.0,0.0,6,0.0,0.0,4,42,42,0.0,0.0,0.0,0.0,0.0,0.0,0.0,2,0.0,0,Benign,validation
1109708,74.0,249.0,7.0,0.0,4,0.0,0.0,4,74,74,0.0,0.0,0.0,0.0,0.0,0.0,0.0,1,0.0,0,Benign,train
687768,74.0,249.0,7.0,0.0,4,0.0,0.0,4,74,74,0.0,0.0,0.0,0.0,0.0,0.0,0.0,1,0.0,0,Benign,train
16062744,1182.833374,64.0,0.0,0.0,4,0.0,0.0,4,7097,7097,1.255972,3.98098,11886.52051,3.98098,11886.52051,1.255972,3.98098,1,3.98098,0,Benign,train
36382204,42.0,63.0,1.0,0.0,6,0.0,0.0,4,84,84,0.388256,2.575623,130.453873,2.575623,130.453873,0.388256,2.575623,2,2.575623,0,Benign,train
35641652,42.0,63.0,1.0,0.0,6,0.0,0.0,4,42,42,0.0,0.0,0.0,0.0,0.0,0.0,0.0,2,0.0,0,Benign,train
29124484,42.0,63.0,1.0,0.0,6,0.0,0.0,4,42,42,0.0,0.0,0.0,0.0,0.0,0.0,0.0,2,0.0,0,Benign,train
26629228,42.0,63.0,1.0,0.0,6,0.0,0.0,4,42,42,0.0,0.0,0.0,0.0,0.0,0.0,0.0,2,0.0,0,Benign,validation
37076,74.0,249.0,7.0,0.0,4,0.0,0.0,4,74,74,0.0,0.0,0.0,0.0,0.0,0.0,0.0,1,0.0,0,Benign,test
17673620,74.0,249.0,7.0,0.0,4,0.0,0.0,4,74,74,0.0,0.0,0.0,0.0,0.0,0.0,0.0,1,0.0,0,Benign,train
32659808,42.0,63.0,1.0,0.0,6,0.0,0.0,4,84,84,0.387295,2.582012,130.131073,2.582012,130.131073,0.387295,2.582012,2,2.582012,0,Benign,train
2025148,74.0,249.0,7.0,0.0,4,0.0,0.0,4,74,74,0.0,0.0,0.0,0.0,0.0,0.0,0.0,1,0.0,0,Benign,train
24583080,42.0,63.0,1.0,0.0,6,0.0,0.0,4,42,42,0.0,0.0,0.0,0.0,0.0,0.0,0.0,2,0.0,0,Benign,validation
1115060,98.0,58.0,6.0,0.0,2,0.0,0.0,0,98,98,0.0,0.0,0.0,0.0,0.0,0.0,0.0,1,0.0,0,Benign,test
33781472,42.0,63.0,1.0,0.0,6,0.0,0.0,4,42,42,0.0,0.0,0.0,0.0,0.0,0.0,0.0,2,0.0,0,Benign,train
23226988,42.0,63.0,1.0,0.0,6,0.0,0.0,4,84,84,0.388289,2.575402,130.465073,2.575402,130.465073,0.388289,2.575402,2,2.575402,0,Benign,test
30224816,42.0,63.0,1.0,0.0,6,0.0,0.0,4,84,84,0.388103,2.576636,130.402588,2.576636,130.402588,0.388103,2.576636,2,2.576636,0,Benign,train
197032,74.0,249.0,7.0,0.0,4,0.0,0.0,4,74,74,0.0,0.0,0.0,0.0,0.0,0.0,0.0,1,0.0,0,Benign,train
33193624,42.0,63.0,1.0,0.0,6,0.0,0.0,4,84,84,0.387917,2.577873,130.340012,2.577873,130.340012,0.387917,2.577873,2,2.577873,0,Benign,train
38833772,42.0,63.0,1.0,0.0,6,0.0,0.0,4,42,42,0.0,0.0,0.0,0.0,0.0,0.0,0.0,2,0.0,0,Benign,train
29816768,42.0,63.0,1.0,0.0,6,0.0,0.0,4,84,84,0.387589,2.580051,130.22998,2.580051,130.22998,0.387589,2.580051,2,2.580051,0,Benign,validation
23640888,42.0,63.0,1.0,0.0,6,0.0,0.0,4,84,84,0.387426,2.581135,130.175293,2.581135,130.175293,0.387426,2.581135,2,2.581135,0,Benign,validation
15734216,42.0,63.0,1.0,0.0,4,0.0,0.0,4,84,84,0.348736,2.867499,117.175278,2.867499,117.175278,0.348736,2.867499,1,2.867499,0,Benign,validation
24911376,42.0,63.0,1.0,0.0,6,0.0,0.0,4,84,84,0.38877,2.572218,130.626572,2.572218,130.626572,0.38877,2.572218,2,2.572218,0,Benign,train
4548624,74.0,249.0,7.0,0.0,4,0.0,0.0,4,74,74,0.0,0.0,0.0,0.0,0.0,0.0,0.0,1,0.0,0,Benign,train
19240240,42.0,63.0,1.0,0.0,4,0.0,0.0,4,84,84,0.387877,2.578137,130.326675,2.578137,130.326675,0.387877,2.578137,1,2.578137,0,Benign,train
16027596,338.0,62.0,2.0,0.0,6,0.0,0.0,4,338,338,0.0,0.0,0.0,0.0,0.0,0.0,0.0,2,0.0,0,Benign,validation
1827448,74.0,64.0,0.0,0.0,6,0.0,0.0,3,74,74,0.0,0.0,0.0,0.0,0.0,0.0,0.0,2,0.0,0,Benign,train
31226616,42.0,63.0,1.0,0.0,6,0.0,0.0,4,84,84,0.387754,2.578955,130.285339,2.578955,130.285339,0.387754,2.578955,2,2.578955,0,Benign,validation
33752600,42.0,63.0,1.0,0.0,6,0.0,0.0,4,42,42,0.0,0.0,0.0,0.0,0.0,0.0,0.0,2,0.0,0,Benign,train
19428500,42.0,63.0,1.0,0.0,4,0.0,0.0,4,42,42,0.0,0.0,0.0,0.0,0.0,0.0,0.0,1,0.0,0,Benign,train
23985196,98.0,58.0,6.0,0.0,2,0.0,0.0,0,98,98,0.0,0.0,0.0,0.0,0.0,0.0,0.0,1,0.0,0,Benign,validation
2203264,74.0,249.0,7.0,0.0,4,0.0,0.0,4,74,74,0.0,0.0,0.0,0.0,0.0,0.0,0.0,1,0.0,0,Benign,train
19375072,42.0,63.0,1.0,0.0,4,0.0,0.0,4,84,84,0.387549,2.580321,130.216354,2.580321,130.216354,0.387549,2.580321,1,2.580321,0,Benign,validation
3226532,74.0,249.0,7.0,0.0,4,0.0,0.0,4,74,74,0.0,0.0,0.0,0.0,0.0,0.0,0.0,1,0.0,0,Benign,validation
5618196,74.0,249.0,7.0,0.0,4,0.0,0.0,4,74,74,0.0,0.0,0.0,0.0,0.0,0.0,0.0,1,0.0,0,Benign,validation
36959444,42.0,63.0,1.0,0.0,6,0.0,0.0,4,84,84,0.388348,2.575008,130.485031,2.575008,130.485031,0.388348,2.575008,2,2.575008,0,Benign,train
30458880,42.0,63.0,1.0,0.0,6,0.0,0.0,4,42,42,0.0,0.0,0.0,0.0,0.0,0.0,0.0,2,0.0,0,Benign,train
35348676,42.0,63.0,1.0,0.0,6,0.0,0.0,4,84,84,0.387321,2.58184,130.13974,2.58184,130.13974,0.387321,2.58184,2,2.58184,0,Benign,validation
35395276,42.0,63.0,1.0,0.0,6,0.0,0.0,4,84,84,0.387069,2.583518,130.055222,2.583518,130.055222,0.387069,2.583518,2,2.583518,0,Benign,train
16305956,42.0,63.0,1.0,0.0,4,0.0,0.0,4,84,84,0.351971,2.841142,118.262306,2.841142,118.262306,0.351971,2.841142,1,2.841142,0,Benign,train
16738588,74.0,249.0,7.0,0.0,4,0.0,0.0,4,74,74,0.0,0.0,0.0,0.0,0.0,0.0,0.0,1,0.0,0,Benign,train
20234804,42.0,63.0,1.0,0.0,6,0.0,0.0,4,84,84,0.385652,2.593012,129.579041,2.593012,129.579041,0.385652,2.593012,2,2.593012,0,Benign,train
26629636,42.0,63.0,1.0,0.0,6,0.0,0.0,4,84,84,0.389099,2.57004,130.737259,2.57004,130.737259,0.389099,2.57004,2,2.57004,0,Benign,train
17783836,74.0,249.0,7.0,0.0,4,0.0,0.0,4,74,74,0.0,0.0,0.0,0.0,0.0,0.0,0.0,1,0.0,0,Benign,train
5251316,74.0,249.0,7.0,0.0,4,0.0,0.0,4,74,74,0.0,0.0,0.0,0.0,0.0,0.0,0.0,1,0.0,0,Benign,validation
3645172,74.0,249.0,7.0,0.0,4,0.0,0.0,4,74,74,0.0,0.0,0.0,0.0,0.0,0.0,0.0,1,0.0,0,Benign,train
25427904,42.0,63.0,1.0,0.0,6,0.0,0.0,4,42,42,0.0,0.0,0.0,0.0,0.0,0.0,0.0,2,0.0,0,Benign,train
34560028,42.0,63.0,1.0,0.0,6,0.0,0.0,4,42,42,0.0,0.0,0.0,0.0,0.0,0.0,0.0,2,0.0,0,Benign,train
20625372,42.0,63.0,1.0,0.0,6,0.0,0.0,4,42,42,0.0,0.0,0.0,0.0,0.0,0.0,0.0,2,0.0,0,Benign,train
38525812,42.0,63.0,1.0,0.0,6,0.0,0.0,4,42,42,0.0,0.0,0.0,0.0,0.0,0.0,0.0,2,0.0,0,Benign,train
36359236,42.0,63.0,1.0,0.0,6,0.0,0.0,4,84,84,0.387917,2.577874,130.339966,2.577874,130.339966,0.387917,2.577874,2,2.577874,0,Benign,train
27757704,42.0,63.0,1.0,0.0,6,0.0,0.0,4,42,42,0.0,0.0,0.0,0.0,0.0,0.0,0.0,2,0.0,0,Benign,train
16481772,42.0,63.0,1.0,0.0,4,0.0,0.0,4,42,42,0.0,0.0,0.0,0.0,0.0,0.0,0.0,1,0.0,0,Benign,train
36161028,42.0,63.0,1.0,0.0,6,0.0,0.0,4,42,42,0.0,0.0,0.0,0.0,0.0,0.0,0.0,2,0.0,0,Benign,train
1292356,74.0,249.0,7.0,0.0,4,0.0,0.0,4,74,74,0.0,0.0,0.0,0.0,0.0,0.0,0.0,1,0.0,0,Benign,test
119140,102.5,116.0,12.0,0.0,3,0.0,0.0,3,205,337,20.695364,0.04832,27980.13281,0.04832,17052.98047,62.086094,0.04832,1,0.04832,0,Benign,validation
20812644,42.0,63.0,1.0,0.0,6,0.0,0.0,4,42,42,0.0,0.0,0.0,0.0,0.0,0.0,0.0,2,0.0,0,Benign,train
60284,204.0,64.0,0.0,0.0,1,0.0,0.0,4,1224,1698,62.955643,0.079421,143740.3281,0.079421,102743.6094,151.093536,0.079421,2,0.079421,0,Benign,validation
27668472,42.0,63.0,1.0,0.0,6,0.0,0.0,4,84,84,0.386868,2.584858,129.987808,2.584858,129.987808,0.386868,2.584858,2,2.584858,0,Benign,train
34917620,42.0,63.0,1.0,0.0,6,0.0,0.0,4,42,42,0.0,0.0,0.0,0.0,0.0,0.0,0.0,2,0.0,0,Benign,validation
16238564,42.0,63.0,1.0,0.0,4,0.0,0.0,4,84,84,0.351333,2.846306,118.047737,2.846306,118.047737,0.351333,2.846306,1,2.846306,0,Benign,train
28756120,42.0,63.0,1.0,0.0,6,0.0,0.0,4,42,42,0.0,0.0,0.0,0.0,0.0,0.0,0.0,2,0.0,0,Benign,test
1777776,74.0,249.0,7.0,0.0,4,0.0,0.0,4,74,74,0.0,0.0,0.0,0.0,0.0,0.0,0.0,1,0.0,0,Benign,train
32607296,42.0,63.0,1.0,0.0,6,0.0,0.0,4,84,84,0.387853,2.578299,130.318481,2.578299,130.318481,0.387853,2.578299,2,2.578299,0,Benign,train
36909084,42.0,63.0,1.0,0.0,6,0.0,0.0,4,42,42,0.0,0.0,0.0,0.0,0.0,0.0,0.0,2,0.0,0,Benign,train
41416,74.0,249.0,7.0,0.0,4,0.0,0.0,4,74,74,0.0,0.0,0.0,0.0,0.0,0.0,0.0,1,0.0,0,Benign,validation
6157540,98.0,58.0,6.0,0.0,2,0.0,0.0,0,98,98,0.0,0.0,0.0,0.0,0.0,0.0,0.0,1,0.0,0,Benign,train
5661664,74.0,249.0,7.0,0.0,4,0.0,0.0,4,74,74,0.0,0.0,0.0,0.0,0.0,0.0,0.0,1,0.0,0,Benign,train
32329384,42.0,63.0,1.0,0.0,6,0.0,0.0,4,84,84,0.387333,2.581756,130.143967,2.581756,130.143967,0.387333,2.581756,2,2.581756,0,Benign,train
31498600,42.0,63.0,1.0,0.0,6,0.0,0.0,4,42,42,0.0,0.0,0.0,0.0,0.0,0.0,0.0,2,0.0,0,Benign,train
25857880,42.0,63.0,1.0,0.0,6,0.0,0.0,4,42,42,0.0,0.0,0.0,0.0,0.0,0.0,0.0,2,0.0,0,Benign,test
1885340,74.0,249.0,7.0,0.0,4,0.0,0.0,4,74,74,0.0,0.0,0.0,0.0,0.0,0.0,0.0,1,0.0,0,Benign,train
23987712,183.0,64.0,0.0,0.0,1,0.0,0.0,4,549,751,41.577446,0.048103,83321.20313,0.048103,60869.38281,103.943619,0.048103,2,0.048103,0,Benign,train
23687248,42.0,63.0,1.0,0.0,6,0.0,0.0,4,84,84,0.388368,2.574878,130.491623,2.574878,130.491623,0.388368,2.574878,2,2.574878,0,Benign,train
1774872,74.0,249.0,7.0,0.0,4,0.0,0.0,4,74,74,0.0,0.0,0.0,0.0,0.0,0.0,0.0,1,0.0,0,Benign,test
1422812,74.0,249.0,7.0,0.0,4,0.0,0.0,4,74,74,0.0,0.0,0.0,0.0,0.0,0.0,0.0,1,0.0,0,Benign,train
27023548,42.0,63.0,1.0,0.0,6,0.0,0.0,4,84,84,0.388596,2.573366,130.568298,2.573366,130.568298,0.388596,2.573366,2,2.573366,0,Benign,train
12086696,74.0,249.0,7.0,0.0,4,0.0,0.0,4,74,74,0.0,0.0,0.0,0.0,0.0,0.0,0.0,1,0.0,0,Benign,train
19260424,42.0,63.0,1.0,0.0,4,0.0,0.0,4,42,42,0.0,0.0,0.0,0.0,0.0,0.0,0.0,1,0.0,0,Benign,train
22275472,42.0,63.0,1.0,0.0,6,0.0,0.0,4,84,84,0.386531,2.587116,129.874344,2.587116,129.874344,0.386531,2.587116,2,2.587116,0,Benign,test
32451200,42.0,63.0,1.0,0.0,6,0.0,0.0,4,42,42,0.0,0.0,0.0,0.0,0.0,0.0,0.0,2,0.0,0,Benign,train
1381028,98.0,58.0,6.0,0.0,2,0.0,0.0,0,98,98,0.0,0.0,0.0,0.0,0.0,0.0,0.0,1,0.0,0,Benign,train
472272,805.799988,64.0,0.0,0.0,1,0.0,0.0,4,4029,5886,60.760727,0.065832,542228.75,0.065832,391785.1563,106.331276,0.065832,1,0.065832,0,Benign,train
28061248,42.0,63.0,1.0,0.0,6,0.0,0.0,4,84,84,0.387415,2.581213,130.171356,2.581213,130.171356,0.387415,2.581213,2,2.581213,0,Benign,train
1135076,74.0,249.0,7.0,0.0,4,0.0,0.0,4,74,74,0.0,0.0,0.0,0.0,0.0,0.0,0.0,1,0.0,0,Benign,train
1226568,74.0,249.0,7.0,0.0,4,0.0,0.0,4,74,74,0.0,0.0,0.0,0.0,0.0,0.0,0.0,1,0.0,0,Benign,train
38680604,42.0,63.0,1.0,0.0,6,0.0,0.0,4,42,42,0.0,0.0,0.0,0.0,0.0,0.0,0.0,2,0.0,0,Benign,train
24243368,42.0,63.0,1.0,0.0,6,0.0,0.0,4,84,84,0.38832,2.575195,130.475555,2.575195,130.475555,0.38832,2.575195,2,2.575195,0,Benign,train
24568968,42.0,63.0,1.0,0.0,6,0.0,0.0,4,42,42,0.0,0.0,0.0,0.0,0.0,0.0,0.0,2,0.0,0,Benign,train
1595784,64.0,250.0,6.0,0.0,1,0.0,0.0,4,64,124,0.0,0.000261,0.0,0.000261,0.0,3831.41748,0.000261,1,0.000261,0,Benign,validation
1810732,74.0,249.0,7.0,0.0,4,0.0,0.0,4,74,74,0.0,0.0,0.0,0.0,0.0,0.0,0.0,1,0.0,0,Benign,train
27031060,42.0,63.0,1.0,0.0,6,0.0,0.0,4,84,84,0.388671,2.572871,130.593414,2.572871,130.593414,0.388671,2.572871,2,2.572871,0,Benign,validation
34847468,42.0,63.0,1.0,0.0,6,0.0,0.0,4,42,42,0.0,0.0,0.0,0.0,0.0,0.0,0.0,2,0.0,0,Benign,train
34302588,42.0,63.0,1.0,0.0,6,0.0,0.0,4,84,84,0.388628,2.573154,130.579056,2.573154,130.579056,0.388628,2.573154,2,2.573154,0,Benign,test
18514684,42.0,63.0,1.0,0.0,4,0.0,0.0,4,42,42,0.0,0.0,0.0,0.0,0.0,0.0,0.0,1,0.0,0,Benign,train
2284564,74.0,249.0,7.0,0.0,4,0.0,0.0,4,74,74,0.0,0.0,0.0,0.0,0.0,0.0,0.0,1,0.0,0,Benign,validation
29174812,42.0,63.0,1.0,0.0,6,0.0,0.0,4,84,84,0.387922,2.57784,130.341675,2.57784,130.341675,0.387922,2.57784,2,2.57784,0,Benign,train
135384,98.0,58.0,6.0,0.0,2,0.0,0.0,0,98,98,0.0,0.0,0.0,0.0,0.0,0.0,0.0,1,0.0,0,Benign,test
1708144,74.0,249.0,7.0,0.0,4,0.0,0.0,4,74,74,0.0,0.0,0.0,0.0,0.0,0.0,0.0,1,0.0,0,Benign,train
18913936,42.0,63.0,1.0,0.0,4,0.0,0.0,4,84,84,0.387135,2.583078,130.077377,2.583078,130.077377,0.387135,2.583078,1,2.583078,0,Benign,test
767824,74.0,249.0,7.0,0.0,4,0.0,0.0,4,74,74,0.0,0.0,0.0,0.0,0.0,0.0,0.0,1,0.0,0,Benign,train
28066560,42.0,63.0,1.0,0.0,6,0.0,0.0,4,42,42,0.0,0.0,0.0,0.0,0.0,0.0,0.0,2,0.0,0,Benign,validation
2091764,74.0,249.0,7.0,0.0,4,0.0,0.0,4,74,74,0.0,0.0,0.0,0.0,0.0,0.0,0.0,1,0.0,0,Benign,train
17097428,74.0,249.0,7.0,0.0,4,0.0,0.0,4,74,74,0.0,0.0,0.0,0.0,0.0,0.0,0.0,1,0.0,0,Benign,train
18423692,42.0,63.0,1.0,0.0,4,0.0,0.0,4,84,84,0.381076,2.624152,128.041367,2.624152,128.041367,0.381076,2.624152,1,2.624152,0,Benign,train
29290676,42.0,63.0,1.0,0.0,6,0.0,0.0,4,84,84,0.388038,2.577064,130.38092,2.577064,130.38092,0.388038,2.577064,2,2.577064,0,Benign,train
33763400,42.0,63.0,1.0,0.0,6,0.0,0.0,4,42,42,0.0,0.0,0.0,0.0,0.0,0.0,0.0,2,0.0,0,Benign,train
33790408,42.0,63.0,1.0,0.0,6,0.0,0.0,4,84,84,0.387712,2.579235,130.271179,2.579235,130.271179,0.387712,2.579235,2,2.579235,0,Benign,validation
31474808,42.0,63.0,1.0,0.0,6,0.0,0.0,4,42,42,0.0,0.0,0.0,0.0,0.0,0.0,0.0,2,0.0,0,Benign,train
27480516,42.0,63.0,1.0,0.0,6,0.0,0.0,4,42,42,0.0,0.0,0.0,0.0,0.0,0.0,0.0,2,0.0,0,Benign,test
35734868,42.0,63.0,1.0,0.0,6,0.0,0.0,4,84,84,0.387047,2.583668,130.047668,2.583668,130.047668,0.387047,2.583668,2,2.583668,0,Benign,train
4513752,74.0,249.0,7.0,0.0,4,0.0,0.0,4,74,74,0.0,0.0,0.0,0.0,0.0,0.0,0.0,1,0.0,0,Benign,validation
24561048,42.0,63.0,1.0,0.0,6,0.0,0.0,4,42,42,0.0,0.0,0.0,0.0,0.0,0.0,0.0,2,0.0,0,Benign,train
115976,228.72728,64.0,0.0,0.0,1,0.0,0.0,4,2516,6794,82.581161,0.121093,402401.4688,0.121093,151156.5469,156.904205,0.121093,1,0.121093,0,Benign,test
29350216,42.0,63.0,1.0,0.0,6,0.0,0.0,4,84,84,0.387899,2.577992,130.334,2.577992,130.334,0.387899,2.577992,2,2.577992,0,Benign,train
25594032,42.0,63.0,1.0,0.0,4,0.0,0.0,4,42,42,0.0,0.0,0.0,0.0,0.0,0.0,0.0,1,0.0,0,Benign,train
19272380,42.0,63.0,1.0,0.0,6,0.0,0.0,4,84,84,0.387251,2.582307,130.116211,2.582307,130.116211,0.387251,2.582307,2,2.582307,1,Malicious,test
10098024,66.0,63.0,1.0,0.026046,3,0.024088,0.001958,3,66,132,0.0,0.0,0.0,0.0,0.0,0.0,0.0,2,0.0,1,Malicious,train
4892652,42.0,63.0,1.0,0.0,4,0.0,0.0,4,84,84,0.219102,4.564091,73.618164,4.564091,73.618164,0.219102,4.564091,1,4.564091,1,Malicious,train
966820,58.0,54.0,10.0,0.0,6,0.0,0.0,3,58,58,0.0,0.0,0.0,0.0,0.0,0.0,0.0,1,0.0,1,Malicious,train
11138796,42.0,63.0,1.0,0.0,6,0.0,0.0,4,84,84,0.38929,2.568782,130.801285,2.568782,130.801285,0.38929,2.568782,2,2.568782,1,Malicious,test
9765504,0.0,63.0,1.0,0.014007,8,0.012336,0.001671,3,0,66,0.0,0.0,0.0,0.0,0.0,0.0,0.0,2,0.0,1,Malicious,train
10842272,42.0,63.0,1.0,0.0,6,0.0,0.0,4,84,84,0.438621,2.279873,147.376633,2.279873,147.376633,0.438621,2.279873,2,2.279873,1,Malicious,train
6890688,42.0,63.0,1.0,0.0,6,0.0,0.0,4,84,84,0.436822,2.289263,146.772125,2.289263,146.772125,0.436822,2.289263,2,2.289263,1,Malicious,train
19305684,42.0,63.0,1.0,0.0,6,0.0,0.0,4,84,84,0.387182,2.582768,130.092987,2.582768,130.092987,0.387182,2.582768,2,2.582768,1,Malicious,validation
5754816,66.0,63.0,1.0,0.031668,3,0.02925,0.002418,3,66,66,0.0,0.0,0.0,0.0,0.0,0.0,0.0,2,0.0,1,Malicious,validation
13607948,66.0,63.0,1.0,0.031865,3,0.030018,0.001847,3,66,132,0.0,0.075974,0.0,0.075974,0.0,13.162397,0.075974,2,0.075974,1,Malicious,test
15574764,0.0,63.0,1.0,0.016888,8,0.014998,0.00189,3,0,66,0.0,0.0,0.0,0.0,0.0,0.0,0.0,2,0.0,1,Malicious,train
17696212,42.0,63.0,1.0,0.0,6,0.0,0.0,4,84,84,0.387137,2.583062,130.078186,2.583062,130.078186,0.387137,2.583062,2,2.583062,1,Malicious,test
11951484,223.0,63.0,1.0,0.034932,1,0.033181,0.001751,3,669,809,46.527859,0.042985,96033.5,0.042985,83005.70313,93.055717,0.042985,1,0.042985,1,Malicious,train
5770656,42.0,63.0,1.0,0.0,6,0.0,0.0,4,84,84,0.436493,2.290986,146.661743,2.290986,146.661743,0.436493,2.290986,2,2.290986,1,Malicious,test
11612228,66.0,63.0,1.0,0.034051,8,0.032687,0.001364,3,66,66,0.0,0.0,0.0,0.0,0.0,0.0,0.0,2,0.0,1,Malicious,train
8526580,42.0,63.0,1.0,0.0,6,0.0,0.0,4,42,42,0.0,0.0,0.0,0.0,0.0,0.0,0.0,2,0.0,1,Malicious,train
3088276,42.0,63.0,1.0,0.0,4,0.0,0.0,4,84,84,0.438954,2.278143,147.488556,2.278143,147.488556,0.438954,2.278143,1,2.278143,1,Malicious,train
1595708,68.666664,63.0,1.0,0.027934,3,0.025409,0.002525,3,412,1293,1.04999,4.761948,1812.703491,4.761948,577.914734,2.309979,4.761948,2,4.761948,1,Malicious,train
10076728,42.0,63.0,1.0,0.0,6,0.0,0.0,4,126,126,0.438648,4.559462,147.385803,4.559462,147.385803,0.438648,4.559462,2,4.559462,1,Malicious,train
647652,42.0,63.0,1.0,0.0,4,0.0,0.0,4,42,42,0.0,0.0,0.0,0.0,0.0,0.0,0.0,1,0.0,1,Malicious,train
264112,58.0,42.0,22.0,0.0,6,0.0,0.0,3,58,58,0.0,0.0,0.0,0.0,0.0,0.0,0.0,1,0.0,1,Malicious,validation
2179472,42.0,63.0,1.0,0.0,4,0.0,0.0,4,42,42,0.0,0.0,0.0,0.0,0.0,0.0,0.0,1,0.0,1,Malicious,test
5948700,69.0,63.0,1.0,0.014101,8,0.012573,0.001528,3,345,1226,0.841488,4.753486,1701.488159,4.753486,464.50119,2.103719,4.753486,2,4.753486,1,Malicious,train
7687896,66.0,63.0,1.0,0.020903,3,0.019296,0.001607,3,66,132,0.0,0.0,0.0,0.0,0.0,0.0,0.0,2,0.0,1,Malicious,train
87020,74.0,63.0,1.0,0.0,6,0.0,0.0,3,74,74,0.0,0.0,0.0,0.0,0.0,0.0,0.0,1,0.0,1,Malicious,validation
7212256,42.0,63.0,1.0,0.0,6,0.0,0.0,4,42,42,0.0,0.0,0.0,0.0,0.0,0.0,0.0,2,0.0,1,Malicious,train
4842104,42.0,63.0,1.0,0.0,4,0.0,0.0,4,84,84,0.387064,2.583552,130.053513,2.583552,130.053513,0.387064,2.583552,1,2.583552,1,Malicious,train
11585420,42.0,63.0,1.0,0.0,6,0.0,0.0,4,84,84,0.219502,4.555768,73.752655,4.555768,73.752655,0.219502,4.555768,2,4.555768,1,Malicious,test
15141756,42.0,63.0,1.0,0.0,6,0.0,0.0,4,84,84,0.38775,2.578978,130.284164,2.578978,130.284164,0.38775,2.578978,2,2.578978,1,Malicious,train
271888,58.0,37.0,27.0,0.0,6,0.0,0.0,3,58,58,0.0,0.0,0.0,0.0,0.0,0.0,0.0,1,0.0,1,Malicious,train
3100348,105.75,63.0,1.0,0.049968,1,0.047984,0.001984,3,846,12809,1.648669,4.245848,21888.67773,4.245848,1396.1875,4.239436,4.245848,1,4.245848,1,Malicious,train
17336036,42.0,63.0,1.0,0.0,6,0.0,0.0,4,84,84,0.387744,2.579018,130.282135,2.579018,130.282135,0.387744,2.579018,2,2.579018,1,Malicious,validation
9005052,107.333336,63.0,1.0,0.020011,3,0.018464,0.001547,3,1288,13317,2.206038,4.986314,19586.41406,4.986314,1894.786499,4.612626,4.986314,1,4.986314,1,Malicious,train
16002584,0.0,63.0,1.0,0.035674,8,0.032258,0.003416,3,0,66,0.0,0.0,0.0,0.0,0.0,0.0,0.0,2,0.0,1,Malicious,train
10313224,66.0,63.0,1.0,0.038048,1,0.036186,0.001862,3,396,12219,834.028381,0.005995,14465388.0,0.005995,440367.0,2335.279541,0.005995,2,0.005995,1,Malicious,train
4291832,42.0,63.0,1.0,0.0,4,0.0,0.0,4,42,42,0.0,0.0,0.0,0.0,0.0,0.0,0.0,1,0.0,1,Malicious,train
9167092,42.0,63.0,1.0,0.0,6,0.0,0.0,4,84,84,0.439173,2.277008,147.562057,2.277008,147.562057,0.439173,2.277008,2,2.277008,1,Malicious,train
391576,58.0,38.0,26.0,0.0,6,0.0,0.0,3,58,58,0.0,0.0,0.0,0.0,0.0,0.0,0.0,1,0.0,1,Malicious,test
3243936,103.625,63.0,1.0,0.025073,1,0.023073,0.002,3,829,12792,1.804551,3.879081,23927.31641,3.879081,1497.261841,4.640275,3.879081,1,3.879081,1,Malicious,train
16844816,42.0,63.0,1.0,0.0,6,0.0,0.0,4,42,42,0.0,0.0,0.0,0.0,0.0,0.0,0.0,2,0.0,1,Malicious,validation
17917372,42.0,63.0,1.0,0.0,6,0.0,0.0,4,84,84,0.387914,2.577888,130.339249,2.577888,130.339249,0.387914,2.577888,2,2.577888,1,Malicious,test
17942084,42.0,63.0,1.0,0.0,6,0.0,0.0,4,84,84,0.387009,2.583918,130.03508,2.583918,130.03508,0.387009,2.583918,2,2.583918,1,Malicious,validation
881032,66.0,63.0,1.0,0.026836,3,0.024095,0.002741,3,66,132,0.0,0.0,0.0,0.0,0.0,0.0,0.0,2,0.0,1,Malicious,train
845328,74.0,63.0,1.0,0.0,6,0.0,0.0,3,74,74,0.0,0.0,0.0,0.0,0.0,0.0,0.0,1,0.0,1,Malicious,train
3282284,42.0,63.0,1.0,0.0,4,0.0,0.0,4,84,84,0.439186,2.276941,147.566406,2.276941,147.566406,0.439186,2.276941,1,2.276941,1,Malicious,validation
11583048,117.14286,63.0,1.0,0.032064,1,0.03048,0.001584,3,820,12783,1.334774,4.495142,20607.13477,4.495142,1251.128418,3.781861,4.495142,1,4.495142,1,Malicious,test
18722180,42.0,63.0,1.0,0.0,6,0.0,0.0,4,84,84,0.387318,2.581859,130.138779,2.581859,130.138779,0.387318,2.581859,2,2.581859,1,Malicious,validation
12674036,104.875,63.0,1.0,0.052069,1,0.050863,0.001206,3,839,12802,1.61548,4.333077,21436.96094,4.333077,1357.003418,4.154092,4.333077,1,4.333077,1,Malicious,train
18065972,42.0,63.0,1.0,0.0,6,0.0,0.0,4,84,84,0.38777,2.578847,130.290787,2.578847,130.290787,0.38777,2.578847,2,2.578847,1,Malicious,train
10915176,66.0,63.0,1.0,0.018937,8,0.017384,0.001553,3,66,66,0.0,0.0,0.0,0.0,0.0,0.0,0.0,2,0.0,1,Malicious,test
1627860,70.333336,63.0,1.0,0.01293,8,0.011769,0.001161,3,211,960,0.972614,2.056314,2734.990967,2.056314,548.554382,2.917842,2.056314,2,2.056314,1,Malicious,train
8657812,66.0,63.0,1.0,0.021656,3,0.019714,0.001942,3,66,132,0.0,0.0,0.0,0.0,0.0,0.0,0.0,2,0.0,1,Malicious,validation
2186840,69.0,63.0,1.0,0.013987,8,0.012084,0.001903,3,345,1226,1.543121,2.592149,3120.190918,2.592149,851.802856,3.857803,2.592149,2,2.592149,1,Malicious,train
536692,42.0,63.0,1.0,0.0,2,0.0,0.0,0,42,84,0.0,0.001544,0.0,0.001544,0.0,647.668396,0.001544,1,0.001544,1,Malicious,train
944148,106.85714,63.0,1.0,0.013996,1,0.012649,0.001347,3,748,1152,1.898897,3.159729,2478.693604,3.159729,1625.455811,3.797794,3.159729,1,3.159729,1,Malicious,validation
2830764,42.0,63.0,1.0,0.0,4,0.0,0.0,4,42,42,0.0,0.0,0.0,0.0,0.0,0.0,0.0,1,0.0,1,Malicious,validation
13985324,0.0,63.0,1.0,0.022902,8,0.021722,0.00118,3,0,66,0.0,0.0,0.0,0.0,0.0,0.0,0.0,2,0.0,1,Malicious,train
21127316,42.0,63.0,1.0,0.0,6,0.0,0.0,4,42,42,0.0,0.0,0.0,0.0,0.0,0.0,0.0,2,0.0,1,Malicious,train
13482368,42.0,63.0,1.0,0.0,6,0.0,0.0,4,42,42,0.0,0.0,0.0,0.0,0.0,0.0,0.0,2,0.0,1,Malicious,train
6694384,42.0,63.0,1.0,0.0,6,0.0,0.0,4,42,42,0.0,0.0,0.0,0.0,0.0,0.0,0.0,2,0.0,1,Malicious,train
4664976,42.0,63.0,1.0,0.0,4,0.0,0.0,4,84,84,0.439177,2.276988,147.563354,2.276988,147.563354,0.439177,2.276988,1,2.276988,1,Malicious,validation
3465808,94.0,63.0,1.0,0.018009,1,0.016603,0.001406,3,846,1382,1.717307,4.658456,2096.832031,4.658456,1291.415039,3.434614,4.658456,1,4.658456,1,Malicious,train
13254712,42.0,63.0,1.0,0.0,6,0.0,0.0,4,42,42,0.0,0.0,0.0,0.0,0.0,0.0,0.0,2,0.0,1,Malicious,train
18256148,42.0,63.0,1.0,0.0,6,0.0,0.0,4,42,42,0.0,0.0,0.0,0.0,0.0,0.0,0.0,2,0.0,1,Malicious,train
14930740,42.0,63.0,1.0,0.0,6,0.0,0.0,4,42,42,0.0,0.0,0.0,0.0,0.0,0.0,0.0,2,0.0,1,Malicious,train
12086308,42.0,63.0,1.0,0.0,6,0.0,0.0,4,42,42,0.0,0.0,0.0,0.0,0.0,0.0,0.0,2,0.0,1,Malicious,train
14176556,42.0,63.0,1.0,0.0,6,0.0,0.0,4,42,42,0.0,0.0,0.0,0.0,0.0,0.0,0.0,2,0.0,1,Malicious,validation
22827004,42.0,63.0,1.0,0.0,6,0.0,0.0,4,42,42,0.0,0.0,0.0,0.0,0.0,0.0,0.0,2,0.0,1,Malicious,test
12356804,42.0,63.0,1.0,0.0,6,0.0,0.0,4,84,84,0.219883,4.547876,73.880646,4.547876,73.880646,0.219883,4.547876,2,4.547876,1,Malicious,validation
22748604,42.0,63.0,1.0,0.0,6,0.0,0.0,4,42,42,0.0,0.0,0.0,0.0,0.0,0.0,0.0,2,0.0,1,Malicious,validation
4935320,42.0,63.0,1.0,0.0,6,0.0,0.0,4,84,84,0.386542,2.587042,129.878052,2.587042,129.878052,0.386542,2.587042,2,2.587042,1,Malicious,train
2420928,66.0,63.0,1.0,0.022021,3,0.020057,0.001964,3,66,132,0.0,0.0,0.0,0.0,0.0,0.0,0.0,2,0.0,1,Malicious,validation
11859180,42.0,63.0,1.0,0.0,4,0.0,0.0,4,84,84,0.389381,2.568177,130.832108,2.568177,130.832108,0.389381,2.568177,1,2.568177,1,Malicious,validation
4693784,66.0,63.0,1.0,0.029977,3,0.028406,0.001571,3,66,132,0.0,0.0,0.0,0.0,0.0,0.0,0.0,2,0.0,1,Malicious,train
888040,42.0,63.0,1.0,0.0,4,0.0,0.0,4,84,84,0.440198,2.271707,147.906387,2.271707,147.906387,0.440198,2.271707,1,2.271707,1,Malicious,train
2503716,42.0,63.0,1.0,0.0,4,0.0,0.0,4,42,42,0.0,0.0,0.0,0.0,0.0,0.0,0.0,1,0.0,1,Malicious,train
10061372,42.0,63.0,1.0,0.0,6,0.0,0.0,4,84,84,0.388207,2.575947,130.437469,2.575947,130.437469,0.388207,2.575947,2,2.575947,1,Malicious,test
2548880,67.0,63.0,1.0,0.016096,1,0.014258,0.001838,3,201,399,0.421025,4.750312,447.970581,4.750312,225.669388,1.052562,4.750312,2,4.750312,1,Malicious,train
450468,54.0,63.0,1.0,0.0,6,0.0,0.0,3,54,54,0.0,0.0,0.0,0.0,0.0,0.0,0.0,1,0.0,1,Malicious,validation
14214700,42.0,63.0,1.0,0.0,6,0.0,0.0,4,84,84,0.388026,2.577144,130.376892,2.577144,130.376892,0.388026,2.577144,2,2.577144,1,Malicious,train
9641744,42.0,63.0,1.0,0.0,6,0.0,0.0,4,84,84,0.439729,2.274129,147.748886,2.274129,147.748886,0.439729,2.274129,2,2.274129,1,Malicious,train
5398008,42.0,63.0,1.0,0.0,4,0.0,0.0,4,84,84,0.386032,2.590461,129.70665,2.590461,129.70665,0.386032,2.590461,1,2.590461,1,Malicious,validation
12682300,42.0,63.0,1.0,0.0,6,0.0,0.0,4,84,84,0.439767,2.273934,147.761551,2.273934,147.761551,0.439767,2.273934,2,2.273934,1,Malicious,train
20921492,42.0,63.0,1.0,0.0,6,0.0,0.0,4,42,42,0.0,0.0,0.0,0.0,0.0,0.0,0.0,2,0.0,1,Malicious,train
10079148,66.0,63.0,1.0,0.01588,3,0.014173,0.001707,3,66,66,0.0,0.0,0.0,0.0,0.0,0.0,0.0,2,0.0,1,Malicious,validation
1294272,67.0,63.0,1.0,0.018905,1,0.017152,0.001753,3,335,665,1.131623,3.534745,1204.047241,3.534745,606.55011,2.546153,3.534745,2,3.534745,1,Malicious,validation
20263316,42.0,63.0,1.0,0.0,6,0.0,0.0,4,42,42,0.0,0.0,0.0,0.0,0.0,0.0,0.0,2,0.0,1,Malicious,validation
20071020,42.0,63.0,1.0,0.0,6,0.0,0.0,4,42,42,0.0,0.0,0.0,0.0,0.0,0.0,0.0,2,0.0,1,Malicious,test
5120752,101.300003,63.0,1.0,0.0459,1,0.044318,0.001582,3,1013,12976,1.962033,4.587079,20558.61719,4.587079,1590.554688,4.360073,4.587079,1,4.587079,1,Malicious,train
7164320,42.0,63.0,1.0,0.0,4,0.0,0.0,4,84,84,0.387457,2.580933,130.185471,2.580933,130.185471,0.387457,2.580933,1,2.580933,1,Malicious,train
13433668,42.0,63.0,1.0,0.0,6,0.0,0.0,4,84,84,0.387197,2.582666,130.098129,2.582666,130.098129,0.387197,2.582666,2,2.582666,1,Malicious,validation
6177824,67.0,63.0,1.0,0.02307,1,0.020673,0.002397,3,268,532,0.706279,4.247611,751.481262,4.247611,378.565735,1.647985,4.247611,2,4.247611,1,Malicious,validation
382532,74.0,63.0,1.0,0.0,6,0.0,0.0,3,74,74,0.0,0.0,0.0,0.0,0.0,0.0,0.0,1,0.0,1,Malicious,validation
14551860,189.333328,63.0,1.0,0.020868,1,0.018789,0.002079,3,568,708,44.909504,0.044534,80657.46875,0.044534,68082.8125,89.819008,0.044534,1,0.044534,1,Malicious,test
111044,74.0,63.0,1.0,0.0,6,0.0,0.0,3,74,74,0.0,0.0,0.0,0.0,0.0,0.0,0.0,1,0.0,1,Malicious,train
13029036,66.0,63.0,1.0,0.029763,3,0.028452,0.001311,3,66,132,0.0,0.0,0.0,0.0,0.0,0.0,0.0,2,0.0,1,Malicious,test
18172004,42.0,63.0,1.0,0.0,6,0.0,0.0,4,42,42,0.0,0.0,0.0,0.0,0.0,0.0,0.0,2,0.0,1,Malicious,train
1585868,42.0,63.0,1.0,0.0,4,0.0,0.0,4,84,84,0.356053,2.808574,119.633667,2.808574,119.633667,0.356053,2.808574,1,2.808574,1,Malicious,train
6258880,42.0,63.0,1.0,0.0,4,0.0,0.0,4,84,84,0.218294,4.580982,73.346718,4.580982,73.346718,0.218294,4.580982,1,4.580982,1,Malicious,validation
12072908,42.0,63.0,1.0,0.0,6,0.0,0.0,4,84,84,0.436737,2.289709,146.74353,2.289709,146.74353,0.436737,2.289709,2,2.289709,1,Malicious,train
4108912,42.0,63.0,1.0,0.0,4,0.0,0.0,4,42,42,0.0,0.0,0.0,0.0,0.0,0.0,0.0,1,0.0,1,Malicious,train
2067828,54.0,64.0,0.0,0.00226,8,0.0,0.00226,3,108,166,25.77519,0.038797,11134.88184,0.038797,11134.88184,51.550381,0.038797,1,0.038797,1,Malicious,train
13872804,42.0,63.0,1.0,0.0,6,0.0,0.0,4,84,84,0.387598,2.579993,130.23291,2.579993,130.23291,0.387598,2.579993,2,2.579993,1,Malicious,test
21314156,42.0,63.0,1.0,0.0,6,0.0,0.0,4,84,84,0.388471,2.574192,130.526398,2.574192,130.526398,0.388471,2.574192,2,2.574192,1,Malicious,validation
23131852,42.0,63.0,1.0,0.0,6,0.0,0.0,4,42,42,0.0,0.0,0.0,0.0,0.0,0.0,0.0,2,0.0,1,Malicious,test
1029372,42.0,63.0,1.0,0.0,4,0.0,0.0,4,42,42,0.0,0.0,0.0,0.0,0.0,0.0,0.0,1,0.0,1,Malicious,train
22576420,42.0,63.0,1.0,0.0,6,0.0,0.0,4,42,42,0.0,0.0,0.0,0.0,0.0,0.0,0.0,2,0.0,1,Malicious,train
13675808,42.0,63.0,1.0,0.0,6,0.0,0.0,4,42,42,0.0,0.0,0.0,0.0,0.0,0.0,0.0,2,0.0,1,Malicious,validation
12724408,42.0,63.0,1.0,0.0,6,0.0,0.0,4,84,84,0.387592,2.580031,130.231003,2.580031,130.231003,0.387592,2.580031,2,2.580031,1,Malicious,validation
14264172,42.0,63.0,1.0,0.0,6,0.0,0.0,4,84,84,0.387836,2.578412,130.312759,2.578412,130.312759,0.387836,2.578412,2,2.578412,1,Malicious,train
12847800,42.0,63.0,1.0,0.0,6,0.0,0.0,4,42,42,0.0,0.0,0.0,0.0,0.0,0.0,0.0,2,0.0,1,Malicious,train
3006044,42.0,63.0,1.0,0.0,4,0.0,0.0,4,84,84,0.377617,2.648185,126.879349,2.648185,126.879349,0.377617,2.648185,1,2.648185,1,Malicious,train
6567456,42.0,63.0,1.0,0.0,6,0.0,0.0,4,42,42,0.0,0.0,0.0,0.0,0.0,0.0,0.0,2,0.0,1,Malicious,train
6973696,42.0,63.0,1.0,0.0,6,0.0,0.0,4,84,84,0.387174,2.582819,130.090424,2.582819,130.090424,0.387174,2.582819,2,2.582819,1,Malicious,validation
13711100,42.0,63.0,1.0,0.0,6,0.0,0.0,4,42,42,0.0,0.0,0.0,0.0,0.0,0.0,0.0,2,0.0,1,Malicious,train
566676,115.25,63.0,1.0,0.015107,1,0.013129,0.001978,3,461,667,91.502472,0.032786,118099.1875,0.032786,84426.28125,183.004944,0.032786,1,0.032786,1,Malicious,test
5481728,42.0,63.0,1.0,0.0,6,0.0,0.0,4,126,126,0.436864,4.578085,146.78627,4.578085,146.78627,0.436864,4.578085,2,4.578085,1,Malicious,test
18327716,42.0,63.0,1.0,0.0,6,0.0,0.0,4,84,84,0.387125,2.583143,130.074097,2.583143,130.074097,0.387125,2.583143,2,2.583143,1,Malicious,train
2591068,135.333328,63.0,1.0,0.022993,1,0.020578,0.002415,3,812,12775,1.164115,4.295109,21518.42969,4.295109,1260.969238,3.725168,4.295109,1,4.295109,1,Malicious,train
22141860,42.0,63.0,1.0,0.0,6,0.0,0.0,4,42,42,0.0,0.0,0.0,0.0,0.0,0.0,0.0,2,0.0,1,Malicious,validation
10678620,42.0,63.0,1.0,0.0,6,0.0,0.0,4,42,42,0.0,0.0,0.0,0.0,0.0,0.0,0.0,2,0.0,1,Malicious,validation
2703236,42.0,63.0,1.0,0.0,4,0.0,0.0,4,84,84,0.439532,2.275147,147.68277,2.275147,147.68277,0.439532,2.275147,1,2.275147,1,Malicious,train
16795476,42.0,63.0,1.0,0.0,6,0.0,0.0,4,84,84,0.388784,2.572124,130.631332,2.572124,130.631332,0.388784,2.572124,2,2.572124,1,Malicious,train
350604,42.0,63.0,1.0,0.0,4,0.0,0.0,4,84,84,0.348042,2.873216,116.942131,2.873216,116.942131,0.348042,2.873216,1,2.873216,1,Malicious,train
3037268,42.0,63.0,1.0,0.0,4,0.0,0.0,4,42,42,0.0,0.0,0.0,0.0,0.0,0.0,0.0,1,0.0,1,Malicious,train
4837208,42.0,63.0,1.0,0.0,6,0.0,0.0,4,84,84,0.38653,2.587119,129.874191,2.587119,129.874191,0.38653,2.587119,2,2.587119,1,Malicious,test
117896,42.0,55.0,9.0,0.0,4,0.0,0.0,4,42,42,0.0,0.0,0.0,0.0,0.0,0.0,0.0,1,0.0,1,Malicious,validation
1310656,66.0,63.0,1.0,0.028878,3,0.026661,0.002217,3,66,66,0.0,0.0,0.0,0.0,0.0,0.0,0.0,2,0.0,1,Malicious,validation
17235148,42.0,63.0,1.0,0.0,6,0.0,0.0,4,42,42,0.0,0.0,0.0,0.0,0.0,0.0,0.0,2,0.0,1,Malicious,test
7451432,42.0,63.0,1.0,0.0,6,0.0,0.0,4,42,42,0.0,0.0,0.0,0.0,0.0,0.0,0.0,2,0.0,1,Malicious,validation
2513756,66.0,63.0,1.0,0.015042,3,0.013591,0.001451,3,66,132,0.0,0.0,0.0,0.0,0.0,0.0,0.0,2,0.0,1,Malicious,test
2482956,42.0,63.0,1.0,0.0,4,0.0,0.0,4,84,84,0.219419,4.557499,73.724648,4.557499,73.724648,0.219419,4.557499,1,4.557499,1,Malicious,test
22811164,42.0,63.0,1.0,0.0,6,0.0,0.0,4,42,42,0.0,0.0,0.0,0.0,0.0,0.0,0.0,2,0.0,1,Malicious,test
3222888,68.25,63.0,1.0,0.021872,3,0.020325,0.001547,3,546,1559,1.449552,4.829077,2261.301758,4.829077,791.869812,3.106184,4.829077,2,4.829077,1,Malicious,train
1725168,187.800003,63.0,1.0,0.019902,1,0.017495,0.002407,3,939,4754,0.948528,4.217059,7216.40332,4.217059,1426.586548,2.134189,4.217059,1,4.217059,1,Malicious,validation
5276424,42.0,63.0,1.0,0.0,6,0.0,0.0,4,42,42,0.0,0.0,0.0,0.0,0.0,0.0,0.0,2,0.0,1,Malicious,test
14400032,42.0,63.0,1.0,0.0,6,0.0,0.0,4,42,42,0.0,0.0,0.0,0.0,0.0,0.0,0.0,2,0.0,1,Malicious,train
20926980,42.0,63.0,1.0,0.0,6,0.0,0.0,4,84,84,0.388185,2.576091,130.430176,2.576091,130.430176,0.388185,2.576091,2,2.576091,1,Malicious,train
10151208,42.0,63.0,1.0,0.0,6,0.0,0.0,4,84,84,0.439581,2.274892,147.69931,2.274892,147.69931,0.439581,2.274892,2,2.274892,1,Malicious,validation
4645948,245.0,63.0,1.0,0.033972,1,0.031245,0.002727,3,735,875,53.698483,0.037245,120284.5938,0.037245,105249.0234,107.396965,0.037245,1,0.037245,1,Malicious,test
10215036,66.0,63.0,1.0,0.026966,3,0.025589,0.001377,3,66,66,0.0,0.0,0.0,0.0,0.0,0.0,0.0,2,0.0,1,Malicious,train
10083020,66.0,63.0,1.0,0.035956,3,0.034124,0.001832,3,462,12351,1.214771,4.939202,17973.75391,4.939202,641.39917,3.23939,4.939202,2,4.939202,1,Malicious,test
20001380,42.0,63.0,1.0,0.0,6,0.0,0.0,4,84,84,0.388057,2.576939,130.387253,2.576939,130.387253,0.388057,2.576939,2,2.576939,1,Malicious,validation
12234244,42.0,63.0,1.0,0.0,6,0.0,0.0,4,84,84,0.219296,4.560056,73.683304,4.560056,73.683304,0.219296,4.560056,2,4.560056,1,Malicious,test
9721512,42.0,63.0,1.0,0.0,6,0.0,0.0,4,42,42,0.0,0.0,0.0,0.0,0.0,0.0,0.0,2,0.0,1,Malicious,train
1952988,106.285713,63.0,1.0,0.020009,1,0.018441,0.001568,3,744,1148,1.53559,3.907293,1996.266968,3.907293,1306.275146,3.07118,3.907293,1,3.907293,1,Malicious,train
13815688,136.25,63.0,1.0,0.017853,1,0.016093,0.00176,3,545,4360,0.634936,4.724882,5860.040527,4.724882,692.504028,1.693164,4.724882,1,4.724882,1,Malicious,train
14679724,42.0,63.0,1.0,0.0,6,0.0,0.0,4,84,84,0.387718,2.579191,130.273407,2.579191,130.273407,0.387718,2.579191,2,2.579191,1,Malicious,train
7475040,42.0,63.0,1.0,0.0,6,0.0,0.0,4,84,84,0.388237,2.575747,130.447601,2.575747,130.447601,0.388237,2.575747,2,2.575747,1,Malicious,train
5478676,113.5,63.0,1.0,0.013892,1,0.012397,0.001495,3,681,1019,1.146698,4.360347,1539.327148,4.360347,1042.118896,2.293396,4.360347,1,4.360347,1,Malicious,train
8784220,42.0,63.0,1.0,0.0,6,0.0,0.0,4,84,84,0.388227,2.575816,130.444107,2.575816,130.444107,0.388227,2.575816,2,2.575816,1,Malicious,train
7478416,0.0,63.0,1.0,0.021776,8,0.019672,0.002104,3,0,66,0.0,0.0,0.0,0.0,0.0,0.0,0.0,2,0.0,1,Malicious,train
30924,58.0,56.0,8.0,0.0,6,0.0,0.0,3,58,58,0.0,0.0,0.0,0.0,0.0,0.0,0.0,1,0.0,1,Malicious,train
10128772,0.0,63.0,1.0,0.046922,8,0.045789,0.001133,3,0,66,0.0,0.0,0.0,0.0,0.0,0.0,0.0,2,0.0,1,Malicious,validation
473124,42.0,53.0,11.0,0.0,4,0.0,0.0,4,42,42,0.0,0.0,0.0,0.0,0.0,0.0,0.0,1,0.0,1,Malicious,train
23399868,42.0,63.0,1.0,0.0,6,0.0,0.0,4,42,42,0.0,0.0,0.0,0.0,0.0,0.0,0.0,2,0.0,1,Malicious,test
12956024,42.0,63.0,1.0,0.0,6,0.0,0.0,4,42,42,0.0,0.0,0.0,0.0,0.0,0.0,0.0,2,0.0,1,Malicious,validation
9588124,42.0,63.0,1.0,0.0,6,0.0,0.0,4,42,42,0.0,0.0,0.0,0.0,0.0,0.0,0.0,2,0.0,1,Malicious,test
1340304,0.0,63.0,1.0,0.014904,8,0.013218,0.001686,3,0,66,0.0,0.0,0.0,0.0,0.0,0.0,0.0,2,0.0,1,Malicious,train
12884400,42.0,63.0,1.0,0.0,6,0.0,0.0,4,84,84,0.440561,2.269831,148.028641,2.269831,148.028641,0.440561,2.269831,2,2.269831,1,Malicious,train
758728,42.0,44.0,20.0,0.0,4,0.0,0.0,4,42,42,0.0,0.0,0.0,0.0,0.0,0.0,0.0,1,0.0,1,Malicious,train
8249732,42.0,63.0,1.0,0.0,6,0.0,0.0,4,126,126,0.437798,4.568312,147.100281,4.568312,147.100281,0.437798,4.568312,2,4.568312,1,Malicious,train
10989192,42.0,63.0,1.0,0.0,6,0.0,0.0,4,126,126,0.437972,4.566507,147.158432,4.566507,147.158432,0.437972,4.566507,2,4.566507,1,Malicious,train
11863868,42.0,63.0,1.0,0.0,6,0.0,0.0,4,42,42,0.0,0.0,0.0,0.0,0.0,0.0,0.0,2,0.0,1,Malicious,test
6900752,42.0,63.0,1.0,0.0,6,0.0,0.0,4,84,84,0.38743,2.58111,130.176559,2.58111,130.176559,0.38743,2.58111,2,2.58111,1,Malicious,train
12184560,42.0,63.0,1.0,0.0,6,0.0,0.0,4,42,42,0.0,0.0,0.0,0.0,0.0,0.0,0.0,2,0.0,1,Malicious,train
5319584,42.0,63.0,1.0,0.0,4,0.0,0.0,4,84,84,0.386245,2.589027,129.778488,2.589027,129.778488,0.386245,2.589027,1,2.589027,1,Malicious,test
1752220,0.0,63.0,1.0,0.015909,8,0.014373,0.001536,3,0,66,0.0,0.0,0.0,0.0,0.0,0.0,0.0,2,0.0,1,Malicious,train
6704048,42.0,63.0,1.0,0.0,6,0.0,0.0,4,126,126,0.43796,4.566629,147.154495,4.566629,147.154495,0.43796,4.566629,2,4.566629,1,Malicious,train
4568024,42.0,63.0,1.0,0.0,4,0.0,0.0,4,84,84,0.386493,2.587371,129.861542,2.587371,129.861542,0.386493,2.587371,1,2.587371,1,Malicious,train
14243068,42.0,63.0,1.0,0.0,6,0.0,0.0,4,84,84,0.388346,2.57502,130.484421,2.57502,130.484421,0.388346,2.57502,2,2.57502,1,Malicious,test
1936920,42.0,63.0,1.0,0.0,4,0.0,0.0,4,84,84,0.44078,2.268703,148.102249,2.268703,148.102249,0.44078,2.268703,1,2.268703,1,Malicious,train
11848820,244.5,63.0,1.0,0.015875,1,0.013824,0.002051,3,978,1118,11.559669,0.259523,24783.92969,0.259523,22626.125,19.266115,0.259523,1,0.259523,1,Malicious,validation
1267272,95.222221,63.0,1.0,0.013883,1,0.012342,0.001541,3,857,1393,1.671337,4.786588,2057.415283,4.786588,1273.558472,3.342673,4.786588,1,4.786588,1,Malicious,validation
15215060,42.0,63.0,1.0,0.0,6,0.0,0.0,4,84,84,0.388669,2.572883,130.592804,2.572883,130.592804,0.388669,2.572883,2,2.572883,1,Malicious,train
120728,67.0,63.0,1.0,0.025149,1,0.018902,0.006247,3,335,665,1.1287,3.543901,1200.936523,3.543901,604.983032,2.539574,3.543901,2,3.543901,1,Malicious,train
6358216,42.0,63.0,1.0,0.0,6,0.0,0.0,4,84,84,0.385633,2.593136,129.572845,2.593136,129.572845,0.385633,2.593136,2,2.593136,1,Malicious,train
2108600,0.0,63.0,1.0,0.013998,8,0.012397,0.001601,3,0,66,0.0,0.0,0.0,0.0,0.0,0.0,0.0,2,0.0,1,Malicious,test
8250720,390.0,63.0,1.0,0.023026,1,0.021359,0.001667,3,2730,2870,3.191469,1.880012,10255.25391,1.880012,9957.382812,4.255292,1.880012,1,1.880012,1,Malicious,validation
14188212,42.0,63.0,1.0,0.0,6,0.0,0.0,4,42,42,0.0,0.0,0.0,0.0,0.0,0.0,0.0,2,0.0,1,Malicious,train
692676,42.0,63.0,1.0,0.0,4,0.0,0.0,4,84,84,0.349608,2.860347,117.468262,2.860347,117.468262,0.349608,2.860347,1,2.860347,1,Malicious,test
2986420,42.0,63.0,1.0,0.0,4,0.0,0.0,4,84,84,0.438647,2.279738,147.385361,2.279738,147.385361,0.438647,2.279738,1,2.279738,1,Malicious,train
19168036,42.0,63.0,1.0,0.0,6,0.0,0.0,4,42,42,0.0,0.0,0.0,0.0,0.0,0.0,0.0,2,0.0,1,Malicious,validation
4347840,42.0,63.0,1.0,0.0,4,0.0,0.0,4,42,42,0.0,0.0,0.0,0.0,0.0,0.0,0.0,1,0.0,1,Malicious,train
1328652,42.0,63.0,1.0,0.0,4,0.0,0.0,4,84,84,0.353836,2.826169,118.888855,2.826169,118.888855,0.353836,2.826169,1,2.826169,1,Malicious,train
5653984,42.0,63.0,1.0,0.0,6,0.0,0.0,4,42,42,0.0,0.0,0.0,0.0,0.0,0.0,0.0,2,0.0,1,Malicious,train
11016076,42.0,63.0,1.0,0.0,6,0.0,0.0,4,42,42,0.0,0.0,0.0,0.0,0.0,0.0,0.0,2,0.0,1,Malicious,validation
2765788,42.0,63.0,1.0,0.0,4,0.0,0.0,4,42,42,0.0,0.0,0.0,0.0,0.0,0.0,0.0,1,0.0,1,Malicious,train
12551780,42.0,63.0,1.0,0.0,6,0.0,0.0,4,84,84,0.219397,4.55794,73.717514,4.55794,73.717514,0.219397,4.55794,2,4.55794,1,Malicious,train
922616,74.0,63.0,1.0,0.0,6,0.0,0.0,3,74,74,0.0,0.0,0.0,0.0,0.0,0.0,0.0,1,0.0,1,Malicious,train
14054976,42.0,63.0,1.0,0.0,6,0.0,0.0,4,42,42,0.0,0.0,0.0,0.0,0.0,0.0,0.0,2,0.0,1,Malicious,train
71808,58.0,44.0,20.0,0.0,6,0.0,0.0,3,58,58,0.0,0.0,0.0,0.0,0.0,0.0,0.0,1,0.0,1,Malicious,validation
376176,58.0,48.0,16.0,0.0,6,0.0,0.0,3,58,58,0.0,0.0,0.0,0.0,0.0,0.0,0.0,1,0.0,1,Malicious,train
7199496,42.0,63.0,1.0,0.0,6,0.0,0.0,4,42,42,0.0,0.0,0.0,0.0,0.0,0.0,0.0,2,0.0,1,Malicious,train
15265440,0.0,63.0,1.0,0.025888,8,0.024003,0.001885,3,0,66,0.0,0.0,0.0,0.0,0.0,0.0,0.0,2,0.0,1,Malicious,test
2976340,42.0,63.0,1.0,0.0,4,0.0,0.0,4,42,42,0.0,0.0,0.0,0.0,0.0,0.0,0.0,1,0.0,1,Malicious,train
2611676,66.0,63.0,1.0,0.017845,8,0.016095,0.00175,3,66,66,0.0,0.0,0.0,0.0,0.0,0.0,0.0,2,0.0,1,Malicious,test
3469220,42.0,63.0,1.0,0.0,4,0.0,0.0,4,84,84,0.219828,4.54902,73.862068,4.54902,73.862068,0.219828,4.54902,1,4.54902,1,Malicious,train
4916524,67.0,63.0,1.0,0.021922,1,0.020521,0.001401,3,268,532,0.870291,3.447124,925.989319,3.447124,466.47583,2.030678,3.447124,2,3.447124,1,Malicious,validation
2700380,42.0,63.0,1.0,0.0,4,0.0,0.0,4,42,42,0.0,0.0,0.0,0.0,0.0,0.0,0.0,1,0.0,1,Malicious,validation
4125792,126.14286,63.0,1.0,0.01389,1,0.012631,0.001259,3,883,12846,1.449306,4.139913,22479.69922,4.139913,1462.832642,4.106367,4.139913,1,4.139913,1,Malicious,test
21790444,42.0,63.0,1.0,0.0,6,0.0,0.0,4,84,84,0.388104,2.576632,130.402786,2.576632,130.402786,0.388104,2.576632,2,2.576632,1,Malicious,train
956436,42.0,63.0,1.0,0.0,4,0.0,0.0,4,84,84,0.350304,2.854666,117.702034,2.854666,117.702034,0.350304,2.854666,1,2.854666,1,Malicious,train
10588508,42.0,63.0,1.0,0.0,6,0.0,0.0,4,42,42,0.0,0.0,0.0,0.0,0.0,0.0,0.0,2,0.0,1,Malicious,train
13744964,0.0,63.0,1.0,0.01598,8,0.014312,0.001668,3,0,66,0.0,0.0,0.0,0.0,0.0,0.0,0.0,2,0.0,1,Malicious,train
1590128,42.0,63.0,1.0,0.0,4,0.0,0.0,4,84,84,0.436678,2.290015,146.723938,2.290015,146.723938,0.436678,2.290015,1,2.290015,1,Malicious,train
9125548,42.0,63.0,1.0,0.0,6,0.0,0.0,4,42,42,0.0,0.0,0.0,0.0,0.0,0.0,0.0,2,0.0,1,Malicious,train
11236148,42.0,63.0,1.0,0.0,6,0.0,0.0,4,84,84,0.38864,2.573075,130.583054,2.573075,130.583054,0.38864,2.573075,2,2.573075,1,Malicious,train
2633048,69.5,63.0,1.0,0.018118,8,0.016542,0.001576,3,278,1093,1.423253,2.107847,3267.789307,2.107847,793.22644,3.795342,2.107847,2,2.107847,1,Malicious,test
9921072,42.0,63.0,1.0,0.0,6,0.0,0.0,4,42,42,0.0,0.0,0.0,0.0,0.0,0.0,0.0,2,0.0,1,Malicious,train
8979468,42.0,63.0,1.0,0.0,6,0.0,0.0,4,84,84,0.388622,2.573196,130.57692,2.573196,130.57692,0.388622,2.573196,2,2.573196,1,Malicious,train
773500,42.0,63.0,1.0,0.0,4,0.0,0.0,4,84,84,0.349933,2.857693,117.577362,2.857693,117.577362,0.349933,2.857693,1,2.857693,1,Malicious,validation
4744256,42.0,63.0,1.0,0.0,4,0.0,0.0,4,84,84,0.438032,2.28294,147.17865,2.28294,147.17865,0.438032,2.28294,1,2.28294,1,Malicious,train
20625692,42.0,63.0,1.0,0.0,6,0.0,0.0,4,84,84,0.389113,2.569946,130.74205,2.569946,130.74205,0.389113,2.569946,2,2.569946,1,Malicious,train
4292372,42.0,63.0,1.0,0.0,4,0.0,0.0,4,42,42,0.0,0.0,0.0,0.0,0.0,0.0,0.0,1,0.0,1,Malicious,test
5058028,42.0,63.0,1.0,0.0,4,0.0,0.0,4,84,84,0.438592,2.280023,147.366928,2.280023,147.366928,0.438592,2.280023,1,2.280023,1,Malicious,validation
631648,74.0,63.0,1.0,0.0,6,0.0,0.0,3,74,74,0.0,0.0,0.0,0.0,0.0,0.0,0.0,1,0.0,1,Malicious,test
1311620,42.0,63.0,1.0,0.0,4,0.0,0.0,4,84,84,0.352949,2.833267,118.591011,2.833267,118.591011,0.352949,2.833267,1,2.833267,1,Malicious,train
5383920,42.0,63.0,1.0,0.0,4,0.0,0.0,4,126,126,0.437239,4.57416,146.912216,4.57416,146.912216,0.437239,4.57416,1,4.57416,1,Malicious,train
23809592,42.0,63.0,1.0,0.0,6,0.0,0.0,4,42,42,0.0,0.0,0.0,0.0,0.0,0.0,0.0,2,0.0,1,Malicious,train
497432,42.0,63.0,1.0,0.0,4,0.0,0.0,4,126,126,0.440586,4.539406,148.037003,4.539406,148.037003,0.440586,4.539406,1,4.539406,1,Malicious,train
6306000,42.0,63.0,1.0,0.0,4,0.0,0.0,4,42,42,0.0,0.0,0.0,0.0,0.0,0.0,0.0,1,0.0,1,Malicious,train
4518500,42.0,63.0,1.0,0.0,4,0.0,0.0,4,84,84,0.43764,2.284985,147.046906,2.284985,147.046906,0.43764,2.284985,1,2.284985,1,Malicious,train
12623392,42.0,63.0,1.0,0.0,6,0.0,0.0,4,42,42,0.0,0.0,0.0,0.0,0.0,0.0,0.0,2,0.0,1,Malicious,test
2566112,67.0,63.0,1.0,0.014027,1,0.011883,0.002144,3,268,532,0.66471,4.513244,707.25177,4.513244,356.284729,1.550991,4.513244,2,4.513244,1,Malicious,train
7493536,66.0,63.0,1.0,0.018949,3,0.017382,0.001567,3,66,132,0.0,0.0,0.0,0.0,0.0,0.0,0.0,2,0.0,1,Malicious,train
719804,42.0,58.0,6.0,0.0,4,0.0,0.0,4,42,42,0.0,0.0,0.0,0.0,0.0,0.0,0.0,1,0.0,1,Malicious,test
15481700,66.0,63.0,1.0,0.020103,8,0.018981,0.001122,3,66,66,0.0,0.0,0.0,0.0,0.0,0.0,0.0,2,0.0,1,Malicious,test
8060252,42.0,63.0,1.0,0.0,6,0.0,0.0,4,126,126,0.439723,4.54832,147.746872,4.54832,147.746872,0.439723,4.54832,2,4.54832,1,Malicious,train
6306268,103.428574,63.0,1.0,0.014914,1,0.012917,0.001997,3,724,1128,1.39649,4.296486,1783.783325,4.296486,1156.293823,2.79298,4.296486,1,4.296486,1,Malicious,test
2439908,67.0,63.0,1.0,0.014008,1,0.011779,0.002229,3,335,665,0.803023,4.981178,854.416382,4.981178,430.420288,1.806802,4.981178,2,4.981178,1,Malicious,validation
2717684,42.0,63.0,1.0,0.0,4,0.0,0.0,4,126,126,0.439741,4.548133,147.752945,4.548133,147.752945,0.439741,4.548133,1,4.548133,1,Malicious,train
21416036,42.0,63.0,1.0,0.0,6,0.0,0.0,4,42,42,0.0,0.0,0.0,0.0,0.0,0.0,0.0,2,0.0,1,Malicious,train
4974256,42.0,63.0,1.0,0.0,6,0.0,0.0,4,84,84,0.386652,2.586302,129.915222,2.586302,129.915222,0.386652,2.586302,2,2.586302,1,Malicious,train
14909300,42.0,63.0,1.0,0.0,6,0.0,0.0,4,42,42,0.0,0.0,0.0,0.0,0.0,0.0,0.0,2,0.0,1,Malicious,test
686292,58.0,46.0,18.0,0.0,6,0.0,0.0,3,58,58,0.0,0.0,0.0,0.0,0.0,0.0,0.0,1,0.0,1,Malicious,train
9940744,42.0,63.0,1.0,0.0,6,0.0,0.0,4,126,126,0.439345,4.552236,147.619766,4.552236,147.619766,0.439345,4.552236,2,4.552236,1,Malicious,train
7660192,42.0,63.0,1.0,0.0,6,0.0,0.0,4,84,84,0.388495,2.574035,130.534363,2.574035,130.534363,0.388495,2.574035,2,2.574035,1,Malicious,validation
5046868,69.0,63.0,1.0,0.013873,8,0.012413,0.00146,3,345,1226,1.011844,3.95318,2045.947754,3.95318,558.537659,2.529609,3.95318,2,3.95318,1,Malicious,train
14469792,42.0,63.0,1.0,0.0,6,0.0,0.0,4,42,42,0.0,0.0,0.0,0.0,0.0,0.0,0.0,2,0.0,1,Malicious,train
562572,74.0,63.0,1.0,0.0,6,0.0,0.0,3,74,74,0.0,0.0,0.0,0.0,0.0,0.0,0.0,1,0.0,1,Malicious,train
2234864,54.0,64.0,0.0,0.002515,8,0.0,0.002515,3,108,166,16.990044,0.058858,7339.69873,0.058858,7339.69873,33.980087,0.058858,1,0.058858,1,Malicious,train
16879256,42.0,63.0,1.0,0.0,6,0.0,0.0,4,84,84,0.387583,2.58009,130.228012,2.58009,130.228012,0.387583,2.58009,2,2.58009,1,Malicious,train
21510948,42.0,63.0,1.0,0.0,6,0.0,0.0,4,84,84,0.388613,2.573257,130.573822,2.573257,130.573822,0.388613,2.573257,2,2.573257,1,Malicious,train
2528948,42.0,63.0,1.0,0.0,4,0.0,0.0,4,84,84,0.368599,2.712978,123.849152,2.712978,123.849152,0.368599,2.712978,1,2.712978,1,Malicious,train
6474272,42.0,63.0,1.0,0.0,4,0.0,0.0,4,84,84,0.387382,2.581429,130.160461,2.581429,130.160461,0.387382,2.581429,1,2.581429,1,Malicious,train
6856236,66.0,63.0,1.0,0.02685,3,0.024947,0.001903,3,66,132,0.0,0.0,0.0,0.0,0.0,0.0,0.0,2,0.0,1,Malicious,train
16651108,42.0,63.0,1.0,0.0,6,0.0,0.0,4,42,42,0.0,0.0,0.0,0.0,0.0,0.0,0.0,2,0.0,1,Malicious,train
14231608,66.0,63.0,1.0,0.026008,3,0.02429,0.001718,3,66,132,0.0,0.0,0.0,0.0,0.0,0.0,0.0,2,0.0,1,Malicious,train
10004252,42.0,63.0,1.0,0.0,6,0.0,0.0,4,84,84,0.388963,2.570939,130.691544,2.570939,130.691544,0.388963,2.570939,2,2.570939,1,Malicious,train
4728456,42.0,63.0,1.0,0.0,4,0.0,0.0,4,84,84,0.218729,4.571875,73.492821,4.571875,73.492821,0.218729,4.571875,1,4.571875,1,Malicious,train
22072444,42.0,63.0,1.0,0.0,6,0.0,0.0,4,84,84,0.38823,2.57579,130.445419,2.57579,130.445419,0.38823,2.57579,2,2.57579,1,Malicious,train
13451468,42.0,63.0,1.0,0.0,6,0.0,0.0,4,84,84,0.387259,2.582254,130.118881,2.582254,130.118881,0.387259,2.582254,2,2.582254,1,Malicious,test
15549620,42.0,63.0,1.0,0.0,6,0.0,0.0,4,42,42,0.0,0.0,0.0,0.0,0.0,0.0,0.0,2,0.0,1,Malicious,validation
7571128,42.0,63.0,1.0,0.0,6,0.0,0.0,4,84,84,0.387875,2.578149,130.32605,2.578149,130.32605,0.387875,2.578149,2,2.578149,1,Malicious,train
389464,58.0,44.0,20.0,0.0,6,0.0,0.0,3,58,58,0.0,0.0,0.0,0.0,0.0,0.0,0.0,1,0.0,1,Malicious,validation
1592328,68.25,63.0,1.0,0.015025,3,0.013177,0.001848,3,546,1559,1.506293,4.647169,2349.817627,4.647169,822.866577,3.227772,4.647169,2,4.647169,1,Malicious,train
3104768,68.666664,63.0,1.0,0.014007,8,0.01255,0.001457,3,412,1359,1.446378,3.456911,2675.220703,3.456911,796.086426,3.471307,3.456911,2,3.456911,1,Malicious,train
2563624,54.0,64.0,0.0,0.00192,8,0.0,0.00192,3,108,166,21.207558,0.047153,9161.665039,0.047153,9161.665039,42.415115,0.047153,1,0.047153,1,Malicious,validation
357968,115.25,63.0,1.0,0.016001,1,0.014058,0.001943,3,461,667,82.23008,0.036483,106131.6172,0.036483,75870.95313,164.460159,0.036483,1,0.036483,1,Malicious,test
16650772,42.0,63.0,1.0,0.0,6,0.0,0.0,4,84,84,0.388157,2.576277,130.420761,2.576277,130.420761,0.388157,2.576277,2,2.576277,1,Malicious,validation
5434108,66.0,63.0,1.0,0.024874,3,0.023648,0.001226,3,66,132,0.0,0.0,0.0,0.0,0.0,0.0,0.0,2,0.0,1,Malicious,train
5422568,70.333336,63.0,1.0,0.01392,8,0.012545,0.001375,3,211,960,0.842982,2.372529,2370.466309,2.372529,475.442017,2.528947,2.372529,2,2.372529,1,Malicious,train
14672432,42.0,63.0,1.0,0.0,6,0.0,0.0,4,42,42,0.0,0.0,0.0,0.0,0.0,0.0,0.0,2,0.0,1,Malicious,train
4685736,114.166664,63.0,1.0,0.014095,1,0.012273,0.001822,3,685,1023,1.685831,2.965896,2271.151855,2.965896,1540.175415,3.371663,2.965896,1,2.965896,1,Malicious,validation
17844252,42.0,63.0,1.0,0.0,6,0.0,0.0,4,42,42,0.0,0.0,0.0,0.0,0.0,0.0,0.0,2,0.0,1,Malicious,train
14945700,42.0,63.0,1.0,0.0,6,0.0,0.0,4,42,42,0.0,0.0,0.0,0.0,0.0,0.0,0.0,2,0.0,1,Malicious,validation
8240556,42.0,63.0,1.0,0.0,6,0.0,0.0,4,84,84,0.436701,2.289898,146.73143,2.289898,146.73143,0.436701,2.289898,2,2.289898,1,Malicious,train
7717448,42.0,63.0,1.0,0.0,6,0.0,0.0,4,84,84,0.387683,2.579428,130.261444,2.579428,130.261444,0.387683,2.579428,2,2.579428,1,Malicious,test
21663620,42.0,63.0,1.0,0.0,6,0.0,0.0,4,42,42,0.0,0.0,0.0,0.0,0.0,0.0,0.0,2,0.0,1,Malicious,validation
321048,42.0,42.0,22.0,0.0,4,0.0,0.0,4,42,42,0.0,0.0,0.0,0.0,0.0,0.0,0.0,1,0.0,1,Malicious,train
5128640,104.14286,63.0,1.0,0.015003,1,0.013774,0.001229,3,729,1133,1.215823,4.934931,1559.494995,4.934931,1013.185425,2.431645,4.934931,1,4.934931,1,Malicious,train
17587780,42.0,63.0,1.0,0.0,6,0.0,0.0,4,42,42,0.0,0.0,0.0,0.0,0.0,0.0,0.0,2,0.0,1,Malicious,train
19434996,42.0,63.0,1.0,0.0,6,0.0,0.0,4,42,42,0.0,0.0,0.0,0.0,0.0,0.0,0.0,2,0.0,1,Malicious,train
10020532,42.0,63.0,1.0,0.0,6,0.0,0.0,4,42,42,0.0,0.0,0.0,0.0,0.0,0.0,0.0,2,0.0,1,Malicious,train
3529340,42.0,63.0,1.0,0.0,4,0.0,0.0,4,84,84,0.439345,2.276115,147.619965,2.276115,147.619965,0.439345,2.276115,1,2.276115,1,Malicious,train
19817836,42.0,63.0,1.0,0.0,6,0.0,0.0,4,84,84,0.388632,2.573128,130.580368,2.573128,130.580368,0.388632,2.573128,2,2.573128,1,Malicious,train
7925284,148.166672,63.0,1.0,0.013829,1,0.011943,0.001886,3,889,12852,1.255979,3.980957,23345.14063,3.980957,1489.089111,4.019134,3.980957,1,3.980957,1,Malicious,train
8478376,114.5,63.0,1.0,0.048985,1,0.046656,0.002329,3,916,12879,1.487382,4.706255,19851.02734,4.706255,1363.292114,3.824697,4.706255,1,4.706255,1,Malicious,train
5618240,42.0,63.0,1.0,0.0,4,0.0,0.0,4,42,42,0.0,0.0,0.0,0.0,0.0,0.0,0.0,1,0.0,1,Malicious,train
1538568,66.833336,63.0,1.0,0.015943,8,0.014019,0.001924,3,401,1414,1.143208,4.373656,2235.200928,4.373656,612.759705,2.972342,4.373656,2,4.373656,1,Malicious,validation
6527932,67.0,63.0,1.0,0.013995,1,0.01257,0.001425,3,201,399,0.532909,3.752987,567.015015,3.752987,285.63916,1.332272,3.752987,2,3.752987,1,Malicious,test
1077712,74.0,63.0,1.0,0.0,6,0.0,0.0,3,74,74,0.0,0.0,0.0,0.0,0.0,0.0,0.0,1,0.0,1,Malicious,train
171008,58.0,47.0,17.0,0.0,6,0.0,0.0,3,58,58,0.0,0.0,0.0,0.0,0.0,0.0,0.0,1,0.0,1,Malicious,train
4141180,66.0,63.0,1.0,0.030016,8,0.028337,0.001679,3,66,66,0.0,0.0,0.0,0.0,0.0,0.0,0.0,2,0.0,1,Malicious,validation
3508340,42.0,63.0,1.0,0.0,4,0.0,0.0,4,84,84,0.438112,2.282523,147.205536,2.282523,147.205536,0.438112,2.282523,1,2.282523,1,Malicious,train
607724,58.0,39.0,25.0,0.0,6,0.0,0.0,3,58,58,0.0,0.0,0.0,0.0,0.0,0.0,0.0,1,0.0,1,Malicious,train
6675648,42.0,63.0,1.0,0.0,6,0.0,0.0,4,84,84,0.436594,2.29046,146.695419,2.29046,146.695419,0.436594,2.29046,2,2.29046,1,Malicious,test
1797432,124.5,63.0,1.0,0.016826,1,0.015493,0.001333,3,996,13310,1.615474,4.333092,22450.48047,4.333092,1609.935791,4.38486,4.333092,1,4.333092,1,Malicious,train
22029820,42.0,63.0,1.0,0.0,6,0.0,0.0,4,42,42,0.0,0.0,0.0,0.0,0.0,0.0,0.0,2,0.0,1,Malicious,test
9683468,164.0,63.0,1.0,0.035988,1,0.033835,0.002153,3,984,4799,1.014215,4.929921,6283.264648,4.929921,1330.650146,2.02843,4.929921,1,4.929921,1,Malicious,test
1977552,42.0,63.0,1.0,0.0,4,0.0,0.0,4,84,84,0.440878,2.268202,148.134949,2.268202,148.134949,0.440878,2.268202,1,2.268202,1,Malicious,train
360896,42.0,45.0,19.0,0.0,4,0.0,0.0,4,42,42,0.0,0.0,0.0,0.0,0.0,0.0,0.0,1,0.0,1,Malicious,train
17293332,42.0,63.0,1.0,0.0,6,0.0,0.0,4,84,84,0.387722,2.579168,130.274567,2.579168,130.274567,0.387722,2.579168,2,2.579168,1,Malicious,test
20364,58.0,42.0,22.0,0.0,6,0.0,0.0,3,58,58,0.0,0.0,0.0,0.0,0.0,0.0,0.0,1,0.0,1,Malicious,test
1075952,42.0,63.0,1.0,0.0,4,0.0,0.0,4,126,126,0.438818,4.557702,147.442719,4.557702,147.442719,0.438818,4.557702,1,4.557702,1,Malicious,test
374160,58.0,46.0,18.0,0.0,6,0.0,0.0,3,58,58,0.0,0.0,0.0,0.0,0.0,0.0,0.0,1,0.0,1,Malicious,train
463044,42.0,36.0,28.0,0.0,4,0.0,0.0,4,42,42,0.0,0.0,0.0,0.0,0.0,0.0,0.0,1,0.0,1,Malicious,train
8309076,42.0,63.0,1.0,0.0,6,0.0,0.0,4,84,84,0.388006,2.577278,130.370102,2.577278,130.370102,0.388006,2.577278,2,2.577278,1,Malicious,train
22533460,42.0,63.0,1.0,0.0,6,0.0,0.0,4,42,42,0.0,0.0,0.0,0.0,0.0,0.0,0.0,2,0.0,1,Malicious,train
18322196,42.0,63.0,1.0,0.0,6,0.0,0.0,4,42,42,0.0,0.0,0.0,0.0,0.0,0.0,0.0,2,0.0,1,Malicious,test
1279148,66.0,63.0,1.0,0.022648,3,0.020921,0.001727,3,66,66,0.0,0.0,0.0,0.0,0.0,0.0,0.0,2,0.0,1,Malicious,train
899808,42.0,63.0,1.0,0.0,4,0.0,0.0,4,126,126,0.439976,4.545706,147.831833,4.545706,147.831833,0.439976,4.545706,1,4.545706,1,Malicious,train
663964,42.0,63.0,1.0,0.0,4,0.0,0.0,4,42,42,0.0,0.0,0.0,0.0,0.0,0.0,0.0,1,0.0,1,Malicious,train
2806628,42.0,63.0,1.0,0.0,4,0.0,0.0,4,42,42,0.0,0.0,0.0,0.0,0.0,0.0,0.0,1,0.0,1,Malicious,train
5757248,103.0,63.0,1.0,0.023896,1,0.022318,0.001578,3,721,12684,1.439878,4.167019,22066.61523,4.167019,1186.459717,4.079655,4.167019,1,4.167019,1,Malicious,train
3474772,42.0,63.0,1.0,0.0,4,0.0,0.0,4,84,84,0.441255,2.266265,148.261566,2.266265,148.261566,0.441255,2.266265,1,2.266265,1,Malicious,train
10624676,42.0,63.0,1.0,0.0,6,0.0,0.0,4,84,84,0.388685,2.572776,130.598236,2.572776,130.598236,0.388685,2.572776,2,2.572776,1,Malicious,test
7868304,42.0,63.0,1.0,0.0,4,0.0,0.0,4,42,42,0.0,0.0,0.0,0.0,0.0,0.0,0.0,1,0.0,1,Malicious,validation
10232480,112.375,63.0,1.0,0.026832,1,0.025195,0.001637,3,899,12862,1.454406,4.812962,19385.98438,4.812962,1308.134155,3.739901,4.812962,1,4.812962,1,Malicious,train
9218444,42.0,63.0,1.0,0.0,6,0.0,0.0,4,84,84,0.388624,2.573182,130.577621,2.573182,130.577621,0.388624,2.573182,2,2.573182,1,Malicious,validation
1049716,74.0,63.0,1.0,0.0,6,0.0,0.0,3,74,74,0.0,0.0,0.0,0.0,0.0,0.0,0.0,1,0.0,1,Malicious,test
15698388,0.0,63.0,1.0,0.051959,8,0.049128,0.002831,3,0,66,0.0,0.0,0.0,0.0,0.0,0.0,0.0,2,0.0,1,Malicious,validation
2718876,66.0,63.0,1.0,0.022024,8,0.020062,0.001962,3,66,66,0.0,0.0,0.0,0.0,0.0,0.0,0.0,2,0.0,1,Malicious,train
12525264,42.0,63.0,1.0,0.0,6,0.0,0.0,4,42,42,0.0,0.0,0.0,0.0,0.0,0.0,0.0,2,0.0,1,Malicious,train
21147612,42.0,63.0,1.0,0.0,6,0.0,0.0,4,84,84,0.38851,2.573935,130.539429,2.573935,130.539429,0.38851,2.573935,2,2.573935,1,Malicious,train
10515056,42.0,63.0,1.0,0.0,6,0.0,0.0,4,84,84,0.440924,2.267963,148.150574,2.267963,148.150574,0.440924,2.267963,2,2.267963,1,Malicious,test
11773052,66.0,63.0,1.0,0.028795,3,0.026947,0.001848,3,66,132,0.0,0.0,0.0,0.0,0.0,0.0,0.0,2,0.0,1,Malicious,test
3290468,42.0,63.0,1.0,0.0,4,0.0,0.0,4,42,42,0.0,0.0,0.0,0.0,0.0,0.0,0.0,1,0.0,1,Malicious,test
311036,54.0,63.0,1.0,0.002136,8,0.0,0.002136,3,108,166,41.921688,0.023854,18110.16992,0.023854,18110.16992,83.843376,0.023854,1,0.023854,1,Malicious,test
766576,74.0,63.0,1.0,0.0,6,0.0,0.0,3,74,74,0.0,0.0,0.0,0.0,0.0,0.0,0.0,1,0.0,1,Malicious,validation
195308,74.0,63.0,1.0,0.0,6,0.0,0.0,3,74,74,0.0,0.0,0.0,0.0,0.0,0.0,0.0,1,0.0,1,Malicious,train
13764636,66.0,63.0,1.0,0.031092,3,0.029471,0.001621,3,66,132,0.0,0.084136,0.0,0.084136,0.0,11.885518,0.084136,2,0.084136,1,Malicious,test
5006216,42.0,63.0,1.0,0.0,6,0.0,0.0,4,84,84,0.386803,2.585295,129.96582,2.585295,129.96582,0.386803,2.585295,2,2.585295,1,Malicious,train
12962696,139.5,63.0,1.0,0.027882,1,0.02538,0.002502,3,837,12800,1.228564,4.069792,22751.04102,4.069792,1372.060303,3.931405,4.069792,1,4.069792,1,Malicious,train
5574240,66.0,63.0,1.0,0.032013,3,0.030397,0.001616,3,66,132,0.0,0.0,0.0,0.0,0.0,0.0,0.0,2,0.0,1,Malicious,validation
1021260,72.0,63.0,1.0,0.013906,8,0.012504,0.001402,3,144,824,0.503094,1.987699,2117.020752,1.987699,289.782288,2.012377,1.987699,2,1.987699,1,Malicious,train
1362768,42.0,63.0,1.0,0.0,4,0.0,0.0,4,126,126,0.439954,4.545934,147.824402,4.545934,147.824402,0.439954,4.545934,1,4.545934,1,Malicious,test
2382500,68.428574,63.0,1.0,0.014124,8,0.012641,0.001483,3,479,1492,1.474421,4.069394,2551.731201,4.069394,807.982666,3.440315,4.069394,2,4.069394,1,Malicious,validation
6098736,42.0,63.0,1.0,0.0,4,0.0,0.0,4,126,126,0.43813,4.564853,147.211746,4.564853,147.211746,0.43813,4.564853,1,4.564853,1,Malicious,validation
13631728,42.0,63.0,1.0,0.0,6,0.0,0.0,4,42,42,0.0,0.0,0.0,0.0,0.0,0.0,0.0,2,0.0,1,Malicious,train
712316,42.0,44.0,20.0,0.0,4,0.0,0.0,4,42,42,0.0,0.0,0.0,0.0,0.0,0.0,0.0,1,0.0,1,Malicious,train
2833772,42.0,63.0,1.0,0.0,4,0.0,0.0,4,42,42,0.0,0.0,0.0,0.0,0.0,0.0,0.0,1,0.0,1,Malicious,test
11692828,0.0,63.0,1.0,0.027975,8,0.025447,0.002528,3,0,66,0.0,0.0,0.0,0.0,0.0,0.0,0.0,2,0.0,1,Malicious,validation
15612608,0.0,63.0,1.0,0.029915,8,0.027818,0.002097,3,0,66,0.0,0.0,0.0,0.0,0.0,0.0,0.0,2,0.0,1,Malicious,validation
1971980,42.0,63.0,1.0,0.0,4,0.0,0.0,4,42,42,0.0,0.0,0.0,0.0,0.0,0.0,0.0,1,0.0,1,Malicious,train
13184836,42.0,63.0,1.0,0.0,6,0.0,0.0,4,42,42,0.0,0.0,0.0,0.0,0.0,0.0,0.0,2,0.0,1,Malicious,train
23690372,42.0,63.0,1.0,0.0,6,0.0,0.0,4,42,42,0.0,0.0,0.0,0.0,0.0,0.0,0.0,2,0.0,1,Malicious,validation
8983804,42.0,63.0,1.0,0.0,6,0.0,0.0,4,126,126,0.439814,4.547376,147.777527,4.547376,147.777527,0.439814,4.547376,2,4.547376,1,Malicious,train
18662412,42.0,63.0,1.0,0.0,6,0.0,0.0,4,42,42,0.0,0.0,0.0,0.0,0.0,0.0,0.0,2,0.0,1,Malicious,train
932204,54.0,63.0,1.0,0.002412,8,0.0,0.002412,3,108,166,58.861614,0.016989,25428.21875,0.016989,25428.21875,117.723228,0.016989,1,0.016989,1,Malicious,train
10389828,42.0,63.0,1.0,0.0,6,0.0,0.0,4,42,42,0.0,0.0,0.0,0.0,0.0,0.0,0.0,2,0.0,1,Malicious,train
14433764,42.0,63.0,1.0,0.0,6,0.0,0.0,4,42,42,0.0,0.0,0.0,0.0,0.0,0.0,0.0,2,0.0,1,Malicious,train
4130088,148.5,63.0,1.0,0.018104,1,0.016834,0.00127,3,594,4409,0.717711,4.179956,6694.807617,4.179956,853.597534,1.913896,4.179956,1,4.179956,1,Malicious,train
17193532,42.0,63.0,1.0,0.0,6,0.0,0.0,4,42,42,0.0,0.0,0.0,0.0,0.0,0.0,0.0,2,0.0,1,Malicious,test
5695184,42.0,63.0,1.0,0.0,6,0.0,0.0,4,42,42,0.0,0.0,0.0,0.0,0.0,0.0,0.0,2,0.0,1,Malicious,train
10924760,42.0,63.0,1.0,0.0,6,0.0,0.0,4,42,42,0.0,0.0,0.0,0.0,0.0,0.0,0.0,2,0.0,1,Malicious,train
13952956,42.0,63.0,1.0,0.0,6,0.0,0.0,4,84,84,0.438396,2.281044,147.30098,2.281044,147.30098,0.438396,2.281044,2,2.281044,1,Malicious,test
15272356,0.0,63.0,1.0,0.030005,8,0.028408,0.001597,3,0,66,0.0,0.0,0.0,0.0,0.0,0.0,0.0,2,0.0,1,Malicious,validation
477652,58.0,52.0,12.0,0.0,6,0.0,0.0,3,58,58,0.0,0.0,0.0,0.0,0.0,0.0,0.0,1,0.0,1,Malicious,validation
6115280,42.0,63.0,1.0,0.0,4,0.0,0.0,4,42,42,0.0,0.0,0.0,0.0,0.0,0.0,0.0,1,0.0,1,Malicious,train
15616228,42.0,63.0,1.0,0.0,6,0.0,0.0,4,42,42,0.0,0.0,0.0,0.0,0.0,0.0,0.0,2,0.0,1,Malicious,validation
7264712,42.0,63.0,1.0,0.0,4,0.0,0.0,4,126,126,0.437453,4.571918,146.984268,4.571918,146.984268,0.437453,4.571918,1,4.571918,1,Malicious,train
5216836,126.875,63.0,1.0,0.029794,1,0.027225,0.002569,3,1015,12978,1.672702,4.184846,22490.67188,4.184846,1699.46521,4.301234,4.184846,1,4.184846,1,Malicious,train
2397424,106.0,63.0,1.0,0.014129,1,0.012154,0.001975,3,742,1146,2.440356,2.458658,3165.954834,2.458658,2069.421631,4.880712,2.458658,1,2.458658,1,Malicious,test
12079452,42.0,63.0,1.0,0.0,6,0.0,0.0,4,84,84,0.437639,2.284988,147.046722,2.284988,147.046722,0.437639,2.284988,2,2.284988,1,Malicious,train
4188488,42.0,63.0,1.0,0.0,4,0.0,0.0,4,42,42,0.0,0.0,0.0,0.0,0.0,0.0,0.0,1,0.0,1,Malicious,train
2780648,66.0,63.0,1.0,0.023802,3,0.021858,0.001944,3,66,132,0.0,0.160133,0.0,0.160133,0.0,6.244809,0.160133,2,0.160133,1,Malicious,validation
542020,58.0,54.0,10.0,0.0,6,0.0,0.0,3,58,58,0.0,0.0,0.0,0.0,0.0,0.0,0.0,1,0.0,1,Malicious,validation
5084444,67.0,63.0,1.0,0.015032,1,0.012836,0.002196,3,402,798,1.209677,4.133335,1287.096191,4.133335,648.386841,2.661289,4.133335,2,4.133335,1,Malicious,validation
16253372,42.0,63.0,1.0,0.0,6,0.0,0.0,4,42,42,0.0,0.0,0.0,0.0,0.0,0.0,0.0,2,0.0,1,Malicious,validation
13586704,42.0,63.0,1.0,0.0,6,0.0,0.0,4,42,42,0.0,0.0,0.0,0.0,0.0,0.0,0.0,2,0.0,1,Malicious,test
7078976,42.0,63.0,1.0,0.0,6,0.0,0.0,4,42,42,0.0,0.0,0.0,0.0,0.0,0.0,0.0,2,0.0,1,Malicious,train
15963236,42.0,63.0,1.0,0.0,6,0.0,0.0,4,84,84,0.388471,2.574198,130.526093,2.574198,130.526093,0.388471,2.574198,2,2.574198,1,Malicious,train
12591652,42.0,63.0,1.0,0.0,6,0.0,0.0,4,84,84,0.219459,4.556657,73.738274,4.556657,73.738274,0.219459,4.556657,2,4.556657,1,Malicious,validation
698168,74.0,63.0,1.0,0.0,6,0.0,0.0,3,74,74,0.0,0.0,0.0,0.0,0.0,0.0,0.0,1,0.0,1,Malicious,train
628564,58.0,57.0,7.0,0.0,6,0.0,0.0,3,58,58,0.0,0.0,0.0,0.0,0.0,0.0,0.0,1,0.0,1,Malicious,train
4678384,0.0,63.0,1.0,0.015912,8,0.013906,0.002006,3,0,66,0.0,0.0,0.0,0.0,0.0,0.0,0.0,2,0.0,1,Malicious,train
8215644,42.0,63.0,1.0,0.0,6,0.0,0.0,4,84,84,0.388092,2.57671,130.398849,2.57671,130.398849,0.388092,2.57671,2,2.57671,1,Malicious,train
10235932,42.0,63.0,1.0,0.0,6,0.0,0.0,4,84,84,0.389125,2.56987,130.745911,2.56987,130.745911,0.389125,2.56987,2,2.56987,1,Malicious,test
13883368,66.0,63.0,1.0,0.034985,3,0.032773,0.002212,3,66,132,0.0,0.0,0.0,0.0,0.0,0.0,0.0,2,0.0,1,Malicious,train
13669680,42.0,63.0,1.0,0.0,6,0.0,0.0,4,42,42,0.0,0.0,0.0,0.0,0.0,0.0,0.0,2,0.0,1,Malicious,train
14912500,42.0,63.0,1.0,0.0,6,0.0,0.0,4,42,42,0.0,0.0,0.0,0.0,0.0,0.0,0.0,2,0.0,1,Malicious,train
2290136,42.0,63.0,1.0,0.0,4,0.0,0.0,4,84,84,0.439557,2.275019,147.691086,2.275019,147.691086,0.439557,2.275019,1,2.275019,1,Malicious,train
10588908,42.0,63.0,1.0,0.0,6,0.0,0.0,4,42,42,0.0,0.0,0.0,0.0,0.0,0.0,0.0,2,0.0,1,Malicious,test
8773244,42.0,63.0,1.0,0.0,6,0.0,0.0,4,84,84,0.439939,2.273043,147.819473,2.273043,147.819473,0.439939,2.273043,2,2.273043,1,Malicious,validation
589700,42.0,42.0,22.0,0.0,4,0.0,0.0,4,42,42,0.0,0.0,0.0,0.0,0.0,0.0,0.0,1,0.0,1,Malicious,test
6764824,42.0,63.0,1.0,0.0,4,0.0,0.0,4,84,84,0.387403,2.581293,130.167313,2.581293,130.167313,0.387403,2.581293,1,2.581293,1,Malicious,test
9189132,42.0,63.0,1.0,0.0,6,0.0,0.0,4,42,42,0.0,0.0,0.0,0.0,0.0,0.0,0.0,2,0.0,1,Malicious,train
7653016,42.0,63.0,1.0,0.0,6,0.0,0.0,4,42,42,0.0,0.0,0.0,0.0,0.0,0.0,0.0,2,0.0,1,Malicious,train
3391036,54.0,64.0,0.0,0.002255,8,0.0,0.002255,3,108,166,29.396204,0.034018,12699.16016,0.034018,12699.16016,58.792408,0.034018,1,0.034018,1,Malicious,train
2095296,42.0,63.0,1.0,0.0,4,0.0,0.0,4,42,42,0.0,0.0,0.0,0.0,0.0,0.0,0.0,1,0.0,1,Malicious,train
1071320,58.0,47.0,17.0,0.0,6,0.0,0.0,3,58,58,0.0,0.0,0.0,0.0,0.0,0.0,0.0,1,0.0,1,Malicious,train
8601556,42.0,63.0,1.0,0.0,6,0.0,0.0,4,84,84,0.437392,2.28628,146.963638,2.28628,146.963638,0.437392,2.28628,2,2.28628,1,Malicious,train
8898628,42.0,63.0,1.0,0.0,6,0.0,0.0,4,42,42,0.0,0.0,0.0,0.0,0.0,0.0,0.0,2,0.0,1,Malicious,validation
2476320,67.0,63.0,1.0,0.016103,1,0.014261,0.001842,3,268,532,0.952873,3.148373,1013.857056,3.148373,510.740021,2.223371,3.148373,2,3.148373,1,Malicious,train
9757756,42.0,63.0,1.0,0.0,6,0.0,0.0,4,84,84,0.388429,2.574472,130.512207,2.574472,130.512207,0.388429,2.574472,2,2.574472,1,Malicious,validation
1535080,102.375,63.0,1.0,0.01419,1,0.012607,0.001583,3,819,1289,1.591687,4.397849,2037.359619,4.397849,1304.273926,3.183374,4.397849,1,4.397849,1,Malicious,train
548168,74.0,63.0,1.0,0.0,6,0.0,0.0,3,74,74,0.0,0.0,0.0,0.0,0.0,0.0,0.0,1,0.0,1,Malicious,train
22862524,42.0,63.0,1.0,0.0,6,0.0,0.0,4,42,42,0.0,0.0,0.0,0.0,0.0,0.0,0.0,2,0.0,1,Malicious,test
6626192,67.0,63.0,1.0,0.013993,1,0.01196,0.002033,3,201,399,0.71838,2.784042,764.356323,2.784042,385.051666,1.79595,2.784042,2,2.784042,1,Malicious,validation
12271732,42.0,63.0,1.0,0.0,6,0.0,0.0,4,126,126,0.438295,4.56314,147.267014,4.56314,147.267014,0.438295,4.56314,2,4.56314,1,Malicious,validation
4154620,70.333336,63.0,1.0,0.014996,8,0.012952,0.002044,3,211,960,0.988261,2.023757,2778.989746,2.023757,557.37915,2.964783,2.023757,2,2.023757,1,Malicious,train
20743540,42.0,63.0,1.0,0.0,6,0.0,0.0,4,84,84,0.388263,2.575573,130.456406,2.575573,130.456406,0.388263,2.575573,2,2.575573,1,Malicious,train
22453380,42.0,63.0,1.0,0.0,6,0.0,0.0,4,42,42,0.0,0.0,0.0,0.0,0.0,0.0,0.0,2,0.0,1,Malicious,test
13089596,42.0,63.0,1.0,0.0,6,0.0,0.0,4,84,84,0.3879,2.577982,130.334503,2.577982,130.334503,0.3879,2.577982,2,2.577982,1,Malicious,validation
9051340,42.0,63.0,1.0,0.0,6,0.0,0.0,4,126,126,0.439247,4.553246,147.587021,4.553246,147.587021,0.439247,4.553246,2,4.553246,1,Malicious,train
15745004,42.0,63.0,1.0,0.0,6,0.0,0.0,4,84,84,0.388213,2.575906,130.439545,2.575906,130.439545,0.388213,2.575906,2,2.575906,1,Malicious,validation
27393924,42.0,63.0,1.0,0.0,4,0.0,0.0,4,42,42,0.0,0.0,0.0,0.0,0.0,0.0,0.0,1,0.0,1,Malicious,train
23258508,42.0,63.0,1.0,0.0,6,0.0,0.0,4,42,42,0.0,0.0,0.0,0.0,0.0,0.0,0.0,2,0.0,1,Malicious,train
13966460,42.0,63.0,1.0,0.0,6,0.0,0.0,4,42,42,0.0,0.0,0.0,0.0,0.0,0.0,0.0,2,0.0,1,Malicious,test
2176580,99.777779,63.0,1.0,0.014111,1,0.012863,0.001248,3,898,12861,1.920272,4.166077,22419.17188,4.166077,1534.297119,4.560645,4.166077,1,4.166077,1,Malicious,train
6309800,42.0,63.0,1.0,0.0,6,0.0,0.0,4,42,42,0.0,0.0,0.0,0.0,0.0,0.0,0.0,2,0.0,1,Malicious,train
17384772,42.0,63.0,1.0,0.0,6,0.0,0.0,4,84,84,0.388354,2.574968,130.487061,2.574968,130.487061,0.388354,2.574968,2,2.574968,1,Malicious,test
1072156,66.0,63.0,1.0,0.033878,3,0.032044,0.001834,3,66,132,0.0,0.0,0.0,0.0,0.0,0.0,0.0,2,0.0,1,Malicious,validation
11426692,42.0,63.0,1.0,0.0,6,0.0,0.0,4,84,84,0.388921,2.571214,130.677567,2.571214,130.677567,0.388921,2.571214,2,2.571214,1,Malicious,test
1235456,0.0,63.0,1.0,0.015011,8,0.012913,0.002098,3,0,66,0.0,0.0,0.0,0.0,0.0,0.0,0.0,2,0.0,1,Malicious,train
5850216,66.0,63.0,1.0,0.102078,3,0.100888,0.00119,3,66,132,0.0,0.0,0.0,0.0,0.0,0.0,0.0,2,0.0,1,Malicious,train
15236476,66.0,63.0,1.0,0.016839,3,0.015142,0.001697,3,66,132,0.0,0.0,0.0,0.0,0.0,0.0,0.0,2,0.0,1,Malicious,test
8193956,42.0,63.0,1.0,0.0,6,0.0,0.0,4,84,84,0.43959,2.274848,147.702179,2.274848,147.702179,0.43959,2.274848,2,2.274848,1,Malicious,test
7092376,42.0,63.0,1.0,0.0,4,0.0,0.0,4,42,42,0.0,0.0,0.0,0.0,0.0,0.0,0.0,1,0.0,1,Malicious,train
14119264,42.0,63.0,1.0,0.0,6,0.0,0.0,4,42,42,0.0,0.0,0.0,0.0,0.0,0.0,0.0,2,0.0,1,Malicious,train
6418336,169.333328,63.0,1.0,0.025927,1,0.023827,0.0021,3,508,648,47.222157,0.042353,77255.44531,0.042353,64033.24219,94.444313,0.042353,1,0.042353,1,Malicious,train
12475012,66.0,63.0,1.0,0.032045,3,0.030414,0.001631,3,66,132,0.0,0.0,0.0,0.0,0.0,0.0,0.0,2,0.0,1,Malicious,validation
13815780,42.0,63.0,1.0,0.0,6,0.0,0.0,4,42,42,0.0,0.0,0.0,0.0,0.0,0.0,0.0,2,0.0,1,Malicious,train
111336,42.0,43.0,21.0,0.0,4,0.0,0.0,4,42,42,0.0,0.0,0.0,0.0,0.0,0.0,0.0,1,0.0,1,Malicious,train
5630904,67.0,63.0,1.0,0.013994,1,0.012888,0.001106,3,201,399,0.566498,3.530463,602.753784,3.530463,303.642883,1.416245,3.530463,2,3.530463,1,Malicious,validation
10722356,42.0,63.0,1.0,0.0,6,0.0,0.0,4,84,84,0.389185,2.569471,130.76622,2.569471,130.76622,0.389185,2.569471,2,2.569471,1,Malicious,test
1771840,42.0,63.0,1.0,0.0,4,0.0,0.0,4,126,126,0.440332,4.542031,147.951447,4.542031,147.951447,0.440332,4.542031,1,4.542031,1,Malicious,test
9349616,0.0,63.0,1.0,0.023186,8,0.021736,0.00145,3,0,66,0.0,0.0,0.0,0.0,0.0,0.0,0.0,2,0.0,1,Malicious,train
9607240,42.0,63.0,1.0,0.0,6,0.0,0.0,4,84,84,0.2193,4.559973,73.684654,4.559973,73.684654,0.2193,4.559973,2,4.559973,1,Malicious,test
8117184,131.285721,63.0,1.0,0.020741,1,0.018426,0.002315,3,919,12882,1.305546,4.595779,20303.84766,4.595779,1371.693481,3.699047,4.595779,1,4.595779,1,Malicious,train
11811228,42.0,63.0,1.0,0.0,6,0.0,0.0,4,42,42,0.0,0.0,0.0,0.0,0.0,0.0,0.0,2,0.0,1,Malicious,train
23648532,42.0,63.0,1.0,0.0,6,0.0,0.0,4,42,42,0.0,0.0,0.0,0.0,0.0,0.0,0.0,2,0.0,1,Malicious,train
19586876,42.0,63.0,1.0,0.0,6,0.0,0.0,4,42,42,0.0,0.0,0.0,0.0,0.0,0.0,0.0,2,0.0,1,Malicious,train
2672392,69.0,63.0,1.0,0.014011,3,0.01241,0.001601,3,345,1160,0.800397,4.99752,1485.536865,4.99752,441.819153,1.800893,4.99752,2,4.99752,1,Malicious,validation
11668340,66.0,63.0,1.0,0.042835,3,0.040163,0.002672,3,66,132,0.0,0.0,0.0,0.0,0.0,0.0,0.0,2,0.0,1,Malicious,train
16856096,42.0,63.0,1.0,0.0,6,0.0,0.0,4,84,84,0.387899,2.577993,130.333954,2.577993,130.333954,0.387899,2.577993,2,2.577993,1,Malicious,train
11723020,42.0,63.0,1.0,0.0,6,0.0,0.0,4,84,84,0.219498,4.555846,73.751389,4.555846,73.751389,0.219498,4.555846,2,4.555846,1,Malicious,validation
576320,42.0,63.0,1.0,0.0,4,0.0,0.0,4,126,126,0.439267,4.553038,147.59375,4.553038,147.59375,0.439267,4.553038,1,4.553038,1,Malicious,test
1338808,66.0,63.0,1.0,0.026903,3,0.0255,0.001403,3,66,132,0.0,0.0,0.0,0.0,0.0,0.0,0.0,2,0.0,1,Malicious,train
11432164,42.0,63.0,1.0,0.0,6,0.0,0.0,4,84,84,0.388813,2.571932,130.641083,2.571932,130.641083,0.388813,2.571932,2,2.571932,1,Malicious,validation
3340316,0.0,63.0,1.0,0.015978,8,0.014196,0.001782,3,0,66,0.0,0.0,0.0,0.0,0.0,0.0,0.0,2,0.0,1,Malicious,train
14627072,42.0,63.0,1.0,0.0,6,0.0,0.0,4,42,42,0.0,0.0,0.0,0.0,0.0,0.0,0.0,2,0.0,1,Malicious,train
15575364,42.0,63.0,1.0,0.0,6,0.0,0.0,4,84,84,0.38866,2.572945,130.589645,2.572945,130.589645,0.38866,2.572945,2,2.572945,1,Malicious,test
12570160,0.0,63.0,1.0,0.022939,8,0.021275,0.001664,3,0,66,0.0,0.0,0.0,0.0,0.0,0.0,0.0,2,0.0,1,Malicious,train
13063504,42.0,63.0,1.0,0.0,6,0.0,0.0,4,42,42,0.0,0.0,0.0,0.0,0.0,0.0,0.0,2,0.0,1,Malicious,validation
4529592,42.0,63.0,1.0,0.0,4,0.0,0.0,4,42,42,0.0,0.0,0.0,0.0,0.0,0.0,0.0,1,0.0,1,Malicious,train
4704304,42.0,63.0,1.0,0.0,4,0.0,0.0,4,84,84,0.385758,2.592296,129.614838,2.592296,129.614838,0.385758,2.592296,1,2.592296,1,Malicious,train
816936,58.0,52.0,12.0,0.0,6,0.0,0.0,3,58,58,0.0,0.0,0.0,0.0,0.0,0.0,0.0,1,0.0,1,Malicious,test
12516792,42.0,63.0,1.0,0.0,6,0.0,0.0,4,42,42,0.0,0.0,0.0,0.0,0.0,0.0,0.0,2,0.0,1,Malicious,validation
13941012,42.0,63.0,1.0,0.0,6,0.0,0.0,4,84,84,0.387255,2.582276,130.117767,2.582276,130.117767,0.387255,2.582276,2,2.582276,1,Malicious,train
3268964,42.0,63.0,1.0,0.0,4,0.0,0.0,4,84,84,0.441295,2.266056,148.275238,2.266056,148.275238,0.441295,2.266056,1,2.266056,1,Malicious,train
20521012,42.0,63.0,1.0,0.0,6,0.0,0.0,4,42,42,0.0,0.0,0.0,0.0,0.0,0.0,0.0,2,0.0,1,Malicious,train
5378964,66.0,63.0,1.0,0.017875,3,0.01651,0.001365,3,66,132,0.0,0.0,0.0,0.0,0.0,0.0,0.0,2,0.0,1,Malicious,train
1553780,66.0,63.0,1.0,0.022061,3,0.019914,0.002147,3,66,132,0.0,0.0,0.0,0.0,0.0,0.0,0.0,2,0.0,1,Malicious,train
14096812,42.0,63.0,1.0,0.0,6,0.0,0.0,4,84,84,0.388209,2.575934,130.438126,2.575934,130.438126,0.388209,2.575934,2,2.575934,1,Malicious,test
11137804,148.166672,63.0,1.0,0.014779,1,0.013361,0.001418,3,889,4704,7.340592,0.681144,44548.58203,0.681144,8703.005859,14.681184,0.681144,1,0.681144,1,Malicious,validation
3357788,42.0,63.0,1.0,0.0,4,0.0,0.0,4,42,42,0.0,0.0,0.0,0.0,0.0,0.0,0.0,1,0.0,1,Malicious,validation
518880,74.0,63.0,1.0,0.0,6,0.0,0.0,3,74,74,0.0,0.0,0.0,0.0,0.0,0.0,0.0,1,0.0,1,Malicious,validation
7562600,42.0,63.0,1.0,0.0,6,0.0,0.0,4,84,84,0.219693,4.551814,73.816727,4.551814,73.816727,0.219693,4.551814,2,4.551814,1,Malicious,train
13908260,191.0,63.0,1.0,0.051036,1,0.049436,0.0016,3,573,713,37.659111,0.053108,68087.67188,0.053108,57543.12109,75.318222,0.053108,1,0.053108,1,Malicious,train
9054068,42.0,63.0,1.0,0.0,6,0.0,0.0,4,126,126,0.438407,4.561976,147.304596,4.561976,147.304596,0.438407,4.561976,2,4.561976,1,Malicious,validation
2928396,42.0,63.0,1.0,0.0,4,0.0,0.0,4,84,84,0.439744,2.274049,147.754074,2.274049,147.754074,0.439744,2.274049,1,2.274049,1,Malicious,validation
7630080,111.375,63.0,1.0,0.035685,1,0.034204,0.001481,3,891,12854,1.682752,4.159853,22416.17773,4.159853,1500.052979,4.327076,4.159853,1,4.159853,1,Malicious,train
12110932,160.199997,63.0,1.0,0.028999,1,0.027208,0.001791,3,801,4616,0.801725,4.989243,5921.539551,4.989243,1027.811279,1.803881,4.989243,1,4.989243,1,Malicious,validation
597064,54.0,63.0,1.0,0.0,6,0.0,0.0,3,54,54,0.0,0.0,0.0,0.0,0.0,0.0,0.0,1,0.0,1,Malicious,train
8142916,42.0,63.0,1.0,0.0,4,0.0,0.0,4,84,84,0.219426,4.557347,73.727104,4.557347,73.727104,0.219426,4.557347,1,4.557347,1,Malicious,test
10529188,42.0,63.0,1.0,0.0,6,0.0,0.0,4,42,42,0.0,0.0,0.0,0.0,0.0,0.0,0.0,2,0.0,1,Malicious,test
6026048,142.0,63.0,1.0,0.023718,1,0.021742,0.001976,3,852,12815,1.161508,4.304748,21531.57422,4.304748,1319.473267,3.716826,4.304748,1,4.304748,1,Malicious,train
204500,74.0,63.0,1.0,0.0,6,0.0,0.0,3,74,74,0.0,0.0,0.0,0.0,0.0,0.0,0.0,1,0.0,1,Malicious,test
14932980,42.0,63.0,1.0,0.0,6,0.0,0.0,4,42,42,0.0,0.0,0.0,0.0,0.0,0.0,0.0,2,0.0,1,Malicious,train
7948740,66.0,63.0,1.0,0.021833,3,0.019868,0.001965,3,66,3807,0.0,4.960915,4524.97168,4.960915,0.0,0.806303,4.960915,2,4.960915,1,Malicious,validation
19306548,42.0,63.0,1.0,0.0,6,0.0,0.0,4,42,42,0.0,0.0,0.0,0.0,0.0,0.0,0.0,2,0.0,1,Malicious,train
4480720,66.0,63.0,1.0,0.020985,3,0.019416,0.001569,3,66,132,0.0,0.0,0.0,0.0,0.0,0.0,0.0,2,0.0,1,Malicious,train
9267692,42.0,63.0,1.0,0.0,6,0.0,0.0,4,42,42,0.0,0.0,0.0,0.0,0.0,0.0,0.0,2,0.0,1,Malicious,train
13564148,42.0,63.0,1.0,0.0,6,0.0,0.0,4,84,84,0.387347,2.581664,130.148621,2.581664,130.148621,0.387347,2.581664,2,2.581664,1,Malicious,train
385968,42.0,55.0,9.0,0.0,4,0.0,0.0,4,42,42,0.0,0.0,0.0,0.0,0.0,0.0,0.0,1,0.0,1,Malicious,train
478752,42.0,63.0,1.0,0.0,4,0.0,0.0,4,126,126,0.440446,4.540854,147.989777,4.540854,147.989777,0.440446,4.540854,1,4.540854,1,Malicious,validation
8768932,42.0,63.0,1.0,0.0,6,0.0,0.0,4,84,84,0.440155,2.271928,147.892014,2.271928,147.892014,0.440155,2.271928,2,2.271928,1,Malicious,train
22190260,42.0,63.0,1.0,0.0,6,0.0,0.0,4,42,42,0.0,0.0,0.0,0.0,0.0,0.0,0.0,2,0.0,1,Malicious,train
4572612,42.0,63.0,1.0,0.0,4,0.0,0.0,4,42,42,0.0,0.0,0.0,0.0,0.0,0.0,0.0,1,0.0,1,Malicious,train
14508752,42.0,63.0,1.0,0.0,6,0.0,0.0,4,42,42,0.0,0.0,0.0,0.0,0.0,0.0,0.0,2,0.0,1,Malicious,validation
11349388,42.0,63.0,1.0,0.0,6,0.0,0.0,4,42,42,0.0,0.0,0.0,0.0,0.0,0.0,0.0,2,0.0,1,Malicious,train
244332,96.25,63.0,1.0,0.015138,1,0.013022,0.002116,3,770,1240,1.598141,4.380089,1967.083374,4.380089,1231.025269,3.196282,4.380089,1,4.380089,1,Malicious,train
3049468,42.0,63.0,1.0,0.0,4,0.0,0.0,4,42,42,0.0,0.0,0.0,0.0,0.0,0.0,0.0,1,0.0,1,Malicious,train
3326820,42.0,63.0,1.0,0.0,4,0.0,0.0,4,42,42,0.0,0.0,0.0,0.0,0.0,0.0,0.0,1,0.0,1,Malicious,test
14539472,42.0,63.0,1.0,0.0,6,0.0,0.0,4,42,42,0.0,0.0,0.0,0.0,0.0,0.0,0.0,2,0.0,1,Malicious,train
643932,77.0,63.0,1.0,0.015772,1,0.014559,0.001213,3,77,143,0.0,0.001787,0.0,0.001787,0.0,559.597107,0.001787,2,0.001787,1,Malicious,train
1513340,42.0,63.0,1.0,0.0,4,0.0,0.0,4,42,42,0.0,0.0,0.0,0.0,0.0,0.0,0.0,1,0.0,1,Malicious,validation
8800620,42.0,63.0,1.0,0.0,6,0.0,0.0,4,42,42,0.0,0.0,0.0,0.0,0.0,0.0,0.0,2,0.0,1,Malicious,validation
9324252,42.0,63.0,1.0,0.0,6,0.0,0.0,4,42,42,0.0,0.0,0.0,0.0,0.0,0.0,0.0,2,0.0,1,Malicious,train
14084564,42.0,63.0,1.0,0.0,6,0.0,0.0,4,84,84,0.386713,2.5859,129.93541,2.5859,129.93541,0.386713,2.5859,2,2.5859,1,Malicious,train
12521528,42.0,63.0,1.0,0.0,6,0.0,0.0,4,84,84,0.386955,2.58428,130.016876,2.58428,130.016876,0.386955,2.58428,2,2.58428,1,Malicious,train
9905240,66.0,63.0,1.0,0.021986,3,0.019756,0.00223,3,66,132,0.0,0.059974,0.0,0.059974,0.0,16.673893,0.059974,2,0.059974,1,Malicious,train
4783100,0.0,63.0,1.0,0.044128,8,0.04145,0.002678,3,0,66,0.0,0.0,0.0,0.0,0.0,0.0,0.0,2,0.0,1,Malicious,train
16030284,42.0,63.0,1.0,0.0,6,0.0,0.0,4,42,42,0.0,0.0,0.0,0.0,0.0,0.0,0.0,2,0.0,1,Malicious,train
14759576,66.0,63.0,1.0,0.02301,3,0.021314,0.001696,3,66,66,0.0,0.0,0.0,0.0,0.0,0.0,0.0,2,0.0,1,Malicious,train
2762924,42.0,63.0,1.0,0.0,4,0.0,0.0,4,126,126,0.43982,4.547315,147.77951,4.547315,147.77951,0.43982,4.547315,1,4.547315,1,Malicious,train
22299220,42.0,63.0,1.0,0.0,6,0.0,0.0,4,42,42,0.0,0.0,0.0,0.0,0.0,0.0,0.0,2,0.0,1,Malicious,train
4909740,67.0,63.0,1.0,0.013907,1,0.012333,0.001574,3,268,532,0.721969,4.155301,768.175354,4.155301,386.975555,1.684595,4.155301,2,4.155301,1,Malicious,train
13236068,42.0,63.0,1.0,0.0,6,0.0,0.0,4,84,84,0.388485,2.5741,130.531052,2.5741,130.531052,0.388485,2.5741,2,2.5741,1,Malicious,train
11722172,42.0,63.0,1.0,0.0,6,0.0,0.0,4,84,84,0.38876,2.57228,130.623413,2.57228,130.623413,0.38876,2.57228,2,2.57228,1,Malicious,validation
14362752,42.0,63.0,1.0,0.0,6,0.0,0.0,4,42,42,0.0,0.0,0.0,0.0,0.0,0.0,0.0,2,0.0,1,Malicious,train
3938464,42.0,63.0,1.0,0.0,4,0.0,0.0,4,84,84,0.387453,2.580959,130.184158,2.580959,130.184158,0.387453,2.580959,1,2.580959,1,Malicious,train
3532200,66.0,63.0,1.0,0.015852,3,0.014478,0.001374,3,66,132,0.0,0.0,0.0,0.0,0.0,0.0,0.0,2,0.0,1,Malicious,validation
14224508,42.0,63.0,1.0,0.0,6,0.0,0.0,4,84,84,0.387729,2.579123,130.27684,2.579123,130.27684,0.387729,2.579123,2,2.579123,1,Malicious,train
423188,42.0,63.0,1.0,0.0,4,0.0,0.0,4,84,84,0.347593,2.876928,116.791237,2.876928,116.791237,0.347593,2.876928,1,2.876928,1,Malicious,train
10842740,42.0,63.0,1.0,0.0,6,0.0,0.0,4,84,84,0.389872,2.564944,130.997009,2.564944,130.997009,0.389872,2.564944,2,2.564944,1,Malicious,test
14788068,42.0,63.0,1.0,0.0,6,0.0,0.0,4,84,84,0.388026,2.577145,130.376831,2.577145,130.376831,0.388026,2.577145,2,2.577145,1,Malicious,validation
1066860,42.0,63.0,1.0,0.0,4,0.0,0.0,4,42,42,0.0,0.0,0.0,0.0,0.0,0.0,0.0,1,0.0,1,Malicious,validation
1062848,58.0,51.0,13.0,0.0,6,0.0,0.0,3,58,58,0.0,0.0,0.0,0.0,0.0,0.0,0.0,1,0.0,1,Malicious,test
12028348,42.0,63.0,1.0,0.0,6,0.0,0.0,4,42,42,0.0,0.0,0.0,0.0,0.0,0.0,0.0,2,0.0,1,Malicious,train
826340,74.0,63.0,1.0,0.0,6,0.0,0.0,3,74,74,0.0,0.0,0.0,0.0,0.0,0.0,0.0,1,0.0,1,Malicious,train
10671772,42.0,63.0,1.0,0.0,6,0.0,0.0,4,84,84,0.388134,2.576431,130.412964,2.576431,130.412964,0.388134,2.576431,2,2.576431,1,Malicious,train
3014192,67.0,63.0,1.0,0.013992,1,0.011821,0.002171,3,268,532,0.687145,4.365894,731.121765,4.365894,368.309448,1.603337,4.365894,2,4.365894,1,Malicious,train
8344980,42.0,63.0,1.0,0.0,6,0.0,0.0,4,42,42,0.0,0.0,0.0,0.0,0.0,0.0,0.0,2,0.0,1,Malicious,train
173860,74.0,63.0,1.0,0.0,6,0.0,0.0,3,74,74,0.0,0.0,0.0,0.0,0.0,0.0,0.0,1,0.0,1,Malicious,train
7950724,42.0,63.0,1.0,0.0,4,0.0,0.0,4,126,126,0.438662,4.559314,147.390594,4.559314,147.390594,0.438662,4.559314,1,4.559314,1,Malicious,train
3077332,0.0,63.0,1.0,0.021882,8,0.019983,0.001899,3,0,66,0.0,0.0,0.0,0.0,0.0,0.0,0.0,2,0.0,1,Malicious,train
9217500,42.0,63.0,1.0,0.0,6,0.0,0.0,4,126,126,0.438683,4.559104,147.397385,4.559104,147.397385,0.438683,4.559104,2,4.559104,1,Malicious,validation
6480928,42.0,63.0,1.0,0.0,4,0.0,0.0,4,84,84,0.21806,4.58589,73.268227,4.58589,73.268227,0.21806,4.58589,1,4.58589,1,Malicious,test
7513960,42.0,63.0,1.0,0.0,6,0.0,0.0,4,126,126,0.43939,4.551766,147.63501,4.551766,147.63501,0.43939,4.551766,2,4.551766,1,Malicious,train
9724476,42.0,63.0,1.0,0.0,6,0.0,0.0,4,84,84,0.387898,2.577999,130.333633,2.577999,130.333633,0.387898,2.577999,2,2.577999,1,Malicious,validation
4340436,67.0,63.0,1.0,0.013988,1,0.012405,0.001583,3,201,399,0.45726,4.373882,486.524353,4.373882,245.091217,1.143149,4.373882,2,4.373882,1,Malicious,train
2410740,42.0,63.0,1.0,0.0,4,0.0,0.0,4,84,84,0.366858,2.72585,123.264297,2.72585,123.264297,0.366858,2.72585,1,2.72585,1,Malicious,test
93484,74.0,63.0,1.0,0.0,6,0.0,0.0,3,74,74,0.0,0.0,0.0,0.0,0.0,0.0,0.0,1,0.0,1,Malicious,train
1454032,42.0,63.0,1.0,0.0,4,0.0,0.0,4,84,84,0.220126,4.542853,73.962334,4.542853,73.962334,0.220126,4.542853,1,4.542853,1,Malicious,train
1377784,76.0,63.0,1.0,0.017074,1,0.015476,0.001598,3,76,142,0.0,0.001922,0.0,0.001922,0.0,520.291382,0.001922,2,0.001922,1,Malicious,train
12406788,42.0,63.0,1.0,0.0,6,0.0,0.0,4,84,84,0.218898,4.568344,73.549629,4.568344,73.549629,0.218898,4.568344,2,4.568344,1,Malicious,train
22026308,42.0,63.0,1.0,0.0,6,0.0,0.0,4,42,42,0.0,0.0,0.0,0.0,0.0,0.0,0.0,2,0.0,1,Malicious,test
6973600,0.0,63.0,1.0,0.031041,8,0.029446,0.001595,3,0,66,0.0,0.0,0.0,0.0,0.0,0.0,0.0,2,0.0,1,Malicious,train
23277708,42.0,63.0,1.0,0.0,6,0.0,0.0,4,42,42,0.0,0.0,0.0,0.0,0.0,0.0,0.0,2,0.0,1,Malicious,validation
10286300,42.0,63.0,1.0,0.0,6,0.0,0.0,4,84,84,0.388952,2.571014,130.687744,2.571014,130.687744,0.388952,2.571014,2,2.571014,1,Malicious,train
2369980,0.0,63.0,1.0,0.014975,8,0.01274,0.002235,3,0,66,0.0,0.0,0.0,0.0,0.0,0.0,0.0,2,0.0,1,Malicious,test
15337596,0.0,63.0,1.0,0.019981,8,0.01776,0.002221,3,0,66,0.0,0.0,0.0,0.0,0.0,0.0,0.0,2,0.0,1,Malicious,train
4056964,67.0,63.0,1.0,0.013986,1,0.012037,0.001949,3,268,532,0.622124,4.822186,661.94043,4.822186,333.45874,1.451624,4.822186,2,4.822186,1,Malicious,train
202484,74.0,63.0,1.0,0.0,6,0.0,0.0,3,74,74,0.0,0.0,0.0,0.0,0.0,0.0,0.0,1,0.0,1,Malicious,train
5238500,209.333328,63.0,1.0,0.030687,1,0.028355,0.002332,3,628,768,51.8269,0.03859,101373.4141,0.03859,86861.88281,103.653801,0.03859,1,0.03859,1,Malicious,validation
4340692,67.0,63.0,1.0,0.014945,1,0.012852,0.002093,3,201,399,0.569684,3.510717,606.143982,3.510717,305.350739,1.424211,3.510717,2,3.510717,1,Malicious,validation
7185792,42.0,63.0,1.0,0.0,6,0.0,0.0,4,84,84,0.387463,2.580891,130.187607,2.580891,130.187607,0.387463,2.580891,2,2.580891,1,Malicious,train
10780392,42.0,63.0,1.0,0.0,6,0.0,0.0,4,84,84,0.219459,4.556661,73.738205,4.556661,73.738205,0.219459,4.556661,2,4.556661,1,Malicious,train
2526236,42.0,63.0,1.0,0.0,4,0.0,0.0,4,42,42,0.0,0.0,0.0,0.0,0.0,0.0,0.0,1,0.0,1,Malicious,train
5551520,42.0,63.0,1.0,0.0,6,0.0,0.0,4,84,84,0.386523,2.587171,129.871582,2.587171,129.871582,0.386523,2.587171,2,2.587171,1,Malicious,train
18175044,42.0,63.0,1.0,0.0,6,0.0,0.0,4,42,42,0.0,0.0,0.0,0.0,0.0,0.0,0.0,2,0.0,1,Malicious,validation
7769744,42.0,63.0,1.0,0.0,6,0.0,0.0,4,84,84,0.438766,2.279117,147.425507,2.279117,147.425507,0.438766,2.279117,2,2.279117,1,Malicious,train
12943728,42.0,63.0,1.0,0.0,6,0.0,0.0,4,42,42,0.0,0.0,0.0,0.0,0.0,0.0,0.0,2,0.0,1,Malicious,train
15905924,42.0,63.0,1.0,0.0,6,0.0,0.0,4,84,84,0.389573,2.566914,130.896469,2.566914,130.896469,0.389573,2.566914,2,2.566914,1,Malicious,validation
19302980,42.0,63.0,1.0,0.0,6,0.0,0.0,4,42,42,0.0,0.0,0.0,0.0,0.0,0.0,0.0,2,0.0,1,Malicious,train
402440,42.0,63.0,1.0,0.0,4,0.0,0.0,4,126,126,0.442757,4.51715,148.766373,4.51715,148.766373,0.442757,4.51715,1,4.51715,1,Malicious,train
12124452,42.0,63.0,1.0,0.0,6,0.0,0.0,4,84,84,0.386839,2.585057,129.977783,2.585057,129.977783,0.386839,2.585057,2,2.585057,1,Malicious,train
5426112,42.0,63.0,1.0,0.0,6,0.0,0.0,4,84,84,0.218521,4.576219,73.423058,4.576219,73.423058,0.218521,4.576219,2,4.576219,1,Malicious,validation
8665016,0.0,63.0,1.0,0.032097,8,0.030037,0.00206,3,0,66,0.0,0.0,0.0,0.0,0.0,0.0,0.0,2,0.0,1,Malicious,train
15640980,42.0,63.0,1.0,0.0,6,0.0,0.0,4,84,84,0.388602,2.573327,130.570267,2.573327,130.570267,0.388602,2.573327,2,2.573327,1,Malicious,train
6084356,125.199997,63.0,1.0,0.055749,1,0.053996,0.001753,3,626,4441,0.993391,4.026611,7059.038086,4.026611,995.378052,2.23513,4.026611,1,4.026611,1,Malicious,train
7563528,42.0,63.0,1.0,0.0,4,0.0,0.0,4,42,42,0.0,0.0,0.0,0.0,0.0,0.0,0.0,1,0.0,1,Malicious,test
13787748,42.0,63.0,1.0,0.0,6,0.0,0.0,4,84,84,0.438735,2.279278,147.4151,2.279278,147.4151,0.438735,2.279278,2,2.279278,1,Malicious,train
15342688,119.428574,63.0,1.0,0.021047,8,0.019137,0.00191,3,836,4861,4.474476,1.340939,25289.74023,1.340939,4277.599121,10.440445,1.340939,1,1.340939,1,Malicious,train
2726924,138.25,63.0,1.0,0.083181,1,0.081452,0.001729,3,1106,13069,1.495423,4.68095,20242.04492,4.68095,1654.36499,3.845373,4.68095,1,4.68095,1,Malicious,test
7874688,144.800003,63.0,1.0,0.021035,1,0.019241,0.001794,3,724,5346,0.862423,4.638095,7644.518066,4.638095,1000.410767,2.156058,4.638095,1,4.638095,1,Malicious,train
11738684,101.818184,63.0,1.0,0.029918,1,0.0287,0.001218,3,1120,13083,4.249731,2.35309,40440.4375,2.35309,3464.380859,8.924436,2.35309,1,2.35309,1,Malicious,train
4603316,42.0,63.0,1.0,0.0,4,0.0,0.0,4,126,126,0.437996,4.566253,147.166611,4.566253,147.166611,0.437996,4.566253,1,4.566253,1,Malicious,validation
1204328,42.0,63.0,1.0,0.0,4,0.0,0.0,4,84,84,0.441629,2.264344,148.387344,2.264344,148.387344,0.441629,2.264344,1,2.264344,1,Malicious,test
19100948,42.0,63.0,1.0,0.0,6,0.0,0.0,4,84,84,0.387592,2.58003,130.231049,2.58003,130.231049,0.387592,2.58003,2,2.58003,1,Malicious,validation
11138356,42.0,63.0,1.0,0.0,6,0.0,0.0,4,84,84,0.389301,2.568704,130.805267,2.568704,130.805267,0.389301,2.568704,2,2.568704,1,Malicious,train
14483164,42.0,63.0,1.0,0.0,6,0.0,0.0,4,84,84,0.387496,2.580669,130.198807,2.580669,130.198807,0.387496,2.580669,2,2.580669,1,Malicious,train
732964,42.0,63.0,1.0,0.0,4,0.0,0.0,4,42,42,0.0,0.0,0.0,0.0,0.0,0.0,0.0,1,0.0,1,Malicious,train
7105152,42.0,63.0,1.0,0.0,6,0.0,0.0,4,84,84,0.438769,2.279105,147.4263,2.279105,147.4263,0.438769,2.279105,2,2.279105,1,Malicious,validation
8786976,66.0,63.0,1.0,0.022801,8,0.020406,0.002395,3,66,66,0.0,0.0,0.0,0.0,0.0,0.0,0.0,2,0.0,1,Malicious,train
19933468,42.0,63.0,1.0,0.0,6,0.0,0.0,4,42,42,0.0,0.0,0.0,0.0,0.0,0.0,0.0,2,0.0,1,Malicious,train
5552028,101.375,63.0,1.0,0.013945,1,0.012522,0.001423,3,811,1281,1.497072,4.675795,1904.275024,4.675795,1214.766724,2.994143,4.675795,1,4.675795,1,Malicious,train
13384988,42.0,63.0,1.0,0.0,6,0.0,0.0,4,42,42,0.0,0.0,0.0,0.0,0.0,0.0,0.0,2,0.0,1,Malicious,train
21913492,42.0,63.0,1.0,0.0,6,0.0,0.0,4,42,42,0.0,0.0,0.0,0.0,0.0,0.0,0.0,2,0.0,1,Malicious,train
119048,58.0,46.0,18.0,0.0,6,0.0,0.0,3,58,58,0.0,0.0,0.0,0.0,0.0,0.0,0.0,1,0.0,1,Malicious,train
3907008,42.0,63.0,1.0,0.0,4,0.0,0.0,4,84,84,0.438291,2.281587,147.26593,2.281587,147.26593,0.438291,2.281587,1,2.281587,1,Malicious,train
814060,66.0,63.0,1.0,0.03978,3,0.037517,0.002263,3,66,132,0.0,0.0,0.0,0.0,0.0,0.0,0.0,2,0.0,1,Malicious,test
13392008,42.0,63.0,1.0,0.0,6,0.0,0.0,4,42,42,0.0,0.0,0.0,0.0,0.0,0.0,0.0,2,0.0,1,Malicious,validation
13607548,42.0,63.0,1.0,0.0,6,0.0,0.0,4,84,84,0.387729,2.57912,130.276993,2.57912,130.276993,0.387729,2.57912,2,2.57912,1,Malicious,train
12577300,42.0,63.0,1.0,0.0,6,0.0,0.0,4,84,84,0.219253,4.560951,73.668846,4.560951,73.668846,0.219253,4.560951,2,4.560951,1,Malicious,train
10048896,42.0,63.0,1.0,0.0,6,0.0,0.0,4,84,84,0.439942,2.273029,147.820374,2.273029,147.820374,0.439942,2.273029,2,2.273029,1,Malicious,train
4292532,42.0,63.0,1.0,0.0,4,0.0,0.0,4,42,42,0.0,0.0,0.0,0.0,0.0,0.0,0.0,1,0.0,1,Malicious,test
2019696,42.0,63.0,1.0,0.0,4,0.0,0.0,4,42,42,0.0,0.0,0.0,0.0,0.0,0.0,0.0,1,0.0,1,Malicious,train
23346108,42.0,63.0,1.0,0.0,6,0.0,0.0,4,42,42,0.0,0.0,0.0,0.0,0.0,0.0,0.0,2,0.0,1,Malicious,test
9990156,66.0,63.0,1.0,0.022883,3,0.021027,0.001856,3,66,132,0.0,0.0,0.0,0.0,0.0,0.0,0.0,2,0.0,1,Malicious,test
10494404,42.0,63.0,1.0,0.0,6,0.0,0.0,4,84,84,0.389127,2.569852,130.746826,2.569852,130.746826,0.389127,2.569852,2,2.569852,1,Malicious,train
8539852,117.555557,63.0,1.0,0.020907,1,0.019032,0.001875,3,1058,13021,1.689923,4.733943,19969.82422,4.733943,1590.217773,4.013567,4.733943,1,4.733943,1,Malicious,train
12268264,42.0,63.0,1.0,0.0,6,0.0,0.0,4,84,84,0.388232,2.575779,130.445969,2.575779,130.445969,0.388232,2.575779,2,2.575779,1,Malicious,validation
9073612,114.888885,63.0,1.0,0.017949,1,0.016055,0.001894,3,1034,12997,136.752136,0.0585,1613128.25,0.0585,125811.9688,324.786316,0.0585,1,0.0585,1,Malicious,test
163560,42.0,54.0,10.0,0.0,4,0.0,0.0,4,42,42,0.0,0.0,0.0,0.0,0.0,0.0,0.0,1,0.0,1,Malicious,validation
12607000,42.0,63.0,1.0,0.0,6,0.0,0.0,4,84,84,0.387859,2.578256,130.320663,2.578256,130.320663,0.387859,2.578256,2,2.578256,1,Malicious,test
2062876,42.0,63.0,1.0,0.0,4,0.0,0.0,4,42,42,0.0,0.0,0.0,0.0,0.0,0.0,0.0,1,0.0,1,Malicious,train
2357628,42.0,63.0,1.0,0.0,4,0.0,0.0,4,42,42,0.0,0.0,0.0,0.0,0.0,0.0,0.0,1,0.0,1,Malicious,train
2072120,42.0,63.0,1.0,0.0,4,0.0,0.0,4,42,42,0.0,0.0,0.0,0.0,0.0,0.0,0.0,1,0.0,1,Malicious,validation
10936884,42.0,63.0,1.0,0.0,6,0.0,0.0,4,84,84,0.389129,2.569842,130.74733,2.569842,130.74733,0.389129,2.569842,2,2.569842,1,Malicious,train
12644168,66.0,63.0,1.0,0.022876,3,0.021168,0.001708,3,66,132,0.0,0.0,0.0,0.0,0.0,0.0,0.0,2,0.0,1,Malicious,train
159640,42.0,44.0,20.0,0.0,4,0.0,0.0,4,42,42,0.0,0.0,0.0,0.0,0.0,0.0,0.0,1,0.0,1,Malicious,validation
4553016,67.0,63.0,1.0,0.01306,1,0.011463,0.001597,3,201,399,0.518003,3.860979,551.155518,3.860979,277.64978,1.295008,3.860979,2,3.860979,1,Malicious,test
878352,74.0,63.0,1.0,0.0,6,0.0,0.0,3,74,74,0.0,0.0,0.0,0.0,0.0,0.0,0.0,1,0.0,1,Malicious,train
13339300,42.0,63.0,1.0,0.0,6,0.0,0.0,4,84,84,0.386261,2.588923,129.783691,2.588923,129.783691,0.386261,2.588923,2,2.588923,1,Malicious,train
16281148,42.0,63.0,1.0,0.0,6,0.0,0.0,4,42,42,0.0,0.0,0.0,0.0,0.0,0.0,0.0,2,0.0,1,Malicious,train
875324,42.0,63.0,1.0,0.0,4,0.0,0.0,4,42,42,0.0,0.0,0.0,0.0,0.0,0.0,0.0,1,0.0,1,Malicious,train
8152432,66.0,63.0,1.0,0.016906,3,0.015192,0.001714,3,66,132,0.0,0.0,0.0,0.0,0.0,0.0,0.0,2,0.0,1,Malicious,train
8789596,42.0,63.0,1.0,0.0,6,0.0,0.0,4,42,42,0.0,0.0,0.0,0.0,0.0,0.0,0.0,2,0.0,1,Malicious,train
6182512,42.0,63.0,1.0,0.0,4,0.0,0.0,4,42,42,0.0,0.0,0.0,0.0,0.0,0.0,0.0,1,0.0,1,Malicious,train
22174820,42.0,63.0,1.0,0.0,6,0.0,0.0,4,42,42,0.0,0.0,0.0,0.0,0.0,0.0,0.0,2,0.0,1,Malicious,test
11985108,42.0,63.0,1.0,0.0,6,0.0,0.0,4,84,84,0.388097,2.576673,130.400711,2.576673,130.400711,0.388097,2.576673,2,2.576673,1,Malicious,train
3776480,42.0,63.0,1.0,0.0,4,0.0,0.0,4,84,84,0.386556,2.586949,129.882721,2.586949,129.882721,0.386556,2.586949,1,2.586949,1,Malicious,test
2434356,42.0,63.0,1.0,0.0,4,0.0,0.0,4,84,84,0.220058,4.544258,73.939461,4.544258,73.939461,0.220058,4.544258,1,4.544258,1,Malicious,validation
14511764,42.0,63.0,1.0,0.0,6,0.0,0.0,4,84,84,0.388172,2.576175,130.425919,2.576175,130.425919,0.388172,2.576175,2,2.576175,1,Malicious,validation
4646760,42.0,63.0,1.0,0.0,4,0.0,0.0,4,42,42,0.0,0.0,0.0,0.0,0.0,0.0,0.0,1,0.0,1,Malicious,test
13786124,42.0,63.0,1.0,0.0,6,0.0,0.0,4,42,42,0.0,0.0,0.0,0.0,0.0,0.0,0.0,2,0.0,1,Malicious,validation
331816,58.0,57.0,7.0,0.0,6,0.0,0.0,3,58,58,0.0,0.0,0.0,0.0,0.0,0.0,0.0,1,0.0,1,Malicious,validation
11272284,42.0,63.0,1.0,0.0,6,0.0,0.0,4,84,84,0.389225,2.56921,130.779495,2.56921,130.779495,0.389225,2.56921,2,2.56921,1,Malicious,test
7655480,66.0,63.0,1.0,0.049018,3,0.046025,0.002993,3,66,132,0.0,0.0,0.0,0.0,0.0,0.0,0.0,2,0.0,1,Malicious,train
1083608,54.0,63.0,1.0,0.002278,8,0.0,0.002278,3,108,166,53.333332,0.01875,23040.0,0.01875,23040.0,106.666664,0.01875,1,0.01875,1,Malicious,test
17527620,42.0,63.0,1.0,0.0,6,0.0,0.0,4,42,42,0.0,0.0,0.0,0.0,0.0,0.0,0.0,2,0.0,1,Malicious,train
14957396,42.0,63.0,1.0,0.0,6,0.0,0.0,4,42,42,0.0,0.0,0.0,0.0,0.0,0.0,0.0,2,0.0,1,Malicious,validation
17737620,42.0,63.0,1.0,0.0,6,0.0,0.0,4,42,42,0.0,0.0,0.0,0.0,0.0,0.0,0.0,2,0.0,1,Malicious,train
16056164,42.0,63.0,1.0,0.0,6,0.0,0.0,4,84,84,0.387639,2.57972,130.246689,2.57972,130.246689,0.387639,2.57972,2,2.57972,1,Malicious,validation
5986760,69.0,63.0,1.0,0.013894,8,0.012243,0.001651,3,345,1226,1.309651,3.054249,2648.114014,3.054249,722.927307,3.274127,3.054249,2,3.054249,1,Malicious,validation
10438840,42.0,63.0,1.0,0.0,6,0.0,0.0,4,126,126,0.439772,4.547812,147.763367,4.547812,147.763367,0.439772,4.547812,2,4.547812,1,Malicious,train
10662048,165.0,63.0,1.0,0.040093,1,0.038629,0.001464,3,990,12953,1.063148,4.703015,19903.82813,4.703015,1403.355103,3.402073,4.703015,1,4.703015,1,Malicious,test
1686684,68.666664,63.0,1.0,0.013879,8,0.011798,0.002081,3,412,1359,1.571636,3.181398,2906.898193,3.181398,865.028564,3.771927,3.181398,2,3.181398,1,Malicious,train
23372508,42.0,63.0,1.0,0.0,6,0.0,0.0,4,42,42,0.0,0.0,0.0,0.0,0.0,0.0,0.0,2,0.0,1,Malicious,train
15638004,42.0,63.0,1.0,0.0,6,0.0,0.0,4,84,84,0.387745,2.579013,130.282394,2.579013,130.282394,0.387745,2.579013,2,2.579013,1,Malicious,test
5420880,107.0,63.0,1.0,0.013978,1,0.012492,0.001486,3,642,980,1.534706,3.257952,1979.157471,3.257952,1313.70874,3.069413,3.257952,1,3.257952,1,Malicious,train
7038672,42.0,63.0,1.0,0.0,6,0.0,0.0,4,84,84,0.219293,4.5601,73.682594,4.5601,73.682594,0.219293,4.5601,2,4.5601,1,Malicious,train
17345436,42.0,63.0,1.0,0.0,6,0.0,0.0,4,42,42,0.0,0.0,0.0,0.0,0.0,0.0,0.0,2,0.0,1,Malicious,train
13055352,42.0,63.0,1.0,0.0,6,0.0,0.0,4,84,84,0.440152,2.271944,147.890961,2.271944,147.890961,0.440152,2.271944,2,2.271944,1,Malicious,train
9267036,42.0,63.0,1.0,0.0,6,0.0,0.0,4,126,126,0.439962,4.545848,147.827209,4.545848,147.827209,0.439962,4.545848,2,4.545848,1,Malicious,validation
7334636,109.0,63.0,1.0,0.031065,1,0.029089,0.001976,3,981,12944,1.869903,4.278297,21967.61914,4.278297,1630.555298,4.44102,4.278297,1,4.278297,1,Malicious,test
19473228,42.0,63.0,1.0,0.0,6,0.0,0.0,4,84,84,0.38728,2.582112,130.126038,2.582112,130.126038,0.38728,2.582112,2,2.582112,1,Malicious,test
8294556,42.0,63.0,1.0,0.0,6,0.0,0.0,4,84,84,0.439467,2.275483,147.660965,2.275483,147.660965,0.439467,2.275483,2,2.275483,1,Malicious,train
11655268,0.0,63.0,1.0,0.016888,8,0.015133,0.001755,3,0,66,0.0,0.0,0.0,0.0,0.0,0.0,0.0,2,0.0,1,Malicious,validation
79428,99.14286,63.0,1.0,0.036048,1,0.034811,0.001237,3,694,1032,1.890676,3.173468,2183.100586,3.173468,1499.936279,3.466239,3.173468,1,3.173468,1,Malicious,train
687732,58.0,53.0,11.0,0.0,6,0.0,0.0,3,58,58,0.0,0.0,0.0,0.0,0.0,0.0,0.0,1,0.0,1,Malicious,test
9623288,42.0,63.0,1.0,0.0,6,0.0,0.0,4,42,42,0.0,0.0,0.0,0.0,0.0,0.0,0.0,2,0.0,1,Malicious,train
1862768,67.0,63.0,1.0,0.014997,1,0.012694,0.002303,3,201,399,0.480094,4.16585,510.820099,4.16585,257.330414,1.200235,4.16585,2,4.16585,1,Malicious,train
23491412,42.0,63.0,1.0,0.0,6,0.0,0.0,4,42,42,0.0,0.0,0.0,0.0,0.0,0.0,0.0,2,0.0,1,Malicious,validation
5971760,42.0,63.0,1.0,0.0,6,0.0,0.0,4,84,84,0.38607,2.590206,129.719421,2.590206,129.719421,0.38607,2.590206,2,2.590206,1,Malicious,validation
9300500,42.0,63.0,1.0,0.0,6,0.0,0.0,4,42,42,0.0,0.0,0.0,0.0,0.0,0.0,0.0,2,0.0,1,Malicious,train
1475536,42.0,63.0,1.0,0.0,4,0.0,0.0,4,126,126,0.43976,4.547939,147.759247,4.547939,147.759247,0.43976,4.547939,1,4.547939,1,Malicious,validation
17472428,42.0,63.0,1.0,0.0,6,0.0,0.0,4,42,42,0.0,0.0,0.0,0.0,0.0,0.0,0.0,2,0.0,1,Malicious,train
11996996,42.0,63.0,1.0,0.0,6,0.0,0.0,4,84,84,0.388307,2.575284,130.471054,2.575284,130.471054,0.388307,2.575284,2,2.575284,1,Malicious,test
1510264,106.285713,63.0,1.0,0.013993,1,0.012188,0.001805,3,744,1148,1.238716,4.843724,1610.331299,4.843724,1053.734741,2.477433,4.843724,1,4.843724,1,Malicious,train
3815296,66.0,63.0,1.0,0.034066,3,0.032755,0.001311,3,66,66,0.0,0.0,0.0,0.0,0.0,0.0,0.0,2,0.0,1,Malicious,test
13158952,42.0,63.0,1.0,0.0,6,0.0,0.0,4,42,42,0.0,0.0,0.0,0.0,0.0,0.0,0.0,2,0.0,1,Malicious,train
13137540,42.0,63.0,1.0,0.0,6,0.0,0.0,4,84,84,0.388624,2.573178,130.577835,2.573178,130.577835,0.388624,2.573178,2,2.573178,1,Malicious,train
2177260,42.0,63.0,1.0,0.0,4,0.0,0.0,4,84,84,0.363751,2.749136,122.220222,2.749136,122.220222,0.363751,2.749136,1,2.749136,1,Malicious,train
8526420,42.0,63.0,1.0,0.0,6,0.0,0.0,4,42,42,0.0,0.0,0.0,0.0,0.0,0.0,0.0,2,0.0,1,Malicious,train
8807004,42.0,63.0,1.0,0.0,6,0.0,0.0,4,126,126,0.439549,4.550117,147.688507,4.550117,147.688507,0.439549,4.550117,2,4.550117,1,Malicious,test
11515428,42.0,63.0,1.0,0.0,6,0.0,0.0,4,84,84,0.388986,2.570785,130.699371,2.570785,130.699371,0.388986,2.570785,2,2.570785,1,Malicious,train
452228,66.0,63.0,1.0,0.020695,3,0.019037,0.001658,3,66,66,0.0,0.0,0.0,0.0,0.0,0.0,0.0,2,0.0,1,Malicious,train
1111420,121.571426,63.0,1.0,0.026026,1,0.024731,0.001295,3,851,12814,1.427972,4.201762,22097.39453,4.201762,1389.893066,4.045921,4.201762,1,4.201762,1,Malicious,train
16950856,42.0,63.0,1.0,0.0,6,0.0,0.0,4,84,84,0.388319,2.575201,130.47525,2.575201,130.47525,0.388319,2.575201,2,2.575201,1,Malicious,test
2649180,42.0,63.0,1.0,0.0,4,0.0,0.0,4,42,42,0.0,0.0,0.0,0.0,0.0,0.0,0.0,1,0.0,1,Malicious,validation
8430988,42.0,63.0,1.0,0.0,4,0.0,0.0,4,84,84,0.388205,2.575959,130.436859,2.575959,130.436859,0.388205,2.575959,1,2.575959,1,Malicious,test
20124532,42.0,63.0,1.0,0.0,6,0.0,0.0,4,84,84,0.387566,2.580206,130.222168,2.580206,130.222168,0.387566,2.580206,2,2.580206,1,Malicious,train
4141224,66.0,63.0,1.0,0.03283,3,0.030962,0.001868,3,66,132,0.0,0.0,0.0,0.0,0.0,0.0,0.0,2,0.0,1,Malicious,validation
17128268,42.0,63.0,1.0,0.0,6,0.0,0.0,4,42,42,0.0,0.0,0.0,0.0,0.0,0.0,0.0,2,0.0,1,Malicious,train
792344,58.0,53.0,11.0,0.0,6,0.0,0.0,3,58,58,0.0,0.0,0.0,0.0,0.0,0.0,0.0,1,0.0,1,Malicious,validation
4845564,42.0,63.0,1.0,0.0,4,0.0,0.0,4,84,84,0.218419,4.578361,73.38871,4.578361,73.38871,0.218419,4.578361,1,4.578361,1,Malicious,train
1318132,115.0,63.0,1.0,0.015002,1,0.013423,0.001579,3,460,666,83.328705,0.036002,107327.3672,0.036002,76662.40625,166.65741,0.036002,1,0.036002,1,Malicious,validation
12888872,42.0,63.0,1.0,0.0,6,0.0,0.0,4,84,84,0.387283,2.582094,130.126953,2.582094,130.126953,0.387283,2.582094,2,2.582094,1,Malicious,train
2216312,129.125,63.0,1.0,0.023968,1,0.022372,0.001596,3,1033,12996,1.662356,4.21089,22380.06641,4.21089,1717.451782,4.274631,4.21089,1,4.21089,1,Malicious,train
138840,74.0,63.0,1.0,0.0,6,0.0,0.0,3,74,74,0.0,0.0,0.0,0.0,0.0,0.0,0.0,1,0.0,1,Malicious,train
11541012,42.0,63.0,1.0,0.0,6,0.0,0.0,4,84,84,0.219443,4.556998,73.732758,4.556998,73.732758,0.219443,4.556998,2,4.556998,1,Malicious,train
5932664,42.0,63.0,1.0,0.0,6,0.0,0.0,4,84,84,0.385355,2.595013,129.479126,2.595013,129.479126,0.385355,2.595013,2,2.595013,1,Malicious,train
15801308,42.0,63.0,1.0,0.0,6,0.0,0.0,4,42,42,0.0,0.0,0.0,0.0,0.0,0.0,0.0,2,0.0,1,Malicious,test
7161192,42.0,63.0,1.0,0.0,6,0.0,0.0,4,84,84,0.387447,2.580996,130.182297,2.580996,130.182297,0.387447,2.580996,2,2.580996,1,Malicious,test
2510084,42.0,63.0,1.0,0.0,4,0.0,0.0,4,42,42,0.0,0.0,0.0,0.0,0.0,0.0,0.0,1,0.0,1,Malicious,train
13930908,42.0,63.0,1.0,0.0,6,0.0,0.0,4,42,42,0.0,0.0,0.0,0.0,0.0,0.0,0.0,2,0.0,1,Malicious,validation
13028268,42.0,63.0,1.0,0.0,6,0.0,0.0,4,42,42,0.0,0.0,0.0,0.0,0.0,0.0,0.0,2,0.0,1,Malicious,validation
10512120,42.0,63.0,1.0,0.0,6,0.0,0.0,4,84,84,0.438385,2.281101,147.297287,2.281101,147.297287,0.438385,2.281101,2,2.281101,1,Malicious,test
3614408,101.285713,63.0,1.0,0.01497,1,0.01338,0.00159,3,709,1113,1.867257,3.213269,2352.744141,3.213269,1513.723267,3.734515,3.213269,1,3.213269,1,Malicious,test
10757456,66.0,63.0,1.0,0.023954,3,0.021652,0.002302,3,66,132,0.0,0.0,0.0,0.0,0.0,0.0,0.0,2,0.0,1,Malicious,train
8354296,0.0,63.0,1.0,0.025886,8,0.024023,0.001863,3,0,66,0.0,0.0,0.0,0.0,0.0,0.0,0.0,2,0.0,1,Malicious,train
10198028,42.0,63.0,1.0,0.0,6,0.0,0.0,4,84,84,0.389094,2.57007,130.735733,2.57007,130.735733,0.389094,2.57007,2,2.57007,1,Malicious,test
13890300,42.0,63.0,1.0,0.0,6,0.0,0.0,4,84,84,0.387675,2.579481,130.258774,2.579481,130.258774,0.387675,2.579481,2,2.579481,1,Malicious,train
8116588,42.0,63.0,1.0,0.0,4,0.0,0.0,4,84,84,0.219488,4.556048,73.748123,4.556048,73.748123,0.219488,4.556048,1,4.556048,1,Malicious,train
8601368,66.0,63.0,1.0,0.030683,3,0.029076,0.001607,3,66,132,0.0,0.0,0.0,0.0,0.0,0.0,0.0,2,0.0,1,Malicious,train
16588980,42.0,63.0,1.0,0.0,6,0.0,0.0,4,84,84,0.387906,2.577945,130.33638,2.577945,130.33638,0.387906,2.577945,2,2.577945,1,Malicious,train
6052960,67.0,63.0,1.0,0.018112,8,0.016254,0.001858,3,67,199,0.0,1.926911,274.013702,1.926911,0.0,1.037931,1.926911,2,1.926911,1,Malicious,train
15307220,42.0,63.0,1.0,0.0,6,0.0,0.0,4,84,84,0.389097,2.570055,130.736496,2.570055,130.736496,0.389097,2.570055,2,2.570055,1,Malicious,train
18881652,42.0,63.0,1.0,0.0,6,0.0,0.0,4,42,42,0.0,0.0,0.0,0.0,0.0,0.0,0.0,2,0.0,1,Malicious,validation
3542708,102.900002,63.0,1.0,0.027014,1,0.025008,0.002006,3,1029,12992,1.950209,4.61489,20460.72656,4.61489,1606.972168,4.333797,4.61489,1,4.61489,1,Malicious,validation
20326844,42.0,63.0,1.0,0.0,6,0.0,0.0,4,84,84,0.387898,2.578,130.333588,2.578,130.333588,0.387898,2.578,2,2.578,1,Malicious,train
9776436,66.0,63.0,1.0,0.018701,3,0.016889,0.001812,3,66,66,0.0,0.0,0.0,0.0,0.0,0.0,0.0,2,0.0,1,Malicious,train
22665220,42.0,63.0,1.0,0.0,6,0.0,0.0,4,42,42,0.0,0.0,0.0,0.0,0.0,0.0,0.0,2,0.0,1,Malicious,train
938024,77.0,63.0,1.0,0.021925,3,0.020563,0.001362,3,77,143,0.0,0.002052,0.0,0.002052,0.0,487.329437,0.002052,2,0.002052,1,Malicious,train
10054644,0.0,63.0,1.0,0.020841,8,0.018512,0.002329,3,0,66,0.0,0.0,0.0,0.0,0.0,0.0,0.0,2,0.0,1,Malicious,train
15562604,0.0,63.0,1.0,0.019091,8,0.017723,0.001368,3,0,66,0.0,0.0,0.0,0.0,0.0,0.0,0.0,2,0.0,1,Malicious,test
14603684,66.0,63.0,1.0,0.029865,3,0.028157,0.001708,3,66,132,0.0,0.0,0.0,0.0,0.0,0.0,0.0,2,0.0,1,Malicious,train
1871252,42.0,63.0,1.0,0.0,4,0.0,0.0,4,42,42,0.0,0.0,0.0,0.0,0.0,0.0,0.0,1,0.0,1,Malicious,test
2615396,210.333328,63.0,1.0,0.015983,1,0.014132,0.001851,3,631,771,84.484436,0.023673,165927.4219,0.023673,142271.7813,168.968872,0.023673,1,0.023673,1,Malicious,train
633992,42.0,63.0,1.0,0.0,4,0.0,0.0,4,126,126,0.440261,4.542759,147.927719,4.542759,147.927719,0.440261,4.542759,1,4.542759,1,Malicious,train
10281280,66.0,63.0,1.0,0.025906,3,0.024611,0.001295,3,264,12153,0.607183,4.940853,17647.1543,4.940853,320.592407,2.631124,4.940853,2,4.940853,1,Malicious,validation
13912532,42.0,63.0,1.0,0.0,6,0.0,0.0,4,42,42,0.0,0.0,0.0,0.0,0.0,0.0,0.0,2,0.0,1,Malicious,validation
7190868,66.0,63.0,1.0,0.044024,3,0.042073,0.001951,3,66,132,0.0,0.0,0.0,0.0,0.0,0.0,0.0,2,0.0,1,Malicious,train
693876,58.0,38.0,26.0,0.0,6,0.0,0.0,3,58,58,0.0,0.0,0.0,0.0,0.0,0.0,0.0,1,0.0,1,Malicious,test
8439360,42.0,63.0,1.0,0.0,6,0.0,0.0,4,42,42,0.0,0.0,0.0,0.0,0.0,0.0,0.0,2,0.0,1,Malicious,validation
10854664,66.0,63.0,1.0,0.022908,3,0.021598,0.00131,3,66,132,0.0,0.0,0.0,0.0,0.0,0.0,0.0,2,0.0,1,Malicious,train
12778936,42.0,63.0,1.0,0.0,6,0.0,0.0,4,84,84,0.388006,2.577277,130.370163,2.577277,130.370163,0.388006,2.577277,2,2.577277,1,Malicious,train
1670004,66.0,63.0,1.0,0.046222,3,0.041424,0.004798,3,66,132,0.0,0.0,0.0,0.0,0.0,0.0,0.0,2,0.0,1,Malicious,train
2597828,0.0,63.0,1.0,0.015092,8,0.01295,0.002142,3,0,66,0.0,0.0,0.0,0.0,0.0,0.0,0.0,2,0.0,1,Malicious,test
138412,74.0,63.0,1.0,0.0,6,0.0,0.0,3,74,74,0.0,0.0,0.0,0.0,0.0,0.0,0.0,1,0.0,1,Malicious,train
9947240,42.0,63.0,1.0,0.0,4,0.0,0.0,4,84,84,0.439524,2.275189,147.680038,2.275189,147.680038,0.439524,2.275189,1,2.275189,1,Malicious,train
13788492,42.0,63.0,1.0,0.0,6,0.0,0.0,4,84,84,0.389411,2.567978,130.842255,2.567978,130.842255,0.389411,2.567978,2,2.567978,1,Malicious,train
8294396,42.0,63.0,1.0,0.0,6,0.0,0.0,4,84,84,0.388498,2.574017,130.535263,2.574017,130.535263,0.388498,2.574017,2,2.574017,1,Malicious,train
20112244,42.0,63.0,1.0,0.0,6,0.0,0.0,4,84,84,0.38742,2.581176,130.173218,2.581176,130.173218,0.38742,2.581176,2,2.581176,1,Malicious,validation
7080560,42.0,63.0,1.0,0.0,6,0.0,0.0,4,84,84,0.219198,4.562081,73.650604,4.562081,73.650604,0.219198,4.562081,2,4.562081,1,Malicious,validation
2844136,66.0,63.0,1.0,0.048937,8,0.047701,0.001236,3,66,66,0.0,0.0,0.0,0.0,0.0,0.0,0.0,2,0.0,1,Malicious,train
11990324,42.0,63.0,1.0,0.0,6,0.0,0.0,4,42,42,0.0,0.0,0.0,0.0,0.0,0.0,0.0,2,0.0,1,Malicious,train
707804,42.0,63.0,1.0,0.0,4,0.0,0.0,4,84,84,0.350005,2.857098,117.601845,2.857098,117.601845,0.350005,2.857098,1,2.857098,1,Malicious,train
2872524,67.0,63.0,1.0,0.013954,1,0.012333,0.001621,3,201,399,0.916723,2.181684,975.393311,2.181684,491.363556,2.291808,2.181684,2,2.181684,1,Malicious,train
12809720,42.0,63.0,1.0,0.0,6,0.0,0.0,4,84,84,0.38789,2.578053,130.330917,2.578053,130.330917,0.38789,2.578053,2,2.578053,1,Malicious,train
465556,58.0,55.0,9.0,0.0,6,0.0,0.0,3,58,58,0.0,0.0,0.0,0.0,0.0,0.0,0.0,1,0.0,1,Malicious,train
322320,58.0,50.0,14.0,0.0,6,0.0,0.0,3,58,58,0.0,0.0,0.0,0.0,0.0,0.0,0.0,1,0.0,1,Malicious,train
6612552,42.0,63.0,1.0,0.0,4,0.0,0.0,4,84,84,0.387341,2.581707,130.146454,2.581707,130.146454,0.387341,2.581707,1,2.581707,1,Malicious,train
9288516,66.0,63.0,1.0,0.021998,8,0.020265,0.001733,3,66,66,0.0,0.0,0.0,0.0,0.0,0.0,0.0,2,0.0,1,Malicious,train
13441440,42.0,63.0,1.0,0.0,6,0.0,0.0,4,84,84,0.438906,2.278394,147.472305,2.278394,147.472305,0.438906,2.278394,2,2.278394,1,Malicious,test
9107864,142.199997,63.0,1.0,0.027841,1,0.025586,0.002255,3,711,4526,0.841379,4.7541,6093.26709,4.7541,957.48938,1.893103,4.7541,1,4.7541,1,Malicious,train
2613372,42.0,63.0,1.0,0.0,4,0.0,0.0,4,84,84,0.370222,2.701081,124.394638,2.701081,124.394638,0.370222,2.701081,1,2.701081,1,Malicious,train
5015624,67.0,63.0,1.0,0.013958,1,0.011881,0.002077,3,201,399,0.535315,3.736121,569.574707,3.736121,286.928619,1.338286,3.736121,2,3.736121,1,Malicious,train
10538632,42.0,63.0,1.0,0.0,6,0.0,0.0,4,42,42,0.0,0.0,0.0,0.0,0.0,0.0,0.0,2,0.0,1,Malicious,validation
3080844,42.0,63.0,1.0,0.0,4,0.0,0.0,4,42,42,0.0,0.0,0.0,0.0,0.0,0.0,0.0,1,0.0,1,Malicious,train
3483328,117.714287,63.0,1.0,0.043169,1,0.041529,0.00164,3,824,12787,1.33211,4.504132,20573.10938,4.504132,1255.735962,3.774312,4.504132,1,4.504132,1,Malicious,train
2424396,42.0,63.0,1.0,0.0,4,0.0,0.0,4,42,42,0.0,0.0,0.0,0.0,0.0,0.0,0.0,1,0.0,1,Malicious,train
1748952,42.0,63.0,1.0,0.0,4,0.0,0.0,4,84,84,0.219632,4.553078,73.796227,4.553078,73.796227,0.219632,4.553078,1,4.553078,1,Malicious,validation
556428,74.0,63.0,1.0,0.0,6,0.0,0.0,3,74,74,0.0,0.0,0.0,0.0,0.0,0.0,0.0,1,0.0,1,Malicious,train
13762052,42.0,63.0,1.0,0.0,6,0.0,0.0,4,42,42,0.0,0.0,0.0,0.0,0.0,0.0,0.0,2,0.0,1,Malicious,train
10255644,42.0,63.0,1.0,0.0,6,0.0,0.0,4,84,84,0.388199,2.576001,130.434738,2.576001,130.434738,0.388199,2.576001,2,2.576001,1,Malicious,train
9753396,42.0,63.0,1.0,0.0,6,0.0,0.0,4,42,42,0.0,0.0,0.0,0.0,0.0,0.0,0.0,2,0.0,1,Malicious,train
2467972,42.0,63.0,1.0,0.0,4,0.0,0.0,4,42,42,0.0,0.0,0.0,0.0,0.0,0.0,0.0,1,0.0,1,Malicious,test
10174584,42.0,63.0,1.0,0.0,6,0.0,0.0,4,84,84,0.219773,4.550158,73.84359,4.550158,73.84359,0.219773,4.550158,2,4.550158,1,Malicious,test
7749936,42.0,63.0,1.0,0.0,6,0.0,0.0,4,42,42,0.0,0.0,0.0,0.0,0.0,0.0,0.0,2,0.0,1,Malicious,train
14530032,42.0,63.0,1.0,0.0,6,0.0,0.0,4,42,42,0.0,0.0,0.0,0.0,0.0,0.0,0.0,2,0.0,1,Malicious,validation
572540,42.0,63.0,1.0,0.0,4,0.0,0.0,4,84,84,0.348744,2.867429,117.178139,2.867429,117.178139,0.348744,2.867429,1,2.867429,1,Malicious,train
9245108,42.0,63.0,1.0,0.0,6,0.0,0.0,4,84,84,0.440311,2.271123,147.944443,2.271123,147.944443,0.440311,2.271123,2,2.271123,1,Malicious,train
14489724,42.0,63.0,1.0,0.0,6,0.0,0.0,4,84,84,0.387865,2.578214,130.322784,2.578214,130.322784,0.387865,2.578214,2,2.578214,1,Malicious,train
182480,42.0,63.0,1.0,0.0,2,0.0,0.0,0,42,84,0.0,0.0024,0.0,0.0024,0.0,416.666656,0.0024,1,0.0024,1,Malicious,train
21906452,42.0,63.0,1.0,0.0,6,0.0,0.0,4,42,42,0.0,0.0,0.0,0.0,0.0,0.0,0.0,2,0.0,1,Malicious,validation
12076380,42.0,63.0,1.0,0.0,6,0.0,0.0,4,126,126,0.438766,4.558235,147.425476,4.558235,147.425476,0.438766,4.558235,2,4.558235,1,Malicious,train
1790056,66.0,63.0,1.0,0.019889,3,0.018264,0.001625,3,66,132,0.0,0.0,0.0,0.0,0.0,0.0,0.0,2,0.0,1,Malicious,train
2502892,42.0,63.0,1.0,0.0,4,0.0,0.0,4,84,84,0.219172,4.562629,73.641747,4.562629,73.641747,0.219172,4.562629,1,4.562629,1,Malicious,validation
1527428,42.0,63.0,1.0,0.0,4,0.0,0.0,4,84,84,0.355534,2.812672,119.459366,2.812672,119.459366,0.355534,2.812672,1,2.812672,1,Malicious,train
8889084,42.0,63.0,1.0,0.0,6,0.0,0.0,4,84,84,0.389006,2.570656,130.705933,2.570656,130.705933,0.389006,2.570656,2,2.570656,1,Malicious,validation
4628160,42.0,63.0,1.0,0.0,4,0.0,0.0,4,84,84,0.385546,2.593726,129.543365,2.593726,129.543365,0.385546,2.593726,1,2.593726,1,Malicious,train
1980052,66.0,63.0,1.0,0.029603,3,0.026509,0.003094,3,66,132,0.0,0.0,0.0,0.0,0.0,0.0,0.0,2,0.0,1,Malicious,train
605656,42.0,51.0,13.0,0.0,4,0.0,0.0,4,42,42,0.0,0.0,0.0,0.0,0.0,0.0,0.0,1,0.0,1,Malicious,train
14187984,42.0,63.0,1.0,0.0,6,0.0,0.0,4,42,42,0.0,0.0,0.0,0.0,0.0,0.0,0.0,2,0.0,1,Malicious,train
23151612,42.0,63.0,1.0,0.0,6,0.0,0.0,4,42,42,0.0,0.0,0.0,0.0,0.0,0.0,0.0,2,0.0,1,Malicious,train
8712564,42.0,63.0,1.0,0.0,6,0.0,0.0,4,84,84,0.388344,2.575036,130.483612,2.575036,130.483612,0.388344,2.575036,2,2.575036,1,Malicious,validation
12091948,42.0,63.0,1.0,0.0,6,0.0,0.0,4,84,84,0.439991,2.272774,147.83696,2.272774,147.83696,0.439991,2.272774,2,2.272774,1,Malicious,validation
128472,42.0,52.0,12.0,0.0,4,0.0,0.0,4,42,42,0.0,0.0,0.0,0.0,0.0,0.0,0.0,1,0.0,1,Malicious,train
14385792,42.0,63.0,1.0,0.0,6,0.0,0.0,4,42,42,0.0,0.0,0.0,0.0,0.0,0.0,0.0,2,0.0,1,Malicious,train
11690900,42.0,63.0,1.0,0.0,6,0.0,0.0,4,42,42,0.0,0.0,0.0,0.0,0.0,0.0,0.0,2,0.0,1,Malicious,train
576600,54.0,63.0,1.0,0.0,6,0.0,0.0,3,54,54,0.0,0.0,0.0,0.0,0.0,0.0,0.0,1,0.0,1,Malicious,test
6478096,128.111115,63.0,1.0,0.022089,1,0.020021,0.002068,3,1153,13116,1.877744,4.260432,22347.03125,4.260432,1924.6875,4.459642,4.260432,1,4.260432,1,Malicious,train
12461552,42.0,63.0,1.0,0.0,6,0.0,0.0,4,42,42,0.0,0.0,0.0,0.0,0.0,0.0,0.0,2,0.0,1,Malicious,train
11736644,42.0,63.0,1.0,0.0,6,0.0,0.0,4,84,84,0.388613,2.573254,130.573975,2.573254,130.573975,0.388613,2.573254,2,2.573254,1,Malicious,validation
5156540,225.0,63.0,1.0,0.020911,1,0.01874,0.002171,3,900,4715,0.651027,4.608102,6470.343262,4.608102,1171.849121,1.736073,4.608102,1,4.608102,1,Malicious,train
13853420,42.0,63.0,1.0,0.0,6,0.0,0.0,4,42,42,0.0,0.0,0.0,0.0,0.0,0.0,0.0,2,0.0,1,Malicious,train
3783260,54.0,64.0,0.0,0.002185,8,0.0,0.002185,3,108,166,25.559757,0.039124,11041.81543,0.039124,11041.81543,51.119514,0.039124,1,0.039124,1,Malicious,test
12538472,203.75,63.0,1.0,0.024734,1,0.022517,0.002217,3,815,4630,0.60643,4.946987,5925.222656,4.946987,989.693298,1.617146,4.946987,1,4.946987,1,Malicious,train
4714432,42.0,63.0,1.0,0.0,4,0.0,0.0,4,42,42,0.0,0.0,0.0,0.0,0.0,0.0,0.0,1,0.0,1,Malicious,train
11824236,42.0,63.0,1.0,0.0,6,0.0,0.0,4,42,42,0.0,0.0,0.0,0.0,0.0,0.0,0.0,2,0.0,1,Malicious,train
8577412,42.0,63.0,1.0,0.0,6,0.0,0.0,4,42,42,0.0,0.0,0.0,0.0,0.0,0.0,0.0,2,0.0,1,Malicious,validation
6227424,0.0,63.0,1.0,0.05069,8,0.04919,0.0015,3,0,66,0.0,0.0,0.0,0.0,0.0,0.0,0.0,2,0.0,1,Malicious,validation
11841548,42.0,63.0,1.0,0.0,6,0.0,0.0,4,84,84,0.38916,2.569638,130.757721,2.569638,130.757721,0.38916,2.569638,2,2.569638,1,Malicious,train
13086976,42.0,63.0,1.0,0.0,6,0.0,0.0,4,84,84,0.437825,2.284017,147.109238,2.284017,147.109238,0.437825,2.284017,2,2.284017,1,Malicious,train
13034800,42.0,63.0,1.0,0.0,6,0.0,0.0,4,84,84,0.43808,2.282686,147.195023,2.282686,147.195023,0.43808,2.282686,2,2.282686,1,Malicious,validation
2149472,42.0,63.0,1.0,0.0,4,0.0,0.0,4,42,42,0.0,0.0,0.0,0.0,0.0,0.0,0.0,1,0.0,1,Malicious,validation
2750648,67.0,63.0,1.0,0.014042,1,0.012317,0.001725,3,268,532,0.751932,3.98972,800.056152,3.98972,403.035797,1.754509,3.98972,2,3.98972,1,Malicious,train
13659440,362.142853,63.0,1.0,0.026941,1,0.025055,0.001886,3,2535,2675,3.046307,1.969598,9110.488281,1.969598,8826.166016,4.061742,1.969598,1,1.969598,1,Malicious,validation
16114556,42.0,63.0,1.0,0.0,6,0.0,0.0,4,42,42,0.0,0.0,0.0,0.0,0.0,0.0,0.0,2,0.0,1,Malicious,validation
14653940,114.818184,63.0,1.0,0.022964,1,0.021469,0.001495,3,1263,13577,2.05093,4.875837,20405.93359,4.875837,1885.214844,4.512046,4.875837,1,4.875837,1,Malicious,train
12028908,42.0,63.0,1.0,0.0,6,0.0,0.0,4,42,42,0.0,0.0,0.0,0.0,0.0,0.0,0.0,2,0.0,1,Malicious,test
18319532,42.0,63.0,1.0,0.0,6,0.0,0.0,4,42,42,0.0,0.0,0.0,0.0,0.0,0.0,0.0,2,0.0,1,Malicious,validation
6810768,42.0,63.0,1.0,0.0,6,0.0,0.0,4,84,84,0.219307,4.559819,73.687134,4.559819,73.687134,0.219307,4.559819,2,4.559819,1,Malicious,train
63876,42.0,48.0,16.0,0.0,4,0.0,0.0,4,42,42,0.0,0.0,0.0,0.0,0.0,0.0,0.0,1,0.0,1,Malicious,train
14794956,42.0,63.0,1.0,0.0,6,0.0,0.0,4,42,42,0.0,0.0,0.0,0.0,0.0,0.0,0.0,2,0.0,1,Malicious,validation
9148020,42.0,63.0,1.0,0.0,6,0.0,0.0,4,42,42,0.0,0.0,0.0,0.0,0.0,0.0,0.0,2,0.0,1,Malicious,validation
11629028,66.0,63.0,1.0,0.026637,8,0.024521,0.002116,3,66,66,0.0,0.0,0.0,0.0,0.0,0.0,0.0,2,0.0,1,Malicious,validation
10670364,42.0,63.0,1.0,0.0,6,0.0,0.0,4,84,84,0.388795,2.572047,130.635254,2.572047,130.635254,0.388795,2.572047,2,2.572047,1,Malicious,train
3191004,42.0,63.0,1.0,0.0,4,0.0,0.0,4,126,126,0.440928,4.535886,148.151871,4.535886,148.151871,0.440928,4.535886,1,4.535886,1,Malicious,test
5202168,42.0,63.0,1.0,0.0,6,0.0,0.0,4,126,126,0.43679,4.578857,146.76152,4.578857,146.76152,0.43679,4.578857,2,4.578857,1,Malicious,train
12809732,66.0,63.0,1.0,0.027149,3,0.025475,0.001674,3,66,132,0.0,0.0,0.0,0.0,0.0,0.0,0.0,2,0.0,1,Malicious,test
3197668,42.0,63.0,1.0,0.0,4,0.0,0.0,4,42,42,0.0,0.0,0.0,0.0,0.0,0.0,0.0,1,0.0,1,Malicious,train
1200836,42.0,63.0,1.0,0.0,4,0.0,0.0,4,42,42,0.0,0.0,0.0,0.0,0.0,0.0,0.0,1,0.0,1,Malicious,train
15463604,42.0,63.0,1.0,0.0,6,0.0,0.0,4,84,84,0.388434,2.574443,130.513657,2.574443,130.513657,0.388434,2.574443,2,2.574443,1,Malicious,train
21530468,42.0,63.0,1.0,0.0,6,0.0,0.0,4,84,84,0.38828,2.575463,130.461975,2.575463,130.461975,0.38828,2.575463,2,2.575463,1,Malicious,train
5661548,66.0,63.0,1.0,0.039867,3,0.03804,0.001827,3,396,462,1.009112,4.954853,532.810974,4.954853,532.810974,1.210934,4.954853,2,4.954853,1,Malicious,validation
21383876,42.0,63.0,1.0,0.0,6,0.0,0.0,4,84,84,0.388333,2.575107,130.480011,2.575107,130.480011,0.388333,2.575107,2,2.575107,1,Malicious,test
10018576,42.0,63.0,1.0,0.0,6,0.0,0.0,4,84,84,0.21932,4.559552,73.691444,4.559552,73.691444,0.21932,4.559552,2,4.559552,1,Malicious,train
2671932,42.0,63.0,1.0,0.0,4,0.0,0.0,4,84,84,0.371492,2.691849,124.821266,2.691849,124.821266,0.371492,2.691849,1,2.691849,1,Malicious,train
841388,42.0,63.0,1.0,0.0,4,0.0,0.0,4,42,42,0.0,0.0,0.0,0.0,0.0,0.0,0.0,1,0.0,1,Malicious,train
14738832,42.0,63.0,1.0,0.0,6,0.0,0.0,4,42,42,0.0,0.0,0.0,0.0,0.0,0.0,0.0,2,0.0,1,Malicious,validation
8522244,42.0,63.0,1.0,0.0,6,0.0,0.0,4,42,42,0.0,0.0,0.0,0.0,0.0,0.0,0.0,2,0.0,1,Malicious,train
18059740,42.0,63.0,1.0,0.0,6,0.0,0.0,4,84,84,0.387503,2.580623,130.201126,2.580623,130.201126,0.387503,2.580623,2,2.580623,1,Malicious,validation
20271676,42.0,63.0,1.0,0.0,6,0.0,0.0,4,42,42,0.0,0.0,0.0,0.0,0.0,0.0,0.0,2,0.0,1,Malicious,validation
4446904,42.0,63.0,1.0,0.0,4,0.0,0.0,4,42,42,0.0,0.0,0.0,0.0,0.0,0.0,0.0,1,0.0,1,Malicious,train
17487788,42.0,63.0,1.0,0.0,6,0.0,0.0,4,84,84,0.387639,2.579719,130.246735,2.579719,130.246735,0.387639,2.579719,2,2.579719,1,Malicious,test
4641300,42.0,63.0,1.0,0.0,4,0.0,0.0,4,42,42,0.0,0.0,0.0,0.0,0.0,0.0,0.0,1,0.0,1,Malicious,validation
1580884,115.0,63.0,1.0,0.014097,1,0.012328,0.001769,3,460,666,79.567162,0.037704,102482.5078,0.037704,73201.78906,159.134323,0.037704,1,0.037704,1,Malicious,train
5458928,42.0,63.0,1.0,0.0,6,0.0,0.0,4,42,42,0.0,0.0,0.0,0.0,0.0,0.0,0.0,2,0.0,1,Malicious,train
8881204,42.0,63.0,1.0,0.0,6,0.0,0.0,4,84,84,0.388079,2.576797,130.39444,2.576797,130.39444,0.388079,2.576797,2,2.576797,1,Malicious,test
20532332,42.0,63.0,1.0,0.0,6,0.0,0.0,4,84,84,0.387958,2.577598,130.353912,2.577598,130.353912,0.387958,2.577598,2,2.577598,1,Malicious,test
15724784,0.0,63.0,1.0,0.017762,8,0.015888,0.001874,3,0,66,0.0,0.0,0.0,0.0,0.0,0.0,0.0,2,0.0,1,Malicious,test
9211388,202.0,63.0,1.0,0.01893,1,0.01709,0.00184,3,606,746,63.82436,0.031336,121010.9844,0.031336,103140.1641,127.64872,0.031336,1,0.031336,1,Malicious,train
3537408,158.800003,63.0,1.0,0.023703,1,0.020995,0.002708,3,794,4609,0.891829,4.485163,6578.132812,4.485163,1134.40686,2.006616,4.485163,1,4.485163,1,Malicious,train
1224388,42.0,63.0,1.0,0.0,4,0.0,0.0,4,42,42,0.0,0.0,0.0,0.0,0.0,0.0,0.0,1,0.0,1,Malicious,train
22839484,42.0,63.0,1.0,0.0,6,0.0,0.0,4,42,42,0.0,0.0,0.0,0.0,0.0,0.0,0.0,2,0.0,1,Malicious,train
938092,58.0,55.0,9.0,0.0,6,0.0,0.0,3,58,58,0.0,0.0,0.0,0.0,0.0,0.0,0.0,1,0.0,1,Malicious,test
8341908,42.0,63.0,1.0,0.0,6,0.0,0.0,4,42,42,0.0,0.0,0.0,0.0,0.0,0.0,0.0,2,0.0,1,Malicious,test
2266356,67.0,63.0,1.0,0.014145,1,0.012586,0.001559,3,268,532,0.681617,4.401301,725.240112,4.401301,365.346527,1.590439,4.401301,2,4.401301,1,Malicious,train
1898996,103.85714,63.0,1.0,0.014105,1,0.012864,0.001241,3,727,1131,1.204405,4.981714,1543.244019,4.981714,1002.064819,2.40881,4.981714,1,4.981714,1,Malicious,train
2036440,0.0,63.0,1.0,0.015004,8,0.01255,0.002454,3,0,66,0.0,0.0,0.0,0.0,0.0,0.0,0.0,2,0.0,1,Malicious,train
10972544,42.0,63.0,1.0,0.0,6,0.0,0.0,4,84,84,0.219401,4.55786,73.718811,4.55786,73.718811,0.219401,4.55786,2,4.55786,1,Malicious,train
22480100,42.0,63.0,1.0,0.0,6,0.0,0.0,4,42,42,0.0,0.0,0.0,0.0,0.0,0.0,0.0,2,0.0,1,Malicious,test
1512708,54.0,64.0,0.0,0.0023,8,0.0,0.0023,3,108,166,21.263475,0.047029,9185.821289,0.047029,9185.821289,42.526951,0.047029,1,0.047029,1,Malicious,train
11556404,42.0,63.0,1.0,0.0,6,0.0,0.0,4,42,42,0.0,0.0,0.0,0.0,0.0,0.0,0.0,2,0.0,1,Malicious,train
17558340,42.0,63.0,1.0,0.0,6,0.0,0.0,4,84,84,0.387862,2.578234,130.321762,2.578234,130.321762,0.387862,2.578234,2,2.578234,1,Malicious,test
20755244,42.0,63.0,1.0,0.0,6,0.0,0.0,4,42,42,0.0,0.0,0.0,0.0,0.0,0.0,0.0,2,0.0,1,Malicious,test
372840,400.714294,63.0,1.0,0.030966,1,0.029435,0.001531,3,2805,2945,3.169885,1.892813,10460.62109,1.892813,10164.76563,4.226514,1.892813,1,1.892813,1,Malicious,validation
6201744,67.0,63.0,1.0,0.013894,1,0.011632,0.002262,3,201,399,0.560264,3.569747,596.120667,3.569747,300.301392,1.400659,3.569747,2,3.569747,1,Malicious,test
14450112,42.0,63.0,1.0,0.0,6,0.0,0.0,4,42,42,0.0,0.0,0.0,0.0,0.0,0.0,0.0,2,0.0,1,Malicious,train
1651392,42.0,63.0,1.0,0.0,4,0.0,0.0,4,84,84,0.440118,2.272117,147.879715,2.272117,147.879715,0.440118,2.272117,1,2.272117,1,Malicious,train
6878088,42.0,63.0,1.0,0.0,6,0.0,0.0,4,84,84,0.440679,2.269224,148.068237,2.269224,148.068237,0.440679,2.269224,2,2.269224,1,Malicious,train
7911732,42.0,63.0,1.0,0.0,6,0.0,0.0,4,42,42,0.0,0.0,0.0,0.0,0.0,0.0,0.0,2,0.0,1,Malicious,test
1235492,42.0,63.0,1.0,0.0,4,0.0,0.0,4,42,42,0.0,0.0,0.0,0.0,0.0,0.0,0.0,1,0.0,1,Malicious,train
4668588,67.0,63.0,1.0,0.014105,1,0.011904,0.002201,3,335,665,1.378936,2.900788,1467.1875,2.900788,739.109497,3.102605,2.900788,2,2.900788,1,Malicious,train
15543052,42.0,63.0,1.0,0.0,6,0.0,0.0,4,42,42,0.0,0.0,0.0,0.0,0.0,0.0,0.0,2,0.0,1,Malicious,train
2037104,42.0,63.0,1.0,0.0,4,0.0,0.0,4,42,42,0.0,0.0,0.0,0.0,0.0,0.0,0.0,1,0.0,1,Malicious,validation
812328,58.0,39.0,25.0,0.0,6,0.0,0.0,3,58,58,0.0,0.0,0.0,0.0,0.0,0.0,0.0,1,0.0,1,Malicious,validation
22151140,42.0,63.0,1.0,0.0,6,0.0,0.0,4,42,42,0.0,0.0,0.0,0.0,0.0,0.0,0.0,2,0.0,1,Malicious,train
15961772,42.0,63.0,1.0,0.0,6,0.0,0.0,4,42,42,0.0,0.0,0.0,0.0,0.0,0.0,0.0,2,0.0,1,Malicious,test
6144360,42.0,63.0,1.0,0.0,6,0.0,0.0,4,126,126,0.437426,4.572197,146.975296,4.572197,146.975296,0.437426,4.572197,2,4.572197,1,Malicious,train
1409524,42.0,63.0,1.0,0.0,4,0.0,0.0,4,42,42,0.0,0.0,0.0,0.0,0.0,0.0,0.0,1,0.0,1,Malicious,train
8321900,42.0,63.0,1.0,0.0,6,0.0,0.0,4,84,84,0.439005,2.27788,147.505585,2.27788,147.505585,0.439005,2.27788,2,2.27788,1,Malicious,train
12969080,42.0,63.0,1.0,0.0,6,0.0,0.0,4,42,42,0.0,0.0,0.0,0.0,0.0,0.0,0.0,2,0.0,1,Malicious,test
3671036,66.0,63.0,1.0,0.02778,3,0.025623,0.002157,3,66,132,0.0,0.066286,0.0,0.066286,0.0,15.086143,0.066286,2,0.066286,1,Malicious,train
1936568,42.0,63.0,1.0,0.0,4,0.0,0.0,4,84,84,0.440785,2.268682,148.103607,2.268682,148.103607,0.440785,2.268682,1,2.268682,1,Malicious,test
3068436,42.0,63.0,1.0,0.0,4,0.0,0.0,4,84,84,0.219637,4.552975,73.797897,4.552975,73.797897,0.219637,4.552975,1,4.552975,1,Malicious,train
4376584,42.0,63.0,1.0,0.0,4,0.0,0.0,4,84,84,0.218698,4.572526,73.482361,4.572526,73.482361,0.218698,4.572526,1,4.572526,1,Malicious,train
3073060,67.0,63.0,1.0,0.013898,1,0.012369,0.001529,3,268,532,0.962659,3.116367,1024.269531,3.116367,515.985413,2.246205,3.116367,2,3.116367,1,Malicious,train
6666504,42.0,63.0,1.0,0.0,6,0.0,0.0,4,42,42,0.0,0.0,0.0,0.0,0.0,0.0,0.0,2,0.0,1,Malicious,train
17189748,42.0,63.0,1.0,0.0,6,0.0,0.0,4,84,84,0.387691,2.579373,130.264221,2.579373,130.264221,0.387691,2.579373,2,2.579373,1,Malicious,train
4088244,66.0,63.0,1.0,0.037045,8,0.034687,0.002358,3,66,66,0.0,0.0,0.0,0.0,0.0,0.0,0.0,2,0.0,1,Malicious,test
5402944,42.0,63.0,1.0,0.0,6,0.0,0.0,4,84,84,0.218317,4.580493,73.354553,4.580493,73.354553,0.218317,4.580493,2,4.580493,1,Malicious,train
20766324,42.0,63.0,1.0,0.0,6,0.0,0.0,4,42,42,0.0,0.0,0.0,0.0,0.0,0.0,0.0,2,0.0,1,Malicious,test
23045212,42.0,63.0,1.0,0.0,6,0.0,0.0,4,42,42,0.0,0.0,0.0,0.0,0.0,0.0,0.0,2,0.0,1,Malicious,train
800356,42.0,63.0,1.0,0.0,4,0.0,0.0,4,42,42,0.0,0.0,0.0,0.0,0.0,0.0,0.0,1,0.0,1,Malicious,test
12596856,42.0,63.0,1.0,0.0,6,0.0,0.0,4,84,84,0.387881,2.578107,130.328171,2.578107,130.328171,0.387881,2.578107,2,2.578107,1,Malicious,train
14501604,66.0,63.0,1.0,0.025072,3,0.023841,0.001231,3,132,3873,0.201065,4.973515,4619.669922,4.973515,106.162338,1.005325,4.973515,2,4.973515,1,Malicious,test
9611844,42.0,63.0,1.0,0.0,6,0.0,0.0,4,42,42,0.0,0.0,0.0,0.0,0.0,0.0,0.0,2,0.0,1,Malicious,train
9700660,42.0,63.0,1.0,0.0,6,0.0,0.0,4,84,84,0.38844,2.574401,130.515808,2.574401,130.515808,0.38844,2.574401,2,2.574401,1,Malicious,train
1811944,66.0,63.0,1.0,0.024951,3,0.023585,0.001366,3,66,132,0.0,0.0,0.0,0.0,0.0,0.0,0.0,2,0.0,1,Malicious,validation
6617800,42.0,63.0,1.0,0.0,4,0.0,0.0,4,84,84,0.387476,2.580803,130.192047,2.580803,130.192047,0.387476,2.580803,1,2.580803,1,Malicious,validation
23158700,42.0,63.0,1.0,0.0,6,0.0,0.0,4,42,42,0.0,0.0,0.0,0.0,0.0,0.0,0.0,2,0.0,1,Malicious,test
10395620,135.0,63.0,1.0,0.026803,1,0.02472,0.002083,3,675,4490,0.842995,4.744986,6056.07666,4.744986,910.434692,1.896739,4.744986,1,4.744986,1,Malicious,test
16470764,42.0,63.0,1.0,0.0,6,0.0,0.0,4,42,42,0.0,0.0,0.0,0.0,0.0,0.0,0.0,2,0.0,1,Malicious,train
4895552,42.0,63.0,1.0,0.0,4,0.0,0.0,4,42,42,0.0,0.0,0.0,0.0,0.0,0.0,0.0,1,0.0,1,Malicious,validation
11607492,42.0,63.0,1.0,0.0,6,0.0,0.0,4,42,42,0.0,0.0,0.0,0.0,0.0,0.0,0.0,2,0.0,1,Malicious,train
15109468,42.0,63.0,1.0,0.0,6,0.0,0.0,4,84,84,0.388321,2.575187,130.475967,2.575187,130.475967,0.388321,2.575187,2,2.575187,1,Malicious,train
5023744,94.300003,63.0,1.0,0.014008,1,0.012243,0.001765,3,943,1545,2.050527,4.389115,2524.427002,4.389115,1547.4646,4.101055,4.389115,1,4.389115,1,Malicious,train
269084,67.0,63.0,1.0,0.060011,8,0.04297,0.017041,3,134,332,0.634911,1.575024,1010.778259,1.575024,340.312286,2.539644,1.575024,2,1.575024,1,Malicious,train
9218524,66.0,63.0,1.0,0.030063,8,0.027632,0.002431,3,66,66,0.0,0.0,0.0,0.0,0.0,0.0,0.0,2,0.0,1,Malicious,train
19748588,42.0,63.0,1.0,0.0,6,0.0,0.0,4,84,84,0.387153,2.582961,130.083267,2.582961,130.083267,0.387153,2.582961,2,2.582961,1,Malicious,train
8003500,42.0,63.0,1.0,0.0,6,0.0,0.0,4,42,42,0.0,0.0,0.0,0.0,0.0,0.0,0.0,2,0.0,1,Malicious,train
3518340,42.0,63.0,1.0,0.0,4,0.0,0.0,4,126,126,0.439546,4.550148,147.6875,4.550148,147.6875,0.439546,4.550148,1,4.550148,1,Malicious,train
15153220,42.0,63.0,1.0,0.0,6,0.0,0.0,4,42,42,0.0,0.0,0.0,0.0,0.0,0.0,0.0,2,0.0,1,Malicious,train
5671568,42.0,63.0,1.0,0.0,4,0.0,0.0,4,84,84,0.386394,2.588035,129.828217,2.588035,129.828217,0.386394,2.588035,1,2.588035,1,Malicious,validation
11111780,0.0,63.0,1.0,0.05422,8,0.053101,0.001119,3,0,66,0.0,0.0,0.0,0.0,0.0,0.0,0.0,2,0.0,1,Malicious,test
12118948,42.0,63.0,1.0,0.0,6,0.0,0.0,4,42,42,0.0,0.0,0.0,0.0,0.0,0.0,0.0,2,0.0,1,Malicious,train
839788,58.0,55.0,9.0,0.0,6,0.0,0.0,3,58,58,0.0,0.0,0.0,0.0,0.0,0.0,0.0,1,0.0,1,Malicious,train
3363500,42.0,63.0,1.0,0.0,4,0.0,0.0,4,42,42,0.0,0.0,0.0,0.0,0.0,0.0,0.0,1,0.0,1,Malicious,validation
8300484,42.0,63.0,1.0,0.0,6,0.0,0.0,4,42,42,0.0,0.0,0.0,0.0,0.0,0.0,0.0,2,0.0,1,Malicious,validation
8679436,0.0,63.0,1.0,0.027004,8,0.02534,0.001664,3,0,66,0.0,0.0,0.0,0.0,0.0,0.0,0.0,2,0.0,1,Malicious,train
4076568,42.0,63.0,1.0,0.0,4,0.0,0.0,4,84,84,0.386841,2.585042,129.978546,2.585042,129.978546,0.386841,2.585042,1,2.585042,1,Malicious,train
10891784,42.0,63.0,1.0,0.0,6,0.0,0.0,4,42,42,0.0,0.0,0.0,0.0,0.0,0.0,0.0,2,0.0,1,Malicious,train
4166636,42.0,63.0,1.0,0.0,4,0.0,0.0,4,42,42,0.0,0.0,0.0,0.0,0.0,0.0,0.0,1,0.0,1,Malicious,test
12979748,42.0,63.0,1.0,0.0,6,0.0,0.0,4,42,42,0.0,0.0,0.0,0.0,0.0,0.0,0.0,2,0.0,1,Malicious,test
15315660,42.0,63.0,1.0,0.0,6,0.0,0.0,4,42,42,0.0,0.0,0.0,0.0,0.0,0.0,0.0,2,0.0,1,Malicious,train
2783596,54.0,64.0,0.0,0.002703,8,0.0,0.002703,3,108,166,16.921045,0.059098,7309.89209,0.059098,7309.89209,33.842091,0.059098,1,0.059098,1,Malicious,train
18533684,42.0,63.0,1.0,0.0,6,0.0,0.0,4,42,42,0.0,0.0,0.0,0.0,0.0,0.0,0.0,2,0.0,1,Malicious,test
14527564,0.0,63.0,1.0,0.025827,8,0.023853,0.001974,3,0,66,0.0,0.0,0.0,0.0,0.0,0.0,0.0,2,0.0,1,Malicious,validation
6929656,42.0,63.0,1.0,0.0,6,0.0,0.0,4,42,42,0.0,0.0,0.0,0.0,0.0,0.0,0.0,2,0.0,1,Malicious,test
12566352,42.0,63.0,1.0,0.0,6,0.0,0.0,4,42,42,0.0,0.0,0.0,0.0,0.0,0.0,0.0,2,0.0,1,Malicious,train
4072520,42.0,63.0,1.0,0.0,4,0.0,0.0,4,84,84,0.387556,2.58027,130.218933,2.58027,130.218933,0.387556,2.58027,1,2.58027,1,Malicious,train
9434576,66.0,63.0,1.0,0.025132,8,0.02385,0.001282,3,66,66,0.0,0.0,0.0,0.0,0.0,0.0,0.0,2,0.0,1,Malicious,train
1702920,42.0,63.0,1.0,0.0,4,0.0,0.0,4,126,126,0.439649,4.549082,147.722122,4.549082,147.722122,0.439649,4.549082,1,4.549082,1,Malicious,train
1091204,73.666664,63.0,1.0,0.01517,3,0.013654,0.001516,3,221,901,0.579086,3.453718,1394.439331,3.453718,342.81897,1.447715,3.453718,2,3.453718,1,Malicious,validation
4117168,103.25,63.0,1.0,0.014076,1,0.012566,0.00151,3,826,1296,1.533993,4.563254,1974.030029,4.563254,1267.516602,3.067986,4.563254,1,4.563254,1,Malicious,test
12732184,42.0,63.0,1.0,0.0,6,0.0,0.0,4,84,84,0.387527,2.580465,130.209091,2.580465,130.209091,0.387527,2.580465,2,2.580465,1,Malicious,train
862684,42.0,36.0,28.0,0.0,4,0.0,0.0,4,42,42,0.0,0.0,0.0,0.0,0.0,0.0,0.0,1,0.0,1,Malicious,train
12972664,42.0,63.0,1.0,0.0,6,0.0,0.0,4,84,84,0.440107,2.272173,147.876068,2.272173,147.876068,0.440107,2.272173,2,2.272173,1,Malicious,train
665464,74.0,63.0,1.0,0.0,6,0.0,0.0,3,148,148,0.969001,1.031991,573.648438,1.031991,573.648438,0.969001,1.031991,1,1.031991,1,Malicious,train
21335180,42.0,63.0,1.0,0.0,6,0.0,0.0,4,84,84,0.388271,2.575522,130.459,2.575522,130.459,0.388271,2.575522,2,2.575522,1,Malicious,test
20397988,42.0,63.0,1.0,0.0,6,0.0,0.0,4,84,84,0.387724,2.579152,130.275375,2.579152,130.275375,0.387724,2.579152,2,2.579152,1,Malicious,train
11516116,42.0,63.0,1.0,0.0,6,0.0,0.0,4,42,42,0.0,0.0,0.0,0.0,0.0,0.0,0.0,2,0.0,1,Malicious,train
589184,42.0,63.0,1.0,0.0,4,0.0,0.0,4,42,42,0.0,0.0,0.0,0.0,0.0,0.0,0.0,1,0.0,1,Malicious,train
7477464,42.0,63.0,1.0,0.0,6,0.0,0.0,4,84,84,0.219204,4.561966,73.652458,4.561966,73.652458,0.219204,4.561966,2,4.561966,1,Malicious,train
10273484,42.0,63.0,1.0,0.0,6,0.0,0.0,4,42,42,0.0,0.0,0.0,0.0,0.0,0.0,0.0,2,0.0,1,Malicious,train
9770300,42.0,63.0,1.0,0.0,6,0.0,0.0,4,84,84,0.388627,2.573162,130.578644,2.573162,130.578644,0.388627,2.573162,2,2.573162,1,Malicious,train
1074564,42.0,63.0,1.0,0.0,4,0.0,0.0,4,42,42,0.0,0.0,0.0,0.0,0.0,0.0,0.0,1,0.0,1,Malicious,test
11210140,42.0,63.0,1.0,0.0,6,0.0,0.0,4,42,42,0.0,0.0,0.0,0.0,0.0,0.0,0.0,2,0.0,1,Malicious,test
970324,42.0,63.0,1.0,0.0,4,0.0,0.0,4,84,84,0.351155,2.847746,117.988052,2.847746,117.988052,0.351155,2.847746,1,2.847746,1,Malicious,test
10129996,42.0,63.0,1.0,0.0,6,0.0,0.0,4,42,42,0.0,0.0,0.0,0.0,0.0,0.0,0.0,2,0.0,1,Malicious,train
13683072,42.0,63.0,1.0,0.0,6,0.0,0.0,4,42,42,0.0,0.0,0.0,0.0,0.0,0.0,0.0,2,0.0,1,Malicious,train
15117700,42.0,63.0,1.0,0.0,6,0.0,0.0,4,84,84,0.38747,2.580848,130.189774,2.580848,130.189774,0.38747,2.580848,2,2.580848,1,Malicious,test
16268164,42.0,63.0,1.0,0.0,6,0.0,0.0,4,42,42,0.0,0.0,0.0,0.0,0.0,0.0,0.0,2,0.0,1,Malicious,test
3837404,66.0,63.0,1.0,0.021987,8,0.020616,0.001371,3,132,198,2.122115,0.471228,1120.476685,0.471228,1120.476685,4.24423,0.471228,2,0.471228,1,Malicious,test
8903252,42.0,63.0,1.0,0.0,6,0.0,0.0,4,42,42,0.0,0.0,0.0,0.0,0.0,0.0,0.0,2,0.0,1,Malicious,train
11527972,42.0,63.0,1.0,0.0,6,0.0,0.0,4,84,84,0.389087,2.570122,130.733093,2.570122,130.733093,0.389087,2.570122,2,2.570122,1,Malicious,train
1658720,54.0,64.0,0.0,0.001517,8,0.0,0.001517,3,108,166,62.484379,0.016004,26993.25195,0.016004,26993.25195,124.968758,0.016004,1,0.016004,1,Malicious,test
14848180,42.0,63.0,1.0,0.0,6,0.0,0.0,4,42,42,0.0,0.0,0.0,0.0,0.0,0.0,0.0,2,0.0,1,Malicious,train
22487220,42.0,63.0,1.0,0.0,6,0.0,0.0,4,42,42,0.0,0.0,0.0,0.0,0.0,0.0,0.0,2,0.0,1,Malicious,test
897792,69.5,63.0,1.0,0.013058,8,0.011662,0.001396,3,278,1093,1.505445,1.992766,3456.502197,1.992766,839.03479,4.014521,1.992766,2,1.992766,1,Malicious,test
3210284,42.0,63.0,1.0,0.0,4,0.0,0.0,4,84,84,0.381575,2.620715,128.20929,2.620715,128.20929,0.381575,2.620715,1,2.620715,1,Malicious,test
4819148,67.0,63.0,1.0,0.014995,1,0.013029,0.001966,3,201,399,0.706532,2.830729,751.749817,2.830729,378.701019,1.766329,2.830729,2,2.830729,1,Malicious,train
9141892,42.0,63.0,1.0,0.0,6,0.0,0.0,4,84,84,0.388029,2.577124,130.377884,2.577124,130.377884,0.388029,2.577124,2,2.577124,1,Malicious,train
22874524,42.0,63.0,1.0,0.0,6,0.0,0.0,4,42,42,0.0,0.0,0.0,0.0,0.0,0.0,0.0,2,0.0,1,Malicious,train
10392040,107.777779,63.0,1.0,0.042933,1,0.041355,0.001578,3,970,12933,1.683882,4.750928,19767.08594,4.750928,1453.189819,3.999219,4.750928,1,4.750928,1,Malicious,train
5207956,98.428574,63.0,1.0,0.014097,1,0.012449,0.001648,3,689,1093,1.358019,4.418201,1680.321899,4.418201,1070.118774,2.716038,4.418201,1,4.418201,1,Malicious,train
977052,42.0,63.0,1.0,0.0,4,0.0,0.0,4,84,84,0.351786,2.842641,118.199936,2.842641,118.199936,0.351786,2.842641,1,2.842641,1,Malicious,train
793208,58.0,58.0,6.0,0.0,6,0.0,0.0,3,58,58,0.0,0.0,0.0,0.0,0.0,0.0,0.0,1,0.0,1,Malicious,test
1496196,183.800003,63.0,1.0,0.020954,1,0.019392,0.001562,3,919,5541,0.882798,4.531047,8100.556152,4.531047,1299.479004,2.206995,4.531047,1,4.531047,1,Malicious,train
2447796,42.0,63.0,1.0,0.0,4,0.0,0.0,4,42,42,0.0,0.0,0.0,0.0,0.0,0.0,0.0,1,0.0,1,Malicious,test
202772,42.0,45.0,19.0,0.0,4,0.0,0.0,4,42,42,0.0,0.0,0.0,0.0,0.0,0.0,0.0,1,0.0,1,Malicious,test
1315092,42.0,63.0,1.0,0.0,4,0.0,0.0,4,42,42,0.0,0.0,0.0,0.0,0.0,0.0,0.0,1,0.0,1,Malicious,train
1292476,158.142853,63.0,1.0,0.039895,1,0.037906,0.001989,3,1107,13070,1.395023,4.301006,21994.85742,4.301006,1765.168457,3.952564,4.301006,1,4.301006,1,Malicious,train
23725112,42.0,63.0,1.0,0.0,6,0.0,0.0,4,42,42,0.0,0.0,0.0,0.0,0.0,0.0,0.0,2,0.0,1,Malicious,train
1179168,77.0,63.0,1.0,0.01793,1,0.015642,0.002288,3,77,143,0.0,0.001449,0.0,0.001449,0.0,690.131165,0.001449,2,0.001449,1,Malicious,train
9107292,42.0,63.0,1.0,0.0,6,0.0,0.0,4,84,84,0.219238,4.561249,73.66404,4.561249,73.66404,0.219238,4.561249,2,4.561249,1,Malicious,train
17396804,42.0,63.0,1.0,0.0,6,0.0,0.0,4,84,84,0.387454,2.58095,130.184616,2.58095,130.184616,0.387454,2.58095,2,2.58095,1,Malicious,validation
7283312,42.0,63.0,1.0,0.0,6,0.0,0.0,4,84,84,0.219719,4.551269,73.825562,4.551269,73.825562,0.219719,4.551269,2,4.551269,1,Malicious,test
3437028,42.0,63.0,1.0,0.0,4,0.0,0.0,4,84,84,0.385774,2.592193,129.61998,2.592193,129.61998,0.385774,2.592193,1,2.592193,1,Malicious,test
5403792,100.428574,63.0,1.0,0.013855,1,0.012425,0.00143,3,703,1107,1.363685,4.399843,1709.151855,4.399843,1096.40271,2.72737,4.399843,1,4.399843,1,Malicious,test
484684,58.0,41.0,23.0,0.0,6,0.0,0.0,3,58,58,0.0,0.0,0.0,0.0,0.0,0.0,0.0,1,0.0,1,Malicious,validation
9042748,42.0,63.0,1.0,0.0,6,0.0,0.0,4,84,84,0.38684,2.585051,129.978088,2.585051,129.978088,0.38684,2.585051,2,2.585051,1,Malicious,train
372568,42.0,51.0,13.0,0.0,4,0.0,0.0,4,42,42,0.0,0.0,0.0,0.0,0.0,0.0,0.0,1,0.0,1,Malicious,train
14980396,0.0,63.0,1.0,0.014988,8,0.013357,0.001631,3,0,66,0.0,0.0,0.0,0.0,0.0,0.0,0.0,2,0.0,1,Malicious,validation
20831444,42.0,63.0,1.0,0.0,6,0.0,0.0,4,84,84,0.388083,2.576767,130.395966,2.576767,130.395966,0.388083,2.576767,2,2.576767,1,Malicious,train
879888,74.0,63.0,1.0,0.0,6,0.0,0.0,3,74,74,0.0,0.0,0.0,0.0,0.0,0.0,0.0,1,0.0,1,Malicious,test
5468256,42.0,63.0,1.0,0.0,6,0.0,0.0,4,42,42,0.0,0.0,0.0,0.0,0.0,0.0,0.0,2,0.0,1,Malicious,train
481368,42.0,63.0,1.0,0.0,4,0.0,0.0,4,126,126,0.440885,4.53633,148.13736,4.53633,148.13736,0.440885,4.53633,1,4.53633,1,Malicious,train
159288,58.0,53.0,11.0,0.0,6,0.0,0.0,3,58,58,0.0,0.0,0.0,0.0,0.0,0.0,0.0,1,0.0,1,Malicious,test
21669532,42.0,63.0,1.0,0.0,6,0.0,0.0,4,84,84,0.388616,2.573233,130.575043,2.573233,130.575043,0.388616,2.573233,2,2.573233,1,Malicious,train
4614592,67.0,63.0,1.0,0.014036,8,0.011942,0.002094,3,134,332,1.401636,0.713452,2231.404541,0.713452,751.276917,5.606544,0.713452,2,0.713452,1,Malicious,train
1145680,42.0,63.0,1.0,0.0,4,0.0,0.0,4,84,84,0.22004,4.544638,73.933281,4.544638,73.933281,0.22004,4.544638,1,4.544638,1,Malicious,train
10702688,42.0,63.0,1.0,0.0,6,0.0,0.0,4,84,84,0.219404,4.557795,73.719856,4.557795,73.719856,0.219404,4.557795,2,4.557795,1,Malicious,validation
12466420,42.0,63.0,1.0,0.0,6,0.0,0.0,4,84,84,0.439433,2.27566,147.649475,2.27566,147.649475,0.439433,2.27566,2,2.27566,1,Malicious,validation
5014672,42.0,63.0,1.0,0.0,4,0.0,0.0,4,42,42,0.0,0.0,0.0,0.0,0.0,0.0,0.0,1,0.0,1,Malicious,train
452528,42.0,47.0,17.0,0.0,4,0.0,0.0,4,42,42,0.0,0.0,0.0,0.0,0.0,0.0,0.0,1,0.0,1,Malicious,test
4789496,69.0,63.0,1.0,0.014094,3,0.012057,0.002037,3,345,1160,1.122183,3.56448,2082.772217,3.56448,619.44519,2.524912,3.56448,2,3.56448,1,Malicious,validation
2817364,0.0,63.0,1.0,0.032924,8,0.030272,0.002652,3,0,66,0.0,0.0,0.0,0.0,0.0,0.0,0.0,2,0.0,1,Malicious,train
7385368,42.0,63.0,1.0,0.0,6,0.0,0.0,4,84,84,0.441337,2.265841,148.289307,2.265841,148.289307,0.441337,2.265841,2,2.265841,1,Malicious,train
1751588,42.0,63.0,1.0,0.0,4,0.0,0.0,4,42,42,0.0,0.0,0.0,0.0,0.0,0.0,0.0,1,0.0,1,Malicious,train
9018388,66.0,63.0,1.0,0.037857,8,0.035989,0.001868,3,66,66,0.0,0.0,0.0,0.0,0.0,0.0,0.0,2,0.0,1,Malicious,train
5063652,42.0,63.0,1.0,0.0,6,0.0,0.0,4,126,126,0.43642,4.58274,146.637177,4.58274,146.637177,0.43642,4.58274,2,4.58274,1,Malicious,train
12865092,157.5,63.0,1.0,0.017977,1,0.016719,0.001258,3,630,4445,0.668552,4.487313,6284.384766,4.487313,843.266357,1.782804,4.487313,1,4.487313,1,Malicious,validation
13542440,42.0,63.0,1.0,0.0,6,0.0,0.0,4,84,84,0.436865,2.289037,146.786621,2.289037,146.786621,0.436865,2.289037,2,2.289037,1,Malicious,train
14509872,42.0,63.0,1.0,0.0,6,0.0,0.0,4,42,42,0.0,0.0,0.0,0.0,0.0,0.0,0.0,2,0.0,1,Malicious,train
15246028,0.0,63.0,1.0,0.038078,8,0.036404,0.001674,3,0,66,0.0,0.0,0.0,0.0,0.0,0.0,0.0,2,0.0,1,Malicious,test
8514348,42.0,63.0,1.0,0.0,6,0.0,0.0,4,84,84,0.388429,2.574475,130.512039,2.574475,130.512039,0.388429,2.574475,2,2.574475,1,Malicious,train
3159528,103.666664,63.0,1.0,0.013951,1,0.012524,0.001427,3,622,960,1.758594,2.84318,2222.863281,2.84318,1460.33667,3.517189,2.84318,1,2.84318,1,Malicious,train
6793672,42.0,63.0,1.0,0.0,4,0.0,0.0,4,84,84,0.387869,2.578189,130.324036,2.578189,130.324036,0.387869,2.578189,1,2.578189,1,Malicious,validation
3369260,42.0,63.0,1.0,0.0,4,0.0,0.0,4,84,84,0.219785,4.5499,73.847778,4.5499,73.847778,0.219785,4.5499,1,4.5499,1,Malicious,test
1525380,42.0,63.0,1.0,0.0,4,0.0,0.0,4,42,42,0.0,0.0,0.0,0.0,0.0,0.0,0.0,1,0.0,1,Malicious,test
6501704,42.0,63.0,1.0,0.0,6,0.0,0.0,4,42,42,0.0,0.0,0.0,0.0,0.0,0.0,0.0,2,0.0,1,Malicious,train
8089444,42.0,63.0,1.0,0.0,6,0.0,0.0,4,84,84,0.440683,2.269204,148.06955,2.269204,148.06955,0.440683,2.269204,2,2.269204,1,Malicious,validation
11217444,42.0,63.0,1.0,0.0,6,0.0,0.0,4,84,84,0.389157,2.569659,130.756653,2.569659,130.756653,0.389157,2.569659,2,2.569659,1,Malicious,train
881988,42.0,38.0,26.0,0.0,4,0.0,0.0,4,42,42,0.0,0.0,0.0,0.0,0.0,0.0,0.0,1,0.0,1,Malicious,train
15792404,0.0,63.0,1.0,0.024036,8,0.022824,0.001212,3,0,66,0.0,0.0,0.0,0.0,0.0,0.0,0.0,2,0.0,1,Malicious,train
15508004,42.0,63.0,1.0,0.0,6,0.0,0.0,4,84,84,0.387992,2.577374,130.36525,2.577374,130.36525,0.387992,2.577374,2,2.577374,1,Malicious,test
2065876,42.0,63.0,1.0,0.0,4,0.0,0.0,4,42,42,0.0,0.0,0.0,0.0,0.0,0.0,0.0,1,0.0,1,Malicious,train
480160,42.0,63.0,1.0,0.0,4,0.0,0.0,4,126,126,0.440449,4.540826,147.990707,4.540826,147.990707,0.440449,4.540826,1,4.540826,1,Malicious,train
8430920,0.0,63.0,1.0,0.022775,8,0.020775,0.002,3,0,66,0.0,0.0,0.0,0.0,0.0,0.0,0.0,2,0.0,1,Malicious,train
5782272,42.0,63.0,1.0,0.0,4,0.0,0.0,4,42,42,0.0,0.0,0.0,0.0,0.0,0.0,0.0,1,0.0,1,Malicious,test
12782672,42.0,63.0,1.0,0.0,6,0.0,0.0,4,84,84,0.387625,2.579815,130.241898,2.579815,130.241898,0.387625,2.579815,2,2.579815,1,Malicious,test
13174516,42.0,63.0,1.0,0.0,6,0.0,0.0,4,84,84,0.387642,2.579698,130.247803,2.579698,130.247803,0.387642,2.579698,2,2.579698,1,Malicious,validation
4711620,66.0,63.0,1.0,0.061957,3,0.059939,0.002018,3,66,132,0.0,0.0,0.0,0.0,0.0,0.0,0.0,2,0.0,1,Malicious,train
455380,54.0,63.0,1.0,0.0,6,0.0,0.0,3,54,54,0.0,0.0,0.0,0.0,0.0,0.0,0.0,1,0.0,1,Malicious,test
6175384,42.0,63.0,1.0,0.0,6,0.0,0.0,4,84,84,0.435916,2.294021,146.467712,2.294021,146.467712,0.435916,2.294021,2,2.294021,1,Malicious,train
13154556,42.0,63.0,1.0,0.0,6,0.0,0.0,4,42,42,0.0,0.0,0.0,0.0,0.0,0.0,0.0,2,0.0,1,Malicious,train
4772216,42.0,63.0,1.0,0.0,4,0.0,0.0,4,84,84,0.218602,4.574528,73.450195,4.574528,73.450195,0.218602,4.574528,1,4.574528,1,Malicious,train
12572700,259.333344,63.0,1.0,0.023696,1,0.021886,0.00181,3,1556,1696,5.021351,0.995748,10982.69824,0.995748,10420.30762,7.029891,0.995748,1,0.995748,1,Malicious,test
13435340,42.0,63.0,1.0,0.0,6,0.0,0.0,4,84,84,0.386954,2.584289,130.016418,2.584289,130.016418,0.386954,2.584289,2,2.584289,1,Malicious,train
13396324,42.0,63.0,1.0,0.0,6,0.0,0.0,4,84,84,0.387107,2.583268,130.06781,2.583268,130.06781,0.387107,2.583268,2,2.583268,1,Malicious,train
3465020,42.0,63.0,1.0,0.0,4,0.0,0.0,4,42,42,0.0,0.0,0.0,0.0,0.0,0.0,0.0,1,0.0,1,Malicious,validation
3280920,160.0,63.0,1.0,0.023728,1,0.022101,0.001627,3,480,620,60.795818,0.032897,94841.47656,0.032897,77818.64844,121.591637,0.032897,1,0.032897,1,Malicious,test
1523012,71.75,63.0,1.0,0.014992,8,0.01353,0.001462,3,287,967,0.776036,3.865802,1386.516968,3.865802,446.99649,1.552071,3.865802,2,3.865802,1,Malicious,train
20437996,42.0,63.0,1.0,0.0,6,0.0,0.0,4,42,42,0.0,0.0,0.0,0.0,0.0,0.0,0.0,2,0.0,1,Malicious,train
4915596,42.0,63.0,1.0,0.0,4,0.0,0.0,4,126,126,0.437174,4.574833,146.89061,4.574833,146.89061,0.437174,4.574833,1,4.574833,1,Malicious,test
2402540,66.0,63.0,1.0,0.028135,3,0.025488,0.002647,3,462,12351,1.204514,4.981263,17821.98633,4.981263,635.983276,3.212037,4.981263,2,4.981263,1,Malicious,validation
6038440,42.0,63.0,1.0,0.0,6,0.0,0.0,4,126,126,0.436462,4.582298,146.651321,4.582298,146.651321,0.436462,4.582298,2,4.582298,1,Malicious,train
21737508,42.0,63.0,1.0,0.0,6,0.0,0.0,4,42,42,0.0,0.0,0.0,0.0,0.0,0.0,0.0,2,0.0,1,Malicious,test
20043012,42.0,63.0,1.0,0.0,6,0.0,0.0,4,42,42,0.0,0.0,0.0,0.0,0.0,0.0,0.0,2,0.0,1,Malicious,validation
10203916,42.0,63.0,1.0,0.0,6,0.0,0.0,4,42,42,0.0,0.0,0.0,0.0,0.0,0.0,0.0,2,0.0,1,Malicious,train
16893800,42.0,63.0,1.0,0.0,6,0.0,0.0,4,84,84,0.386555,2.586957,129.882324,2.586957,129.882324,0.386555,2.586957,2,2.586957,1,Malicious,train
11145516,42.0,63.0,1.0,0.0,6,0.0,0.0,4,126,126,0.438222,4.5639,147.242493,4.5639,147.242493,0.438222,4.5639,2,4.5639,1,Malicious,test
12424928,66.0,63.0,1.0,0.027868,3,0.026433,0.001435,3,66,132,0.0,0.0,0.0,0.0,0.0,0.0,0.0,2,0.0,1,Malicious,train
12118184,0.0,63.0,1.0,0.028159,8,0.026835,0.001324,3,0,66,0.0,0.0,0.0,0.0,0.0,0.0,0.0,2,0.0,1,Malicious,train
1059140,74.0,63.0,1.0,0.0,6,0.0,0.0,3,74,74,0.0,0.0,0.0,0.0,0.0,0.0,0.0,1,0.0,1,Malicious,train
7565328,42.0,63.0,1.0,0.0,6,0.0,0.0,4,42,42,0.0,0.0,0.0,0.0,0.0,0.0,0.0,2,0.0,1,Malicious,validation
1606040,94.0,63.0,1.0,0.015015,1,0.013461,0.001554,3,846,1382,1.683188,4.752886,2055.172363,4.752886,1265.757324,3.366376,4.752886,1,4.752886,1,Malicious,validation
1009248,58.0,41.0,23.0,0.0,6,0.0,0.0,3,58,58,0.0,0.0,0.0,0.0,0.0,0.0,0.0,1,0.0,1,Malicious,train
7887600,42.0,63.0,1.0,0.0,6,0.0,0.0,4,84,84,0.387896,2.578009,130.333145,2.578009,130.333145,0.387896,2.578009,2,2.578009,1,Malicious,train
7298904,42.0,63.0,1.0,0.0,6,0.0,0.0,4,84,84,0.438227,2.281924,147.244171,2.281924,147.244171,0.438227,2.281924,2,2.281924,1,Malicious,train
