Offset,sMeanPktSz,sTtl,sHops,TcpRtt,State,AckDat,SynAck,Proto,SrcBytes,TotBytes,SrcRate,Max,Load,Dur,SrcLoad,Rate,RunTime,Cause,Min,is_attack
-1.1755669211808246,7.937825965852247,0.48194616490971365,2.505339159752617,-0.3539946864708616,-2.1059952314720833,-0.3484023076996031,-0.28580754307836664,0.40929151737857733,8.024659086200774,7.307714934952046,0.8981353062237523,2.2775566245019245,0.5973043695419389,2.2775566245019245,2.029676241849165,-0.028693120852051366,2.2775566245019245,0.8568101446921702,2.2775566245019245,0
-1.0547908885134847,-0.0318710700574753,-0.38303407290082336,-0.3968782277395545,1.208202844551771,1.8156097218343903,1.171587381386649,1.126164020351243,-0.9326478838626592,-0.08889677982150693,-0.08711272591412617,-0.06779162948647673,1.5864466785460012,-0.052433839953767526,1.5864466785460012,-0.07113891003852446,-0.02965982909538596,1.5864466785460012,0.8568101446921702,1.5864466785460012,1
-0.4471982311678613,-0.23222847887405004,-0.38303407290082336,-0.3968782277395545,-0.3539946864708616,0.6951511637468263,-0.3484023076996031,-0.28580754307836664,0.40929151737857733,-0.09821869463537178,-0.12336832183053278,-0.081535859971169,0.7955457365799479,-0.05528904332237894,0.7955457365799479,-0.07350467296968972,-0.029700167845424036,0.7955457365799479,0.8568101446921702,0.7955457365799479,1
-0.05564006264371286,-0.23222847887405004,-0.38303407290082336,-0.3968782277395545,-0.3539946864708616,0.6951511637468263,-0.3484023076996031,-0.28580754307836664,0.40929151737857733,-0.09821869463537178,-0.12336832183053278,-0.07970245762053076,0.6093520332886234,-0.055249512814351684,0.6093520332886234,-0.07337472787691543,-0.029698374153456046,0.6093520332886234,0.8568101446921702,0.6093520332886234,1
0.03647391180114611,-0.23222847887405004,-0.38303407290082336,-0.3968782277395545,-0.3539946864708616,0.6951511637468263,-0.3484023076996031,-0.28580754307836664,0.40929151737857733,-0.10014736666582656,-0.125092823561551,-0.0952792403630034,-0.7863973222287248,-0.05558537264856827,-0.7863973222287248,-0.07447876978010413,-0.02971361355253427,-0.7863973222287248,0.8568101446921702,-0.7863973222287248,1
1.9779743335758586,-0.23222847887405004,-0.38303407290082336,-0.3968782277395545,-0.3539946864708616,0.6951511637468263,-0.3484023076996031,-0.28580754307836664,0.40929151737857733,-0.09821869463537178,-0.12336832183053278,-0.081569049013161,0.7993758723615617,-0.0552897590399921,0.7993758723615617,-0.07350702568399275,-0.029700200315611516,0.7993758723615617,0.8568101446921702,0.7993758723615617,0
1.4563990092016306,-0.23222847887405004,-0.38303407290082336,-0.3968782277395545,-0.3539946864708616,0.6951511637468263,-0.3484023076996031,-0.28580754307836664,0.40929151737857733,-0.10014736666582656,-0.125092823561551,-0.0952792403630034,-0.7863973222287248,-0.05558537264856827,-0.7863973222287248,-0.07447876978010413,-0.02971361355253427,-0.7863973222287248,0.8568101446921702,-0.7863973222287248,0
-1.1532640220961468,-0.23222847887405004,-0.38303407290082336,-0.3968782277395545,-0.3539946864708616,-0.4253073943407376,-0.3484023076996031,-0.28580754307836664,0.40929151737857733,-0.09821869463537178,-0.12336832183053278,-0.08296731008218584,0.9794720485928616,-0.05531990788299626,0.9794720485928616,-0.07360613127096151,-0.02970156829119407,0.9794720485928616,-1.1592137251717594,0.9794720485928616,1
-0.8214477827754251,-0.016717988718406615,2.596342301779915,1.3444522047557486,-0.3539946864708616,-0.4253073943407376,-0.3484023076996031,-0.28580754307836664,0.40929151737857733,-0.09867790226167053,-0.12377891748077521,-0.0952792403630034,-0.7863973222287248,-0.05558537264856827,-0.7863973222287248,-0.07447876978010413,-0.02971361355253427,-0.7863973222287248,-1.1592137251717594,-0.7863973222287248,0
1.4164078632901365,-0.23222847887405004,-0.38303407290082336,-0.3968782277395545,-0.3539946864708616,0.6951511637468263,-0.3484023076996031,-0.28580754307836664,0.40929151737857733,-0.09821869463537178,-0.12336832183053278,-0.08153575370956177,0.795534074307536,-0.05528904113804007,0.795534074307536,-0.07350466578930848,-0.029700167741463994,0.795534074307536,0.8568101446921702,0.795534074307536,0
-0.31636701985933235,-0.23222847887405004,-0.38303407290082336,-0.3968782277395545,-0.3539946864708616,0.6951511637468263,-0.3484023076996031,-0.28580754307836664,0.40929151737857733,-0.09821869463537178,-0.12336832183053278,-0.08151386381847205,0.7930193200932294,-0.05528856930947725,0.7930193200932294,-0.0735031147896015,-0.029700146325694662,0.7930193200932294,0.8568101446921702,0.7930193200932294,1
0.33618599566614615,-0.23222847887405004,-0.38303407290082336,-0.3968782277395545,-0.3539946864708616,-0.4253073943407376,-0.3484023076996031,-0.28580754307836664,0.40929151737857733,-0.09821869463537178,-0.12336832183053278,-0.08253308973450178,0.9193149784728896,-0.05531054544970184,0.9193149784728896,-0.07357535498389235,-0.029701143475795683,0.9193149784728896,-1.1592137251717594,0.9193149784728896,0
-0.6436205374287807,-0.23222847887405004,-0.38303407290082336,-0.3968782277395545,-0.3539946864708616,-0.4253073943407376,-0.3484023076996031,-0.28580754307836664,0.40929151737857733,-0.10014736666582656,-0.125092823561551,-0.0952792403630034,-0.7863973222287248,-0.05558537264856827,-0.7863973222287248,-0.07447876978010413,-0.02971361355253427,-0.7863973222287248,-1.1592137251717594,-0.7863973222287248,1
2.1500906557634916,-0.23222847887405004,-0.38303407290082336,-0.3968782277395545,-0.3539946864708616,0.6951511637468263,-0.3484023076996031,-0.28580754307836664,0.40929151737857733,-0.10014736666582656,-0.125092823561551,-0.0952792403630034,-0.7863973222287248,-0.05558537264856827,-0.7863973222287248,-0.07447876978010413,-0.02971361355253427,-0.7863973222287248,0.8568101446921702,-0.7863973222287248,0
0.7263381009567389,-0.23222847887405004,-0.38303407290082336,-0.3968782277395545,-0.3539946864708616,0.6951511637468263,-0.3484023076996031,-0.28580754307836664,0.40929151737857733,-0.10014736666582656,-0.125092823561551,-0.0952792403630034,-0.7863973222287248,-0.05558537264856827,-0.7863973222287248,-0.07447876978010413,-0.02971361355253427,-0.7863973222287248,0.8568101446921702,-0.7863973222287248,1
-0.8744312251524563,0.554384830398157,-0.38303407290082336,-0.3968782277395545,2.1159071330214982,-2.1059952314720833,2.010221751603121,2.3295269259827713,-0.9326478838626592,-0.06561495316815977,0.06242620990416702,-0.06369017939108727,1.9666128208274307,-0.04063337342589482,1.9666128208274307,-0.06600273051123691,-0.02964407758912466,1.9666128208274307,-1.1592137251717594,1.9666128208274307,1
1.8334818176203656,-0.23222847887405004,-0.38303407290082336,-0.3968782277395545,-0.3539946864708616,0.6951511637468263,-0.3484023076996031,-0.28580754307836664,0.40929151737857733,-0.10014736666582656,-0.125092823561551,-0.0952792403630034,-0.7863973222287248,-0.05558537264856827,-0.7863973222287248,-0.07447876978010413,-0.02971361355253427,-0.7863973222287248,0.8568101446921702,-0.7863973222287248,0
-1.148611406847262,3.566143910119165,-0.36701592034877634,-0.6870999664887717,4.872052056684027,-2.1059952314720833,2.897837312096135,20.243795414393055,-0.9326478838626592,-0.07424805654257648,-0.10193522888787791,-0.0952792403630034,-0.7863973222287248,-0.05558537264856827,-0.7863973222287248,-0.07447876978010413,-0.02971361355253427,-0.7863973222287248,0.8568101446921702,-0.7863973222287248,0
2.2858412976823415,-0.23222847887405004,-0.38303407290082336,-0.3968782277395545,-0.3539946864708616,0.6951511637468263,-0.3484023076996031,-0.28580754307836664,0.40929151737857733,-0.10014736666582656,-0.125092823561551,-0.0952792403630034,-0.7863973222287248,-0.05558537264856827,-0.7863973222287248,-0.07447876978010413,-0.02971361355253427,-0.7863973222287248,0.8568101446921702,-0.7863973222287248,0
-1.1171676641787733,-0.016717988718406615,-0.38303407290082336,-0.3968782277395545,-0.3539946864708616,0.6951511637468263,-0.3484023076996031,-0.28580754307836664,-0.9326478838626592,-0.09867790226167053,-0.12377891748077521,-0.0952792403630034,-0.7863973222287248,-0.05558537264856827,-0.7863973222287248,-0.07447876978010413,-0.02971361355253427,-0.7863973222287248,-1.1592137251717594,-0.7863973222287248,1
-1.1576537615392675,-0.12447323379622834,-0.655342666285622,4.536891330997137,-0.3539946864708616,0.6951511637468263,-0.3484023076996031,-0.28580754307836664,-0.9326478838626592,-0.09941263446374855,-0.1244358705211631,-0.0952792403630034,-0.7863973222287248,-0.05558537264856827,-0.7863973222287248,-0.07447876978010413,-0.02971361355253427,-0.7863973222287248,-1.1592137251717594,-0.7863973222287248,1
-0.3278773271092675,-0.23222847887405004,-0.38303407290082336,-0.3968782277395545,-0.3539946864708616,0.6951511637468263,-0.3484023076996031,-0.28580754307836664,0.40929151737857733,-0.09821869463537178,-0.12336832183053278,-0.07970380360088902,0.6094717250317987,-0.055249541601710576,0.6094717250317987,-0.07337482250701785,-0.029698375470283284,0.6094717250317987,0.8568101446921702,0.6094717250317987,1
-0.2565090528342876,-0.23222847887405004,-0.38303407290082336,-0.3968782277395545,-0.3539946864708616,0.6951511637468263,-0.3484023076996031,-0.28580754307836664,0.40929151737857733,-0.09629002260491698,-0.12164382009951458,-0.07970228051785203,2.005067015792547,-0.05524950868661037,2.005067015792547,-0.0733747143081617,-0.029698373980189305,2.005067015792547,0.8568101446921702,2.005067015792547,1
-0.9497963577276096,-0.016717988718406615,2.596342301779915,1.3444522047557486,-0.3539946864708616,-0.4253073943407376,-0.3484023076996031,-0.28580754307836664,0.40929151737857733,-0.09867790226167053,-0.12377891748077521,-0.0952792403630034,-0.7863973222287248,-0.05558537264856827,-0.7863973222287248,-0.07447876978010413,-0.02971361355253427,-0.7863973222287248,-1.1592137251717594,-0.7863973222287248,0
-1.1072321047734495,-0.11100382816150062,2.692451217092197,-0.3968782277395545,-0.3539946864708616,-0.4253073943407376,-0.3484023076996031,-0.28580754307836664,0.40929151737857733,-0.09932079293848879,-0.12435375139111461,-0.0952792403630034,-0.7863973222287248,-0.05558537264856827,-0.7863973222287248,-0.07447876978010413,-0.02971361355253427,-0.7863973222287248,-1.1592137251717594,-0.7863973222287248,0
-1.1045897373416682,-0.12447323379622834,-0.5271974458692462,2.2151174210034,-0.3539946864708616,0.6951511637468263,-0.3484023076996031,-0.28580754307836664,-0.9326478838626592,-0.09941263446374855,-0.1244358705211631,-0.0952792403630034,-0.7863973222287248,-0.05558537264856827,-0.7863973222287248,-0.07447876978010413,-0.02971361355253427,-0.7863973222287248,-1.1592137251717594,-0.7863973222287248,1
0.3482789990141442,-0.23222847887405004,-0.38303407290082336,-0.3968782277395545,-0.3539946864708616,-0.4253073943407376,-0.3484023076996031,-0.28580754307836664,0.40929151737857733,-0.09821869463537178,-0.12336832183053278,-0.08250223844786887,0.9151969687038436,-0.05530988035147145,0.9151969687038436,-0.07357316866614523,-0.029701113292729203,0.9151969687038436,-1.1592137251717594,0.9151969687038436,0
-0.45556369856709544,-0.23222847887405004,-0.38303407290082336,-0.3968782277395545,-0.3539946864708616,0.6951511637468263,-0.3484023076996031,-0.28580754307836664,0.40929151737857733,-0.09821869463537178,-0.12336832183053278,-0.08153281380509503,0.795197096015211,-0.055288977980870346,0.795197096015211,-0.0735044581784103,-0.02970016486523607,0.795197096015211,0.8568101446921702,0.795197096015211,1
-0.032233013546540824,-0.23222847887405004,-0.38303407290082336,-0.3968782277395545,-0.3539946864708616,0.6951511637468263,-0.3484023076996031,-0.28580754307836664,0.40929151737857733,-0.10014736666582656,-0.125092823561551,-0.0952792403630034,-0.7863973222287248,-0.05558537264856827,-0.7863973222287248,-0.07447876978010413,-0.02971361355253427,-0.7863973222287248,0.8568101446921702,-0.7863973222287248,1
-0.8289877341906179,-0.016717988718406615,2.596342301779915,1.3444522047557486,-0.3539946864708616,-0.4253073943407376,-0.3484023076996031,-0.28580754307836664,0.40929151737857733,-0.09867790226167053,-0.12377891748077521,-0.0952792403630034,-0.7863973222287248,-0.05558537264856827,-0.7863973222287248,-0.07447876978010413,-0.02971361355253427,-0.7863973222287248,-1.1592137251717594,-0.7863973222287248,0
-0.507992379877194,0.23499152908056756,-0.38303407290082336,-0.3968782277395545,3.3644564137521007,-2.1059952314720833,3.494149601059167,1.1445138559908892,-0.9326478838626592,-0.06116063919306179,0.4009623235290509,-0.03567526299894167,1.7669363030202523,-0.004633730051317852,1.7669363030202523,-0.06327070290065556,-0.029563665880230943,1.7669363030202523,-1.1592137251717594,1.7669363030202523,1
-1.04593870691802,-0.016717988718406615,2.596342301779915,1.3444522047557486,-0.3539946864708616,-0.4253073943407376,-0.3484023076996031,-0.28580754307836664,0.40929151737857733,-0.09867790226167053,-0.12377891748077521,-0.0952792403630034,-0.7863973222287248,-0.05558537264856827,-0.7863973222287248,-0.07447876978010413,-0.02971361355253427,-0.7863973222287248,-1.1592137251717594,-0.7863973222287248,0
1.8173067183131042,-0.23222847887405004,-0.38303407290082336,-0.3968782277395545,-0.3539946864708616,0.6951511637468263,-0.3484023076996031,-0.28580754307836664,0.40929151737857733,-0.10014736666582656,-0.125092823561551,-0.0952792403630034,-0.7863973222287248,-0.05558537264856827,-0.7863973222287248,-0.07447876978010413,-0.02971361355253427,-0.7863973222287248,0.8568101446921702,-0.7863973222287248,0
-0.37572967729395235,-0.23222847887405004,-0.38303407290082336,-0.3968782277395545,-0.3539946864708616,0.6951511637468263,-0.3484023076996031,-0.28580754307836664,0.40929151737857733,-0.09821869463537178,-0.12336832183053278,-0.08751371294758975,2.013314697603051,-0.055417935368066766,2.013314697603051,-0.07392836822863308,-0.02970601622173157,2.013314697603051,0.8568101446921702,2.013314697603051,1
-0.8213654102477332,0.4850173711752008,-0.38303407290082336,-0.3968782277395545,1.5324797066477176,-2.1059952314720833,1.5427659425648437,0.9407341023085039,-0.9326478838626592,-0.07479910569413498,0.054214296899318414,-0.06985753223373771,1.7792756010359225,-0.04036817330854797,1.7792756010359225,-0.06810087621025017,-0.02964729064759092,1.7792756010359225,-1.1592137251717594,1.7792756010359225,1
2.046536211646523,-0.23222847887405004,-0.38303407290082336,-0.3968782277395545,-0.3539946864708616,0.6951511637468263,-0.3484023076996031,-0.28580754307836664,0.40929151737857733,-0.10014736666582656,-0.125092823561551,-0.0952792403630034,-0.7863973222287248,-0.05558537264856827,-0.7863973222287248,-0.07447876978010413,-0.02971361355253427,-0.7863973222287248,0.8568101446921702,-0.7863973222287248,0
0.04583823563399886,0.4025172616624935,-0.38303407290082336,-0.3968782277395545,1.5063249854439638,-2.1059952314720833,1.45952038753063,1.413966705646745,-0.9326478838626592,-0.07704922306299891,0.0522023782131305,-0.07278946707993621,2.113753256633951,-0.042265586638060626,2.113753256633951,-0.069304531557341,-0.029654939750496177,2.113753256633951,-1.1592137251717594,2.113753256633951,1
-0.6114780608406111,-0.23222847887405004,-0.38303407290082336,-0.3968782277395545,-0.3539946864708616,-0.4253073943407376,-0.3484023076996031,-0.28580754307836664,0.40929151737857733,-0.09821869463537178,-0.12336832183053278,-0.08155796238547317,0.7980936362000566,-0.05528951983329148,0.7980936362000566,-0.07350623936126494,-0.029700189469113458,0.7980936362000566,-1.1592137251717594,0.7980936362000566,1
-1.157473258261195,-0.12447323379622834,-0.623306361181528,3.956447853498703,-0.3539946864708616,0.6951511637468263,-0.3484023076996031,-0.28580754307836664,-0.9326478838626592,-0.09941263446374855,-0.1244358705211631,-0.0952792403630034,-0.7863973222287248,-0.05558537264856827,-0.7863973222287248,-0.07447876978010413,-0.02971361355253427,-0.7863973222287248,-1.1592137251717594,-0.7863973222287248,1
0.5652267484687235,-0.23222847887405004,-0.38303407290082336,-0.3968782277395545,-0.3539946864708616,-0.4253073943407376,-0.3484023076996031,-0.28580754307836664,0.40929151737857733,-0.09821869463537178,-0.12336832183053278,-0.081534336888132,0.7953708024937682,-0.055289010548203815,0.7953708024937682,-0.07350456523408398,-0.029700166355330054,0.7953708024937682,-1.1592137251717594,0.7953708024937682,0
1.3680913618189798,-0.23222847887405004,-0.38303407290082336,-0.3968782277395545,-0.3539946864708616,0.6951511637468263,-0.3484023076996031,-0.28580754307836664,0.40929151737857733,-0.09821869463537178,-0.12336832183053278,-0.0815722014408422,0.7997416994330107,-0.05528982722727829,0.7997416994330107,-0.07350724982994161,-0.029700203399759526,0.7997416994330107,0.8568101446921702,0.7997416994330107,0
0.973558470620885,-0.23222847887405004,-0.38303407290082336,-0.3968782277395545,-0.3539946864708616,0.6951511637468263,-0.3484023076996031,-0.28580754307836664,0.40929151737857733,-0.09821869463537178,-0.12336832183053278,-0.08154078342563739,0.7961122774976448,-0.05528914941851407,0.7961122774976448,-0.0735050217299969,-0.02970017266223947,0.7961122774976448,0.8568101446921702,0.7961122774976448,0
-1.0400311641168225,0.6724665636734131,-0.36701592034877634,-0.6870999664887717,-0.3539946864708616,-2.1059952314720833,-0.3484023076996031,-0.28580754307836664,0.40929151737857733,-0.07778395526507692,-0.09676172369482328,1.2449356110392622,-0.7539528803786377,0.11263738197588267,-0.7539528803786377,0.324709781936649,-0.02643564718150405,-0.7539528803786377,0.8568101446921702,-0.7539528803786377,0
-0.8261573425108445,-0.23222847887405004,-0.38303407290082336,-0.3968782277395545,-0.3539946864708616,-0.4253073943407376,-0.3484023076996031,-0.28580754307836664,0.40929151737857733,-0.09821869463537178,-0.12336832183053278,-0.08157712489531059,0.8003113093697635,-0.05528993332341343,0.8003113093697635,-0.07350759859024879,-0.029700208216574958,0.8003113093697635,-1.1592137251717594,0.8003113093697635,1
-0.6711977852757036,-0.016717988718406615,2.596342301779915,1.3444522047557486,-0.3539946864708616,-0.4253073943407376,-0.3484023076996031,-0.28580754307836664,0.40929151737857733,-0.09867790226167053,-0.12377891748077521,-0.0952792403630034,-0.7863973222287248,-0.05558537264856827,-0.7863973222287248,-0.07447876978010413,-0.02971361355253427,-0.7863973222287248,-1.1592137251717594,-0.7863973222287248,0
0.9753914384327387,-0.23222847887405004,-0.38303407290082336,-0.3968782277395545,-0.3539946864708616,0.6951511637468263,-0.3484023076996031,-0.28580754307836664,0.40929151737857733,-0.09821869463537178,-0.12336832183053278,-0.08149923513720983,0.7913424080811511,-0.05528825386912246,0.7913424080811511,-0.07350207787082118,-0.029700132013861763,0.7913424080811511,0.8568101446921702,0.7913424080811511,0
0.2381197107419965,-0.23222847887405004,-0.38303407290082336,-0.3968782277395545,-0.3539946864708616,0.6951511637468263,-0.3484023076996031,-0.28580754307836664,0.40929151737857733,-0.09821869463537178,-0.12336832183053278,-0.08151938942204809,0.7936552208415871,-0.05528868875712807,0.7936552208415871,-0.07350350743914842,-0.029700151731617018,0.7936552208415871,0.8568101446921702,0.7936552208415871,1
0.041035917269569955,-0.23222847887405004,-0.38303407290082336,-0.3968782277395545,-0.3539946864708616,0.6951511637468263,-0.3484023076996031,-0.28580754307836664,0.40929151737857733,-0.10014736666582656,-0.125092823561551,-0.0952792403630034,-0.7863973222287248,-0.05558537264856827,-0.7863973222287248,-0.07447876978010413,-0.02971361355253427,-0.7863973222287248,0.8568101446921702,-0.7863973222287248,1
-0.9339618509152825,-0.06386090843995362,-0.38303407290082336,-0.3968782277395545,1.1000410891354493,-2.1059952314720833,1.0371137924852267,1.279723171230387,-0.9326478838626592,-0.09284596540767627,-0.11043455884789621,-0.06280842057427947,0.5527286317094767,-0.05336831798508257,0.5527286317094767,-0.07080740905160304,-0.029634194731379723,0.5527286317094767,0.8568101446921702,0.5527286317094767,1
0.6647155711319671,-0.23222847887405004,-0.38303407290082336,-0.3968782277395545,-0.3539946864708616,0.6951511637468263,-0.3484023076996031,-0.28580754307836664,0.40929151737857733,-0.09821869463537178,-0.12336832183053278,-0.08159897936586456,0.8028450915022158,-0.055290404351885404,0.8028450915022158,-0.07350914695988897,-0.029700229597690937,0.8028450915022158,0.8568101446921702,0.8028450915022158,0
0.9979550644746322,-0.23222847887405004,-0.38303407290082336,-0.3968782277395545,-0.3539946864708616,0.6951511637468263,-0.3484023076996031,-0.28580754307836664,0.40929151737857733,-0.10014736666582656,-0.125092823561551,-0.0952792403630034,-0.7863973222287248,-0.05558537264856827,-0.7863973222287248,-0.07447876978010413,-0.02971361355253427,-0.7863973222287248,0.8568101446921702,-0.7863973222287248,0
-0.6673531370810475,-0.07059561125731748,-0.38303407290082336,-0.3968782277395545,10.282744879412828,-0.9855366733845196,10.985575501061211,0.8634716364573624,-0.9326478838626592,-0.09904526836270953,-0.12139746270936912,-0.0952792403630034,-0.7863973222287248,-0.05558537264856827,-0.7863973222287248,-0.07447876978010413,-0.02971361355253427,-0.7863973222287248,0.8568101446921702,-0.7863973222287248,1
-0.7492686763148185,-0.23222847887405004,-0.38303407290082336,-0.3968782277395545,-0.3539946864708616,0.6951511637468263,-0.3484023076996031,-0.28580754307836664,0.40929151737857733,-0.09821869463537178,-0.12336832183053278,-0.08158771563549802,0.8015389169920755,-0.05529016174479877,0.8015389169920755,-0.07350834945937725,-0.029700218577926138,0.8015389169920755,0.8568101446921702,0.8015389169920755,1
0.32013588771612145,-0.23222847887405004,-0.38303407290082336,-0.3968782277395545,-0.3539946864708616,0.6951511637468263,-0.3484023076996031,-0.28580754307836664,0.40929151737857733,-0.09821869463537178,-0.12336832183053278,-0.08155084285778864,0.7972717528969188,-0.05528936629086108,0.7972717528969188,-0.07350573463500769,-0.029700182503790425,0.7972717528969188,0.8568101446921702,0.7972717528969188,1
-0.08030812769741813,-0.23222847887405004,-0.38303407290082336,-0.3968782277395545,-0.3539946864708616,0.6951511637468263,-0.3484023076996031,-0.28580754307836664,0.40929151737857733,-0.09821869463537178,-0.12336832183053278,-0.08752575592974267,2.017669635643203,-0.055418195422588606,2.017669635643203,-0.07392922308253339,-0.029706028003870035,2.017669635643203,0.8568101446921702,2.017669635643203,1
0.42234300379319273,0.14491487889832597,2.6443967594360562,0.473786988508097,-0.3539946864708616,-2.1059952314720833,-0.3484023076996031,-0.28580754307836664,-2.2745872851038955,-0.0975758039585535,-0.11893388880791453,-0.0952792403630034,-0.7863973222287248,-0.05558537264856827,-0.7863973222287248,-0.07447876978010413,-0.02971361355253427,-0.7863973222287248,0.8568101446921702,-0.7863973222287248,0
-0.044231467558405776,-0.23222847887405004,-0.38303407290082336,-0.3968782277395545,-0.3539946864708616,0.6951511637468263,-0.3484023076996031,-0.28580754307836664,0.40929151737857733,-0.09821869463537178,-0.12336832183053278,-0.08153996875331528,0.7960214345335939,-0.05528913238930816,0.7960214345335939,-0.07350496575141599,-0.029700171865212458,0.7960214345335939,0.8568101446921702,0.7960214345335939,1
-0.5473173827386592,-0.07059561125731748,-0.38303407290082336,-0.3968782277395545,4.233397529760487,-0.9855366733845196,4.378170211807114,1.5984308428663454,-0.9326478838626592,-0.09904526836270953,-0.12139746270936912,-0.0952792403630034,-0.7863973222287248,-0.05558537264856827,-0.7863973222287248,-0.07447876978010413,-0.02971361355253427,-0.7863973222287248,0.8568101446921702,-0.7863973222287248,1
-0.5770925445092528,0.14491487889832597,-0.4631248356610583,1.0542304660065314,-0.3539946864708616,-1.5457659524283016,-0.3484023076996031,-0.28580754307836664,-4.958466087586369,-0.0975758039585535,-0.12279348792019337,-0.0952792403630034,-0.7863973222287248,-0.05558537264856827,-0.7863973222287248,-0.07447876978010413,-0.02971361355253427,-0.7863973222287248,-1.1592137251717594,-0.7863973222287248,0
-0.7282916167845531,0.14491487889832597,-0.4631248356610583,1.0542304660065314,-0.3539946864708616,-1.5457659524283016,-0.3484023076996031,-0.28580754307836664,-4.958466087586369,-0.0975758039585535,-0.12279348792019337,-0.0952792403630034,-0.7863973222287248,-0.05558537264856827,-0.7863973222287248,-0.07447876978010413,-0.02971361355253427,-0.7863973222287248,-1.1592137251717594,-0.7863973222287248,0
-0.037544967158384325,-0.23222847887405004,-0.38303407290082336,-0.3968782277395545,-0.3539946864708616,0.6951511637468263,-0.3484023076996031,-0.28580754307836664,0.40929151737857733,-0.09821869463537178,-0.12336832183053278,-0.07967433371515013,0.6068335962514501,-0.0552489057227063,0.6068335962514501,-0.07337273223901147,-0.029698346638697394,0.6068335962514501,0.8568101446921702,0.6068335962514501,1
1.4367277333059916,-0.23222847887405004,-0.38303407290082336,-0.3968782277395545,-0.3539946864708616,0.6951511637468263,-0.3484023076996031,-0.28580754307836664,0.40929151737857733,-0.09821869463537178,-0.12336832183053278,-0.08153964996849358,0.7959839925011133,-0.05528912538169446,0.7959839925011133,-0.07350494271591612,-0.029700171553332322,0.7959839925011133,0.8568101446921702,0.7959839925011133,0
-1.1071679974584199,0.0034861197336849567,-0.38303407290082336,-0.3968782277395545,1.9306358409885316,-0.9855366733845196,1.9616899300447133,1.0295859380373162,-0.9326478838626592,-0.0985401399737809,-0.12094580749410244,-0.0952792403630034,-0.7851377968082327,-0.05558537264856827,-0.7851377968082327,-0.07447876978010413,-0.012826016772851919,-0.7851377968082327,0.8568101446921702,-0.7851377968082327,1
-1.0028073769943464,-0.016717988718406615,2.596342301779915,1.3444522047557486,-0.3539946864708616,-0.4253073943407376,-0.3484023076996031,-0.28580754307836664,0.40929151737857733,-0.09867790226167053,-0.12377891748077521,-0.0952792403630034,-0.7863973222287248,-0.05558537264856827,-0.7863973222287248,-0.07447876978010413,-0.02971361355253427,-0.7863973222287248,-1.1592137251717594,-0.7863973222287248,0
0.39696438615278995,-0.23222847887405004,-0.38303407290082336,-0.3968782277395545,-0.3539946864708616,-0.4253073943407376,-0.3484023076996031,-0.28580754307836664,0.40929151737857733,-0.09821869463537178,-0.12336832183053278,-0.08224391648068888,0.8814739735151185,-0.055304310121401884,0.8814739735151185,-0.07355485814854029,-0.029700860565859116,0.8814739735151185,-1.1592137251717594,0.8814739735151185,0
0.6135228358786695,-0.23222847887405004,-0.38303407290082336,-0.3968782277395545,-0.3539946864708616,0.6951511637468263,-0.3484023076996031,-0.28580754307836664,0.40929151737857733,-0.09821869463537178,-0.12336832183053278,-0.08157963975334842,0.8006040937876849,-0.05528998784551196,0.8006040937876849,-0.07350777781585216,-0.029700210676962695,0.8006040937876849,0.8568101446921702,0.8006040937876849,0
-1.0916429248370738,0.30366142798980966,-0.38303407290082336,-0.3968782277395545,2.35796855675186,-2.1059952314720833,2.429932134339724,0.9648786228869853,-0.9326478838626592,-0.06299746969825684,0.3993199409280812,-0.04469970709576381,1.792660206941992,-0.005358319580721431,1.792660206941992,-0.06409379361119921,-0.029573408842408277,1.792660206941992,-1.1592137251717594,1.792660206941992,1
-1.168590684368183,0.09328217525774392,0.4659280123576667,2.7955608985018343,-0.3539946864708616,-0.9855366733845196,-0.3484023076996031,-0.28580754307836664,-0.9326478838626592,-0.08963151202358495,-0.10497363669967189,0.2163744711320839,-0.646875419326274,-0.027186432319153634,-0.646875419326274,-0.026881739114327317,-0.028951354832270484,-0.646875419326274,-1.1592137251717594,-0.646875419326274,0
-0.7421638667306929,-0.23222847887405004,-0.38303407290082336,-0.3968782277395545,-0.3539946864708616,-0.4253073943407376,-0.3484023076996031,-0.28580754307836664,0.40929151737857733,-0.10014736666582656,-0.125092823561551,-0.0952792403630034,-0.7863973222287248,-0.05558537264856827,-0.7863973222287248,-0.07447876978010413,-0.02971361355253427,-0.7863973222287248,-1.1592137251717594,-0.7863973222287248,1
-1.1804953053267644,-0.12447323379622834,-0.655342666285622,4.536891330997137,-0.3539946864708616,0.6951511637468263,-0.3484023076996031,-0.28580754307836664,-0.9326478838626592,-0.09941263446374855,-0.1244358705211631,-0.0952792403630034,-0.7863973222287248,-0.05558537264856827,-0.7863973222287248,-0.07447876978010413,-0.02971361355253427,-0.7863973222287248,-1.1592137251717594,-0.7863973222287248,1
1.7704825921588674,-0.23222847887405004,-0.38303407290082336,-0.3968782277395545,-0.3539946864708616,0.6951511637468263,-0.3484023076996031,-0.28580754307836664,0.40929151737857733,-0.10014736666582656,-0.125092823561551,-0.0952792403630034,-0.7863973222287248,-0.05558537264856827,-0.7863973222287248,-0.07447876978010413,-0.02971361355253427,-0.7863973222287248,0.8568101446921702,-0.7863973222287248,0
-1.0302205960687354,0.3233845035584682,-0.38303407290082336,-0.3968782277395545,1.3993094528692411,-2.1059952314720833,1.392115079810619,1.0015782941662776,-0.9326478838626592,-0.05633895911692481,0.4196854851801058,-0.03805828580271747,1.8732710614611172,-0.004555760427341893,1.8732710614611172,-0.06244968262801233,-0.02956166347114537,1.8732710614611172,-1.1592137251717594,1.8732710614611172,1
-0.7253763455871147,-0.23222847887405004,-0.38303407290082336,-0.3968782277395545,-0.3539946864708616,0.6951511637468263,-0.3484023076996031,-0.28580754307836664,0.40929151737857733,-0.09629002260491698,-0.12164382009951458,-0.07980790455544023,2.0241225551098867,-0.05525178587012024,2.0241225551098867,-0.07338219988922862,-0.029698477316474316,2.0241225551098867,0.8568101446921702,2.0241225551098867,1
-0.9082648455482799,0.1830781769041803,-0.38303407290082336,-0.3968782277395545,1.0997284829059224,-2.1059952314720833,1.058571148776097,1.092361691541369,-0.9326478838626592,-0.07351332434049845,-0.08740014286929587,-0.0329888987270554,0.9587573975739668,-0.05053283707358096,0.9587573975739668,-0.06356745445123985,-0.02959173117662942,0.9587573975739668,-1.1592137251717594,0.9587573975739668,1
1.3333767135182792,-0.23222847887405004,-0.38303407290082336,-0.3968782277395545,-0.3539946864708616,0.6951511637468263,-0.3484023076996031,-0.28580754307836664,0.40929151737857733,-0.10014736666582656,-0.125092823561551,-0.0952792403630034,-0.7863973222287248,-0.05558537264856827,-0.7863973222287248,-0.07447876978010413,-0.02971361355253427,-0.7863973222287248,0.8568101446921702,-0.7863973222287248,0
0.20489457262681762,-0.23222847887405004,-0.38303407290082336,-0.3968782277395545,-0.3539946864708616,-0.4253073943407376,-0.3484023076996031,-0.28580754307836664,0.40929151737857733,-0.09821869463537178,-0.12336832183053278,-0.08296762886700754,0.9795174700748873,-0.055319914697406214,0.9795174700748873,-0.07360615367136,-0.029701568603074203,0.9795174700748873,-1.1592137251717594,0.9795174700748873,0
-0.06504127504331453,-0.23222847887405004,-0.38303407290082336,-0.3968782277395545,-0.3539946864708616,0.6951511637468263,-0.3484023076996031,-0.28580754307836664,0.40929151737857733,-0.09821869463537178,-0.12336832183053278,-0.08751318163955357,2.0131317840673266,-0.05541792444409938,2.0131317840673266,-0.0739283323192551,-0.029706015701931345,2.0131317840673266,0.8568101446921702,2.0131317840673266,1
2.118185985081354,-0.23222847887405004,-0.38303407290082336,-0.3968782277395545,-0.3539946864708616,0.6951511637468263,-0.3484023076996031,-0.28580754307836664,0.40929151737857733,-0.10014736666582656,-0.125092823561551,-0.0952792403630034,-0.7863973222287248,-0.05558537264856827,-0.7863973222287248,-0.07447876978010413,-0.02971361355253427,-0.7863973222287248,0.8568101446921702,-0.7863973222287248,0
-0.8647825370283546,-0.016717988718406615,2.596342301779915,1.3444522047557486,-0.3539946864708616,-0.4253073943407376,-0.3484023076996031,-0.28580754307836664,0.40929151737857733,-0.09867790226167053,-0.12377891748077521,-0.0952792403630034,-0.7863973222287248,-0.05558537264856827,-0.7863973222287248,-0.07447876978010413,-0.02971361355253427,-0.7863973222287248,-1.1592137251717594,-0.7863973222287248,0
-1.0043047662912126,-0.016717988718406615,2.596342301779915,1.3444522047557486,-0.3539946864708616,-0.4253073943407376,-0.3484023076996031,-0.28580754307836664,0.40929151737857733,-0.09867790226167053,-0.12377891748077521,-0.0952792403630034,-0.7863973222287248,-0.05558537264856827,-0.7863973222287248,-0.07447876978010413,-0.02971361355253427,-0.7863973222287248,-1.1592137251717594,-0.7863973222287248,0
-0.6265443542968565,-0.23222847887405004,-0.38303407290082336,-0.3968782277395545,-0.3539946864708616,-0.4253073943407376,-0.3484023076996031,-0.28580754307836664,0.40929151737857733,-0.10014736666582656,-0.125092823561551,-0.0952792403630034,-0.7863973222287248,-0.05558537264856827,-0.7863973222287248,-0.07447876978010413,-0.02971361355253427,-0.7863973222287248,-1.1592137251717594,-0.7863973222287248,1
-0.8025318271445769,-0.06386090843995362,-0.38303407290082336,-0.3968782277395545,1.103583959736755,-2.1059952314720833,1.045202429411628,1.2430234999510947,-0.9326478838626592,-0.09284596540767627,-0.11043455884789621,-0.07908284618876331,1.898308118918173,-0.05447950994318212,1.898308118918173,-0.07264750195812847,-0.029673999611931918,1.898308118918173,0.8568101446921702,1.898308118918173,1
-0.11020219242102769,-0.23222847887405004,-0.38303407290082336,-0.3968782277395545,-0.3539946864708616,0.6951511637468263,-0.3484023076996031,-0.28580754307836664,0.40929151737857733,-0.09821869463537178,-0.12336832183053278,-0.07980978184383467,0.6190347884096103,-0.055251826761125895,0.6190347884096103,-0.0733823343065632,-0.029698479153101785,0.6190347884096103,0.8568101446921702,0.6190347884096103,1
-0.9212775560750276,-0.06386090843995362,-0.38303407290082336,-0.3968782277395545,1.1040007680427906,-2.1059952314720833,0.9795945965641505,1.8109026239569845,-0.9326478838626592,-0.08976927431147458,-0.10497363669967189,-0.07094019632928471,1.8934050540746583,-0.05392354361981748,1.8934050540746583,-0.07172684235933482,-0.029658052556825437,1.8934050540746583,0.8568101446921702,1.8934050540746583,1
0.11064249387622067,-0.23222847887405004,-0.38303407290082336,-0.3968782277395545,-0.3539946864708616,0.6951511637468263,-0.3484023076996031,-0.28580754307836664,0.40929151737857733,-0.10014736666582656,-0.125092823561551,-0.0952792403630034,-0.7863973222287248,-0.05558537264856827,-0.7863973222287248,-0.07447876978010413,-0.02971361355253427,-0.7863973222287248,0.8568101446921702,-0.7863973222287248,1
-1.1810880293847201,3.9188739701785975,-0.36701592034877634,-0.6870999664887717,-0.3539946864708616,-2.1059952314720833,-0.3484023076996031,-0.28580754307836664,0.40929151737857733,0.13978861807527582,0.23003135433312713,1.347126371518353,-0.6808869023062425,0.7338822320553721,-0.6808869023062425,1.5282316138356835,-0.027092880300672407,-0.6808869023062425,-1.1592137251717594,-0.6808869023062425,0
-0.9448740619858906,-0.06386090843995362,-0.38303407290082336,-0.3968782277395545,1.1092108718682396,-2.1059952314720833,1.0353163176126932,1.3801643768368708,-0.9326478838626592,-0.08976927431147458,-0.10497363669967189,-0.06864540608004686,1.6625080192168382,-0.053766856771087515,1.6625080192168382,-0.07146737469551236,-0.02965281394083685,1.6625080192168382,0.8568101446921702,1.6625080192168382,1
-1.1431014010275335,-0.23222847887405004,-0.38303407290082336,-0.3968782277395545,-0.3539946864708616,-1.5457659524283016,-0.3484023076996031,-0.28580754307836664,-4.958466087586369,-0.10014736666582656,-0.12336832183053278,-0.0952792403630034,-0.7854496091443,-0.05558537264856827,-0.7854496091443,-0.07447876978010413,-0.007269734960009118,-0.7854496091443,-1.1592137251717594,-0.7854496091443,1
1.371999401045816,-0.23222847887405004,-0.38303407290082336,-0.3968782277395545,-0.3539946864708616,0.6951511637468263,-0.3484023076996031,-0.28580754307836664,0.40929151737857733,-0.09821869463537178,-0.12336832183053278,-0.08158760937389078,0.8015247995044191,-0.0552901591104088,0.8015247995044191,-0.07350834079958343,-0.029700218473966093,0.8015247995044191,0.8568101446921702,0.8015247995044191,0
0.3912595513979993,-0.016717988718406615,2.596342301779915,1.3444522047557486,-0.3539946864708616,-0.4253073943407376,-0.3484023076996031,-0.28580754307836664,0.40929151737857733,-0.09867790226167053,-0.12377891748077521,-0.0952792403630034,-0.7863973222287248,-0.05558537264856827,-0.7863973222287248,-0.07447876978010413,-0.02971361355253427,-0.7863973222287248,-1.1592137251717594,-0.7863973222287248,0
-1.003917973552486,-0.016717988718406615,2.596342301779915,1.3444522047557486,-0.3539946864708616,-0.4253073943407376,-0.3484023076996031,-0.28580754307836664,0.40929151737857733,-0.09867790226167053,-0.12377891748077521,-0.0952792403630034,-0.7863973222287248,-0.05558537264856827,-0.7863973222287248,-0.07447876978010413,-0.02971361355253427,-0.7863973222287248,-1.1592137251717594,-0.7863973222287248,0
-0.2431084751445392,-0.23222847887405004,-0.38303407290082336,-0.3968782277395545,-0.3539946864708616,0.6951511637468263,-0.3484023076996031,-0.28580754307836664,0.40929151737857733,-0.10014736666582656,-0.125092823561551,-0.0952792403630034,-0.7863973222287248,-0.05558537264856827,-0.7863973222287248,-0.07447876978010413,-0.02971361355253427,-0.7863973222287248,0.8568101446921702,-0.7863973222287248,1
-1.141334331237833,-0.016717988718406615,-0.38303407290082336,-0.3968782277395545,-0.3539946864708616,0.6951511637468263,-0.3484023076996031,-0.28580754307836664,-0.9326478838626592,-0.09867790226167053,-0.12377891748077521,-0.0952792403630034,-0.7863973222287248,-0.05558537264856827,-0.7863973222287248,-0.07447876978010413,-0.02971361355253427,-0.7863973222287248,-1.1592137251717594,-0.7863973222287248,1
-1.1835874983880277,0.14491487889832597,2.6443967594360562,0.473786988508097,-0.3539946864708616,-2.1059952314720833,-0.3484023076996031,-0.28580754307836664,-2.2745872851038955,-0.0975758039585535,-0.11893388880791453,-0.0952792403630034,-0.7863973222287248,-0.05558537264856827,-0.7863973222287248,-0.07447876978010413,-0.02971361355253427,-0.7863973222287248,0.8568101446921702,-0.7863973222287248,0
-1.1367415256068811,-0.12447323379622834,-0.7674697341499509,6.568443502241657,-0.3539946864708616,0.6951511637468263,-0.3484023076996031,-0.28580754307836664,-0.9326478838626592,-0.09941263446374855,-0.1244358705211631,-0.0952792403630034,-0.7863973222287248,-0.05558537264856827,-0.7863973222287248,-0.07447876978010413,-0.02971361355253427,-0.7863973222287248,-1.1592137251717594,-0.7863973222287248,1
-0.5132706681951112,-0.23222847887405004,-0.38303407290082336,-0.3968782277395545,-0.3539946864708616,0.6951511637468263,-0.3484023076996031,-0.28580754307836664,0.40929151737857733,-0.09821869463537178,-0.12336832183053278,-0.08154050006135143,0.7960803596994646,-0.05528914345192765,0.7960803596994646,-0.0735050021165726,-0.029700172385012682,0.7960803596994646,0.8568101446921702,0.7960803596994646,1
2.085464035667944,-0.23222847887405004,-0.38303407290082336,-0.3968782277395545,-0.3539946864708616,0.6951511637468263,-0.3484023076996031,-0.28580754307836664,0.40929151737857733,-0.09821869463537178,-0.12336832183053278,-0.0815173704515107,0.7934195201781032,-0.05528864450210416,0.7934195201781032,-0.07350336196357843,-0.02970014975637616,0.7934195201781032,0.8568101446921702,0.7934195201781032,0
-0.7515589907260739,-0.06386090843995362,-0.38303407290082336,-0.3968782277395545,1.0951435915395273,-2.1059952314720833,1.0371137924852267,1.2343314725428414,-0.9326478838626592,-0.08976927431147458,-0.10497363669967189,-0.06970671159254033,1.7641422680718697,-0.05383932135648546,1.7641422680718697,-0.07158737330153235,-0.02965523669503886,1.7641422680718697,0.8568101446921702,1.7641422680718697,1
0.021372878626700238,-0.23222847887405004,-0.38303407290082336,-0.3968782277395545,-0.3539946864708616,0.6951511637468263,-0.3484023076996031,-0.28580754307836664,0.40929151737857733,-0.09821869463537178,-0.12336832183053278,-0.07980524801525944,0.6186223122485134,-0.05525172881591607,0.6186223122485134,-0.07338201234006157,-0.029698474717473184,0.6186223122485134,0.8568101446921702,0.6186223122485134,1
-0.059054224845823435,-0.07059561125731748,-0.38303407290082336,-0.3968782277395545,2.029732015748572,-0.9855366733845196,2.029656948662391,1.3637461028435032,-0.9326478838626592,-0.09904526836270953,-0.12139746270936912,-0.0952792403630034,-0.7863973222287248,-0.05558537264856827,-0.7863973222287248,-0.07447876978010413,-0.02971361355253427,-0.7863973222287248,0.8568101446921702,-0.7863973222287248,1
1.1786843297859992,-0.23222847887405004,-0.38303407290082336,-0.3968782277395545,-0.3539946864708616,0.6951511637468263,-0.3484023076996031,-0.28580754307836664,0.40929151737857733,-0.09821869463537178,-0.12336832183053278,-0.08149994354792471,0.7914228163804126,-0.05528826898902071,0.7914228163804126,-0.07350212757310631,-0.02970013270692873,0.7914228163804126,0.8568101446921702,0.7914228163804126,0
0.10799224733309487,-0.23222847887405004,-0.38303407290082336,-0.3968782277395545,-0.3539946864708616,0.6951511637468263,-0.3484023076996031,-0.28580754307836664,0.40929151737857733,-0.10014736666582656,-0.125092823561551,-0.0952792403630034,-0.7863973222287248,-0.05558537264856827,-0.7863973222287248,-0.07447876978010413,-0.02971361355253427,-0.7863973222287248,0.8568101446921702,-0.7863973222287248,1
-1.001843618420353,-0.016717988718406615,2.596342301779915,1.3444522047557486,-0.3539946864708616,-0.4253073943407376,-0.3484023076996031,-0.28580754307836664,0.40929151737857733,-0.09867790226167053,-0.12377891748077521,-0.0952792403630034,-0.7863973222287248,-0.05558537264856827,-0.7863973222287248,-0.07447876978010413,-0.02971361355253427,-0.7863973222287248,-1.1592137251717594,-0.7863973222287248,0
-0.22798165578751156,-0.07059561125731748,-0.38303407290082336,-0.3968782277395545,2.1420618542252523,-0.9855366733845196,2.0840305635565337,1.9374199117882285,-0.9326478838626592,-0.09904526836270953,-0.12139746270936912,-0.0952792403630034,-0.7863973222287248,-0.05558537264856827,-0.7863973222287248,-0.07447876978010413,-0.02971361355253427,-0.7863973222287248,0.8568101446921702,-0.7863973222287248,1
-1.1348756087839507,-0.12447323379622834,-0.47914298821310525,1.3444522047557486,-0.3539946864708616,0.6951511637468263,-0.3484023076996031,-0.28580754307836664,-0.9326478838626592,-0.09941263446374855,-0.1244358705211631,-0.0952792403630034,-0.7863973222287248,-0.05558537264856827,-0.7863973222287248,-0.07447876978010413,-0.02971361355253427,-0.7863973222287248,-1.1592137251717594,-0.7863973222287248,1
-0.9146444187472934,-0.23222847887405004,-0.38303407290082336,-0.3968782277395545,-0.3539946864708616,-0.4253073943407376,-0.3484023076996031,-0.28580754307836664,0.40929151737857733,-0.09821869463537178,-0.12336832183053278,-0.07973125451609052,0.6119355335297793,-0.05525013332797529,0.6119355335297793,-0.07337676763568435,-0.02969840232662832,0.6119355335297793,-1.1592137251717594,0.6119355335297793,1
0.4405326486146544,-0.23222847887405004,-0.38303407290082336,-0.3968782277395545,-0.3539946864708616,-0.4253073943407376,-0.3484023076996031,-0.28580754307836664,0.40929151737857733,-0.10014736666582656,-0.125092823561551,-0.0952792403630034,-0.7863973222287248,-0.05558537264856827,-0.7863973222287248,-0.07447876978010413,-0.02971361355253427,-0.7863973222287248,-1.1592137251717594,-0.7863973222287248,0
0.30754112823205315,-0.016717988718406615,2.596342301779915,1.3444522047557486,-0.3539946864708616,-0.4253073943407376,-0.3484023076996031,-0.28580754307836664,0.40929151737857733,-0.09867790226167053,-0.12377891748077521,-0.0952792403630034,-0.7863973222287248,-0.05558537264856827,-0.7863973222287248,-0.07447876978010413,-0.02971361355253427,-0.7863973222287248,-1.1592137251717594,-0.7863973222287248,0
0.1801387629240494,-0.23222847887405004,-0.38303407290082336,-0.3968782277395545,-0.3539946864708616,0.6951511637468263,-0.3484023076996031,-0.28580754307836664,0.40929151737857733,-0.10014736666582656,-0.125092823561551,-0.0952792403630034,-0.7863973222287248,-0.05558537264856827,-0.7863973222287248,-0.07447876978010413,-0.02971361355253427,-0.7863973222287248,0.8568101446921702,-0.7863973222287248,1
0.19338498165973195,-0.23222847887405004,-0.38303407290082336,-0.3968782277395545,-0.3539946864708616,0.6951511637468263,-0.3484023076996031,-0.28580754307836664,0.40929151737857733,-0.09821869463537178,-0.12336832183053278,-0.08152069998187061,0.7938056027753204,-0.05528871702397334,0.7938056027753204,-0.07350360035821307,-0.029700153013790913,0.7938056027753204,0.8568101446921702,0.7938056027753204,1
0.5093004580045483,-0.23222847887405004,-0.38303407290082336,-0.3968782277395545,-0.3539946864708616,-0.4253073943407376,-0.3484023076996031,-0.28580754307836664,0.40929151737857733,-0.09821869463537178,-0.12336832183053278,-0.08155502248100642,0.797756657907732,-0.05528945688296343,0.797756657907732,-0.07350603243029878,-0.029700186592885536,0.797756657907732,-1.1592137251717594,0.797756657907732,0
1.948189143845372,-0.23222847887405004,-0.38303407290082336,-0.3968782277395545,-0.3539946864708616,0.6951511637468263,-0.3484023076996031,-0.28580754307836664,0.40929151737857733,-0.10014736666582656,-0.125092823561551,-0.0952792403630034,-0.7863973222287248,-0.05558537264856827,-0.7863973222287248,-0.07447876978010413,-0.02971361355253427,-0.7863973222287248,0.8568101446921702,-0.7863973222287248,0
0.14404168872382647,-0.23222847887405004,-0.38303407290082336,-0.3968782277395545,-0.3539946864708616,0.6951511637468263,-0.3484023076996031,-0.28580754307836664,0.40929151737857733,-0.10014736666582656,-0.125092823561551,-0.0952792403630034,-0.7863973222287248,-0.05558537264856827,-0.7863973222287248,-0.07447876978010413,-0.02971361355253427,-0.7863973222287248,0.8568101446921702,-0.7863973222287248,1
0.051897988540713536,-0.07059561125731748,-0.38303407290082336,-0.3968782277395545,3.2915149601958142,-0.9855366733845196,3.33338794214694,1.8504996377056941,-0.9326478838626592,-0.09904526836270953,-0.12139746270936912,-0.0952792403630034,-0.7863973222287248,-0.05558537264856827,-0.7863973222287248,-0.07447876978010413,-0.02971361355253427,-0.7863973222287248,0.8568101446921702,-0.7863973222287248,1
-0.1938776386160042,-0.23222847887405004,-0.38303407290082336,-0.3968782277395545,-0.3539946864708616,0.6951511637468263,-0.3484023076996031,-0.28580754307836664,0.40929151737857733,-0.09821869463537178,-0.12336832183053278,-0.08148999037738068,0.7902829827030956,-0.05528805419872825,0.7902829827030956,-0.07350142151224665,-0.02970012296933782,0.7902829827030956,0.8568101446921702,0.7902829827030956,1
-1.060967037383242,-0.23222847887405004,-0.38303407290082336,-0.3968782277395545,-0.3539946864708616,-0.4253073943407376,-0.3484023076996031,-0.28580754307836664,0.40929151737857733,-0.09821869463537178,-0.12336832183053278,-0.08748225951184918,2.002023162693024,-0.0554172573501879,2.002023162693024,-0.07392613944128454,-0.029705985449558162,2.002023162693024,-1.1592137251717594,2.002023162693024,1
0.7490349556086382,-0.23222847887405004,-0.38303407290082336,-0.3968782277395545,-0.3539946864708616,0.6951511637468263,-0.3484023076996031,-0.28580754307836664,0.40929151737857733,-0.09821869463537178,-0.12336832183053278,-0.08151425344436523,0.7930629001638215,-0.055288577494497344,0.7930629001638215,-0.07350314169548375,-0.029700146706881498,0.7930629001638215,0.8568101446921702,0.7930629001638215,1
-1.1812119463176824,-0.016717988718406615,-0.38303407290082336,-0.3968782277395545,-0.3539946864708616,0.6951511637468263,-0.3484023076996031,-0.28580754307836664,-0.9326478838626592,-0.09867790226167053,-0.12377891748077521,-0.0952792403630034,-0.7863973222287248,-0.05558537264856827,-0.7863973222287248,-0.07447876978010413,-0.02971361355253427,-0.7863973222287248,-1.1592137251717594,-0.7863973222287248,1
0.6661259320626197,-0.23222847887405004,-0.38303407290082336,-0.3968782277395545,-0.3539946864708616,0.6951511637468263,-0.3484023076996031,-0.28580754307836664,0.40929151737857733,-0.09821869463537178,-0.12336832183053278,-0.08152675689348281,0.7944992010819266,-0.05528884715465509,0.7944992010819266,-0.07350402812512924,-0.02970015893951349,0.7944992010819266,0.8568101446921702,0.7944992010819266,1
0.10560093704006096,-0.23222847887405004,-0.38303407290082336,-0.3968782277395545,-0.3539946864708616,0.6951511637468263,-0.3484023076996031,-0.28580754307836664,0.40929151737857733,-0.09821869463537178,-0.12336832183053278,-0.08155392444439837,0.7976271453035779,-0.055289432673396935,0.7976271453035779,-0.07350595284836267,-0.029700185518631735,0.7976271453035779,0.8568101446921702,0.7976271453035779,1
0.25793567577323306,-0.23222847887405004,-0.38303407290082336,-0.3968782277395545,-0.3539946864708616,-0.4253073943407376,-0.3484023076996031,-0.28580754307836664,0.40929151737857733,-0.10014736666582656,-0.125092823561551,-0.0952792403630034,-0.7863973222287248,-0.05558537264856827,-0.7863973222287248,-0.07447876978010413,-0.02971361355253427,-0.7863973222287248,-1.1592137251717594,-0.7863973222287248,0
-0.892077927574002,-0.515085997203332,-0.38303407290082336,-0.3968782277395545,1.3109460919896256,1.8156097218343903,1.2464072729558615,1.4352138837558088,-0.9326478838626592,-0.10207603869628136,-0.12410739400096915,-0.0952792403630034,-0.7863973222287248,-0.05558537264856827,-0.7863973222287248,-0.07447876978010413,-0.02971361355253427,-0.7863973222287248,0.8568101446921702,-0.7863973222287248,1
1.952143025174576,-0.23222847887405004,-0.38303407290082336,-0.3968782277395545,-0.3539946864708616,0.6951511637468263,-0.3484023076996031,-0.28580754307836664,0.40929151737857733,-0.10014736666582656,-0.125092823561551,-0.0952792403630034,-0.7863973222287248,-0.05558537264856827,-0.7863973222287248,-0.07447876978010413,-0.02971361355253427,-0.7863973222287248,0.8568101446921702,-0.7863973222287248,0
1.4313967981986364,-0.23222847887405004,-0.38303407290082336,-0.3968782277395545,-0.3539946864708616,0.6951511637468263,-0.3484023076996031,-0.28580754307836664,0.40929151737857733,-0.09821869463537178,-0.12336832183053278,-0.0815347265140252,0.7954143825643604,-0.0552890187332239,0.7954143825643604,-0.07350459213996624,-0.029700166736516886,0.7954143825643604,0.8568101446921702,0.7954143825643604,0
0.9448340957904983,-0.23222847887405004,-0.38303407290082336,-0.3968782277395545,-0.3539946864708616,0.6951511637468263,-0.3484023076996031,-0.28580754307836664,0.40929151737857733,-0.10014736666582656,-0.125092823561551,-0.0952792403630034,-0.7863973222287248,-0.05558537264856827,-0.7863973222287248,-0.07447876978010413,-0.02971361355253427,-0.7863973222287248,0.8568101446921702,-0.7863973222287248,0
-0.883717832296139,-0.016717988718406615,2.596342301779915,1.3444522047557486,-0.3539946864708616,-0.4253073943407376,-0.3484023076996031,-0.28580754307836664,0.40929151737857733,-0.09867790226167053,-0.12377891748077521,-0.0952792403630034,-0.7863973222287248,-0.05558537264856827,-0.7863973222287248,-0.07447876978010413,-0.02971361355253427,-0.7863973222287248,-1.1592137251717594,-0.7863973222287248,0
-0.702387247532622,-0.23222847887405004,-0.38303407290082336,-0.3968782277395545,-0.3539946864708616,0.6951511637468263,-0.3484023076996031,-0.28580754307836664,0.40929151737857733,-0.10014736666582656,-0.125092823561551,-0.0952792403630034,-0.7863973222287248,-0.05558537264856827,-0.7863973222287248,-0.07447876978010413,-0.02971361355253427,-0.7863973222287248,0.8568101446921702,-0.7863973222287248,1
-0.4849352349519995,-0.23222847887405004,-0.38303407290082336,-0.3968782277395545,-0.3539946864708616,0.6951511637468263,-0.3484023076996031,-0.28580754307836664,0.40929151737857733,-0.09821869463537178,-0.12336832183053278,-0.08153975623010082,0.795994427165903,-0.055289127325096894,0.795994427165903,-0.0735049491042886,-0.029700171657292367,0.795994427165903,0.8568101446921702,0.795994427165903,1
-1.09777824558441,-0.016717988718406615,2.596342301779915,1.3444522047557486,-0.3539946864708616,-0.4253073943407376,-0.3484023076996031,-0.28580754307836664,0.40929151737857733,-0.09867790226167053,-0.12377891748077521,-0.0952792403630034,-0.7863973222287248,-0.05558537264856827,-0.7863973222287248,-0.07447876978010413,-0.02971361355253427,-0.7863973222287248,-1.1592137251717594,-0.7863973222287248,0
-0.7392811864029065,-0.050391502805225905,-0.38303407290082336,-0.3968782277395545,1.0916007209382221,1.8156097218343903,1.046101166847895,1.1242324587049646,-0.9326478838626592,-0.08623337558897412,-0.07647829857284721,-0.059439183793787216,1.6400796279571956,-0.05093496346685737,1.6400796279571956,-0.07030549888607483,-0.029625954130470145,1.6400796279571956,0.8568101446921702,1.6400796279571956,1
-1.140784226009422,-0.016717988718406615,-0.38303407290082336,-0.3968782277395545,-0.3539946864708616,0.6951511637468263,-0.3484023076996031,-0.28580754307836664,-0.9326478838626592,-0.09867790226167053,-0.12377891748077521,-0.0952792403630034,-0.7863973222287248,-0.05558537264856827,-0.7863973222287248,-0.07447876978010413,-0.02971361355253427,-0.7863973222287248,-1.1592137251717594,-0.7863973222287248,1
2.0663392835864687,-0.23222847887405004,-0.38303407290082336,-0.3968782277395545,-0.3539946864708616,0.6951511637468263,-0.3484023076996031,-0.28580754307836664,0.40929151737857733,-0.09821869463537178,-0.12336832183053278,-0.08152700483723302,0.7945298912724846,-0.055288852912126873,0.7945298912724846,-0.07350404705114971,-0.029700159182086933,0.7945298912724846,0.8568101446921702,0.7945298912724846,0
0.008290330522126934,-0.23222847887405004,-0.38303407290082336,-0.3968782277395545,-0.3539946864708616,0.6951511637468263,-0.3484023076996031,-0.28580754307836664,0.40929151737857733,-0.09821869463537178,-0.12336832183053278,-0.08156770303280274,0.7992224214087725,-0.05528973042765307,0.7992224214087725,-0.07350693162921745,-0.029700198998784275,0.7992224214087725,0.8568101446921702,0.7992224214087725,1
1.9031901063916443,-0.23222847887405004,-0.38303407290082336,-0.3968782277395545,-0.3539946864708616,0.6951511637468263,-0.3484023076996031,-0.28580754307836664,0.40929151737857733,-0.10014736666582656,-0.125092823561551,-0.0952792403630034,-0.7863973222287248,-0.05558537264856827,-0.7863973222287248,-0.07447876978010413,-0.02971361355253427,-0.7863973222287248,0.8568101446921702,-0.7863973222287248,0
0.12089142702819784,0.2581803500660697,-0.38303407290082336,-0.3968782277395545,2.038901798481362,-2.1059952314720833,2.06347194470193,1.1580347875148391,-0.9326478838626592,-0.0440781154947479,0.43064838904157865,-0.02263420098983663,2.206410010947014,-0.009202985443035206,2.206410010947014,-0.060392857915999756,-0.02955725605037218,2.206410010947014,-1.1592137251717594,2.206410010947014,1
-1.1900089741337365,-0.016717988718406615,2.596342301779915,1.3444522047557486,-0.3539946864708616,-0.4253073943407376,-0.3484023076996031,-0.28580754307836664,0.40929151737857733,-0.09867790226167053,-0.12377891748077521,-0.0952792403630034,-0.7863973222287248,-0.05558537264856827,-0.7863973222287248,-0.07447876978010413,-0.02971361355253427,-0.7863973222287248,-1.1592137251717594,-0.7863973222287248,0
0.0699121440640493,-0.23222847887405004,-0.38303407290082336,-0.3968782277395545,-0.3539946864708616,0.6951511637468263,-0.3484023076996031,-0.28580754307836664,0.40929151737857733,-0.09821869463537178,-0.12336832183053278,-0.08158165872388581,0.8008379530397354,-0.055290031370907586,0.8008379530397354,-0.07350792089298055,-0.029700212652203555,0.8008379530397354,0.8568101446921702,0.8008379530397354,1
-1.1188623894006748,-0.016717988718406615,2.596342301779915,1.3444522047557486,-0.3539946864708616,-0.4253073943407376,-0.3484023076996031,-0.28580754307836664,0.40929151737857733,-0.09867790226167053,-0.12377891748077521,-0.0952792403630034,-0.7863973222287248,-0.05558537264856827,-0.7863973222287248,-0.07447876978010413,-0.02971361355253427,-0.7863973222287248,-1.1592137251717594,-0.7863973222287248,0
0.28454701619761413,-0.23222847887405004,-0.38303407290082336,-0.3968782277395545,-0.3539946864708616,-0.4253073943407376,-0.3484023076996031,-0.28580754307836664,0.40929151737857733,-0.10014736666582656,-0.125092823561551,-0.0952792403630034,-0.7863973222287248,-0.05558537264856827,-0.7863973222287248,-0.07447876978010413,-0.02971361355253427,-0.7863973222287248,-1.1592137251717594,-0.7863973222287248,0
-0.8805364620201138,-0.23222847887405004,-0.38303407290082336,-0.3968782277395545,-0.3539946864708616,-0.4253073943407376,-0.3484023076996031,-0.28580754307836664,0.40929151737857733,-0.09821869463537178,-0.12336832183053278,-0.08749281483150086,2.005808490796423,-0.055417485253332587,2.005808490796423,-0.073926888606847,-0.029705995776255996,2.005808490796423,-1.1592137251717594,2.005808490796423,1
0.4049881866328157,-0.016717988718406615,2.596342301779915,1.3444522047557486,-0.3539946864708616,-0.4253073943407376,-0.3484023076996031,-0.28580754307836664,0.40929151737857733,-0.09867790226167053,-0.12377891748077521,-0.0952792403630034,-0.7863973222287248,-0.05558537264856827,-0.7863973222287248,-0.07447876978010413,-0.02971361355253427,-0.7863973222287248,-1.1592137251717594,-0.7863973222287248,0
-0.8737991055377783,-0.016717988718406615,-0.5592337509733402,2.7955608985018343,-0.3539946864708616,-2.6662245105158653,-0.3484023076996031,-0.28580754307836664,-0.9326478838626592,-0.0952797658270597,-0.12074050966898123,0.08668834267913855,-0.666918568975764,-0.048672521239532064,-0.666918568975764,-0.051754773491904583,-0.029535587276946676,-0.666918568975764,0.8568101446921702,-0.666918568975764,0
-0.7006191033186475,0.24930277256746575,-0.38303407290082336,-0.3968782277395545,1.0935805603918927,-2.1059952314720833,1.0443036919753612,1.1580347875148391,-0.9326478838626592,-0.07080399934533577,-0.08497762853286553,-0.05466258286658393,1.8900002843341757,-0.05208650466001843,1.8900002843341757,-0.06669228593838569,-0.02963413970186242,1.8900002843341757,-1.1592137251717594,1.8900002843341757,1
0.6576057475678949,-0.23222847887405004,-0.38303407290082336,-0.3968782277395545,-0.3539946864708616,0.6951511637468263,-0.3484023076996031,-0.28580754307836664,0.40929151737857733,-0.09821869463537178,-0.12336832183053278,-0.08160772823819329,0.8038609368096791,-0.055290592784640255,0.8038609368096791,-0.07350976637797979,-0.029700238157067998,0.8038609368096791,0.8568101446921702,0.8038609368096791,0
-1.1011666216039389,-0.016717988718406615,2.596342301779915,1.3444522047557486,-0.3539946864708616,-0.4253073943407376,-0.3484023076996031,-0.28580754307836664,0.40929151737857733,-0.0952797658270597,-0.12074050966898123,-0.08673818031747779,1.7591023249784676,-0.05526090240049932,1.7591023249784676,-0.07341216784170405,-0.029705257486667733,1.7591023249784676,-1.1592137251717594,1.7591023249784676,0
0.7390972473547659,-0.23222847887405004,-0.38303407290082336,-0.3968782277395545,-0.3539946864708616,0.6951511637468263,-0.3484023076996031,-0.28580754307836664,0.40929151737857733,-0.09821869463537178,-0.12336832183053278,-0.08156724256583806,0.7991690204772021,-0.05528972047425042,0.7991690204772021,-0.07350689891028982,-0.029700198548290747,0.7991690204772021,0.8568101446921702,0.7991690204772021,0
0.3613447144717544,-0.23222847887405004,-0.38303407290082336,-0.3968782277395545,-0.3539946864708616,-0.4253073943407376,-0.3484023076996031,-0.28580754307836664,0.40929151737857733,-0.10014736666582656,-0.125092823561551,-0.0952792403630034,-0.7863973222287248,-0.05558537264856827,-0.7863973222287248,-0.07447876978010413,-0.02971361355253427,-0.7863973222287248,-1.1592137251717594,-0.7863973222287248,0
-1.0813331076428896,-0.016717988718406615,2.596342301779915,1.3444522047557486,-0.3539946864708616,-0.4253073943407376,-0.3484023076996031,-0.28580754307836664,0.40929151737857733,-0.09867790226167053,-0.12377891748077521,-0.0952792403630034,-0.7863973222287248,-0.05558537264856827,-0.7863973222287248,-0.07447876978010413,-0.02971361355253427,-0.7863973222287248,-1.1592137251717594,-0.7863973222287248,0
0.12254711483480198,-0.23222847887405004,-0.38303407290082336,-0.3968782277395545,-0.3539946864708616,0.6951511637468263,-0.3484023076996031,-0.28580754307836664,0.40929151737857733,-0.10014736666582656,-0.125092823561551,-0.0952792403630034,-0.7863973222287248,-0.05558537264856827,-0.7863973222287248,-0.07447876978010413,-0.02971361355253427,-0.7863973222287248,0.8568101446921702,-0.7863973222287248,1
0.5374643415052064,-0.23222847887405004,-0.38303407290082336,-0.3968782277395545,-0.3539946864708616,0.6951511637468263,-0.3484023076996031,-0.28580754307836664,0.40929151737857733,-0.10014736666582656,-0.125092823561551,-0.0952792403630034,-0.7863973222287248,-0.05558537264856827,-0.7863973222287248,-0.07447876978010413,-0.02971361355253427,-0.7863973222287248,0.8568101446921702,-0.7863973222287248,1
0.2004983866380515,-0.23222847887405004,-0.38303407290082336,-0.3968782277395545,-0.3539946864708616,0.6951511637468263,-0.3484023076996031,-0.28580754307836664,0.40929151737857733,-0.10014736666582656,-0.125092823561551,-0.0952792403630034,-0.7863973222287248,-0.05558537264856827,-0.7863973222287248,-0.07447876978010413,-0.02971361355253427,-0.7863973222287248,0.8568101446921702,-0.7863973222287248,1
0.6932694706441743,-0.23222847887405004,-0.38303407290082336,-0.3968782277395545,-0.3539946864708616,0.6951511637468263,-0.3484023076996031,-0.28580754307836664,0.40929151737857733,-0.10014736666582656,-0.125092823561551,-0.0952792403630034,-0.7863973222287248,-0.05558537264856827,-0.7863973222287248,-0.07447876978010413,-0.02971361355253427,-0.7863973222287248,0.8568101446921702,-0.7863973222287248,0
-1.0401364576956982,-0.05263642170355472,-0.38303407290082336,-0.3968782277395545,1.092225933397276,1.8156097218343903,0.9770107264348833,1.72398234987445,-0.9326478838626592,-0.08315668449277243,-0.07101737642462289,-0.03961105124865707,1.1663568949755478,-0.04897803576980553,1.1663568949755478,-0.06801546606105238,-0.029582903651957516,1.1663568949755478,0.8568101446921702,1.1663568949755478,1
1.5348377114839602,-0.23222847887405004,-0.38303407290082336,-0.3968782277395545,-0.3539946864708616,0.6951511637468263,-0.3484023076996031,-0.28580754307836664,0.40929151737857733,-0.10014736666582656,-0.125092823561551,-0.0952792403630034,-0.7863973222287248,-0.05558537264856827,-0.7863973222287248,-0.07447876978010413,-0.02971361355253427,-0.7863973222287248,0.8568101446921702,-0.7863973222287248,0
0.2309926963895366,8.615556405080406,0.48194616490971365,2.505339159752617,-0.3539946864708616,-2.1059952314720833,-0.3484023076996031,-0.28580754307836664,0.40929151737857733,12.100402294178052,10.937791078745375,1.2868553546251629,2.2809926982367763,0.9190607822587972,2.2809926982367763,3.087751135317831,-0.02826433424924682,2.2809926982367763,0.8568101446921702,2.2809926982367763,0
-0.1444054147671899,-0.23222847887405004,-0.38303407290082336,-0.3968782277395545,-0.3539946864708616,0.6951511637468263,-0.3484023076996031,-0.28580754307836664,0.40929151737857733,-0.10014736666582656,-0.125092823561551,-0.0952792403630034,-0.7863973222287248,-0.05558537264856827,-0.7863973222287248,-0.07447876978010413,-0.02971361355253427,-0.7863973222287248,0.8568101446921702,-0.7863973222287248,1
-1.0061853669125576,-0.23222847887405004,-0.38303407290082336,-0.3968782277395545,-0.3539946864708616,-0.4253073943407376,-0.3484023076996031,-0.28580754307836664,0.40929151737857733,-0.10014736666582656,-0.125092823561551,-0.0952792403630034,-0.7863973222287248,-0.05558537264856827,-0.7863973222287248,-0.07447876978010413,-0.02971361355253427,-0.7863973222287248,-1.1592137251717594,-0.7863973222287248,1
-1.027533102817436,-0.016717988718406615,-0.36701592034877634,-0.6870999664887717,-0.3539946864708616,0.6951511637468263,-0.3484023076996031,-0.28580754307836664,-0.9326478838626592,-0.09867790226167053,-0.12377891748077521,-0.0952792403630034,-0.7863973222287248,-0.05558537264856827,-0.7863973222287248,-0.07447876978010413,-0.02971361355253427,-0.7863973222287248,0.8568101446921702,-0.7863973222287248,0
-1.1376959725038311,-0.15141204506568376,-0.38303407290082336,-0.3968782277395545,-0.3539946864708616,0.6951511637468263,-0.3484023076996031,-0.28580754307836664,-0.9326478838626592,-0.09959631751426805,-0.12460010878126007,-0.0952792403630034,-0.7863973222287248,-0.05558537264856827,-0.7863973222287248,-0.07447876978010413,-0.02971361355253427,-0.7863973222287248,-1.1592137251717594,-0.7863973222287248,1
-1.1055194724803106,-0.23222847887405004,-0.38303407290082336,-0.3968782277395545,-0.3539946864708616,-0.4253073943407376,-0.3484023076996031,-0.28580754307836664,0.40929151737857733,-0.09821869463537178,-0.12336832183053278,-0.08287128500978422,0.9658075481489055,-0.0553178376547985,0.9658075481489055,-0.07359932599552622,-0.029701474345966476,0.9658075481489055,-1.1592137251717594,0.9658075481489055,1
-1.0062064972566176,-0.016717988718406615,2.596342301779915,1.3444522047557486,-0.3539946864708616,-0.4253073943407376,-0.3484023076996031,-0.28580754307836664,0.40929151737857733,-0.09867790226167053,-0.12377891748077521,-0.0952792403630034,-0.7863973222287248,-0.05558537264856827,-0.7863973222287248,-0.07447876978010413,-0.02971361355253427,-0.7863973222287248,-1.1592137251717594,-0.7863973222287248,0
0.9367479787025665,-0.23222847887405004,-0.38303407290082336,-0.3968782277395545,-0.3539946864708616,0.6951511637468263,-0.3484023076996031,-0.28580754307836664,0.40929151737857733,-0.10014736666582656,-0.125092823561551,-0.0952792403630034,-0.7863973222287248,-0.05558537264856827,-0.7863973222287248,-0.07447876978010413,-0.02971361355253427,-0.7863973222287248,0.8568101446921702,-0.7863973222287248,0
-1.1295747575562742,-0.016717988718406615,2.596342301779915,1.3444522047557486,-0.3539946864708616,-0.4253073943407376,-0.3484023076996031,-0.28580754307836664,0.40929151737857733,-0.09867790226167053,-0.12377891748077521,-0.0952792403630034,-0.7863973222287248,-0.05558537264856827,-0.7863973222287248,-0.07447876978010413,-0.02971361355253427,-0.7863973222287248,-1.1592137251717594,-0.7863973222287248,0
-0.7663756596092709,-0.23222847887405004,-0.38303407290082336,-0.3968782277395545,-0.3539946864708616,-0.4253073943407376,-0.3484023076996031,-0.28580754307836664,0.40929151737857733,-0.09821869463537178,-0.12336832183053278,-0.07976391225004636,0.6148799504118948,-0.055250837739759535,0.6148799504118948,-0.07337908318535023,-0.029698434277015566,0.6148799504118948,-1.1592137251717594,0.6148799504118948,1
-0.0408219611948169,-0.23222847887405004,-0.38303407290082336,-0.3968782277395545,-0.3539946864708616,0.6951511637468263,-0.3484023076996031,-0.28580754307836664,0.40929151737857733,-0.10014736666582656,-0.125092823561551,-0.0952792403630034,-0.7863973222287248,-0.05558537264856827,-0.7863973222287248,-0.07447876978010413,-0.02971361355253427,-0.7863973222287248,0.8568101446921702,-0.7863973222287248,1
-0.8800393617225654,-0.23222847887405004,-0.38303407290082336,-0.3968782277395545,-0.3539946864708616,-0.4253073943407376,-0.3484023076996031,-0.28580754307836664,0.40929151737857733,-0.09821869463537178,-0.12336832183053278,-0.07964975186334389,0.6046447718608676,-0.055248376287603894,0.6046447718608676,-0.07337099187449472,-0.029698322589273587,0.6046447718608676,-1.1592137251717594,0.6046447718608676,1
1.8539288278420059,-0.23222847887405004,-0.38303407290082336,-0.3968782277395545,-0.3539946864708616,0.6951511637468263,-0.3484023076996031,-0.28580754307836664,0.40929151737857733,-0.09821869463537178,-0.12336832183053278,-0.08156947405958992,0.7994255904702652,-0.055289768336502,0.7994255904702652,-0.07350705624357577,-0.029700200731451694,0.7994255904702652,0.8568101446921702,0.7994255904702652,0
0.6820589277667523,-0.23222847887405004,-0.38303407290082336,-0.3968782277395545,-0.3539946864708616,0.6951511637468263,-0.3484023076996031,-0.28580754307836664,0.40929151737857733,-0.10014736666582656,-0.125092823561551,-0.0952792403630034,-0.7863973222287248,-0.05558537264856827,-0.7863973222287248,-0.07447876978010413,-0.02971361355253427,-0.7863973222287248,0.8568101446921702,-0.7863973222287248,1
-0.6881231908678094,-0.23222847887405004,-0.38303407290082336,-0.3968782277395545,-0.3539946864708616,-0.4253073943407376,-0.3484023076996031,-0.28580754307836664,0.40929151737857733,-0.10014736666582656,-0.125092823561551,-0.0952792403630034,-0.7863973222287248,-0.05558537264856827,-0.7863973222287248,-0.07447876978010413,-0.02971361355253427,-0.7863973222287248,-1.1592137251717594,-0.7863973222287248,1
-0.10961627305014204,-0.23222847887405004,-0.38303407290082336,-0.3968782277395545,-0.3539946864708616,0.6951511637468263,-0.3484023076996031,-0.28580754307836664,0.40929151737857733,-0.09821869463537178,-0.12336832183053278,-0.0797778325205937,0.6161370206171424,-0.055251137610164994,0.6161370206171424,-0.07338006892243285,-0.0296984478957815,0.6161370206171424,0.8568101446921702,0.6161370206171424,1
0.3773493384608363,-0.23222847887405004,-0.38303407290082336,-0.3968782277395545,-0.3539946864708616,-0.4253073943407376,-0.3484023076996031,-0.28580754307836664,0.40929151737857733,-0.10014736666582656,-0.125092823561551,-0.0952792403630034,-0.7863973222287248,-0.05558537264856827,-0.7863973222287248,-0.07447876978010413,-0.02971361355253427,-0.7863973222287248,-1.1592137251717594,-0.7863973222287248,0
1.2892264712412014,-0.23222847887405004,-0.38303407290082336,-0.3968782277395545,-0.3539946864708616,0.6951511637468263,-0.3484023076996031,-0.28580754307836664,0.40929151737857733,-0.09821869463537178,-0.12336832183053278,-0.08155930836583143,0.7982519975833349,-0.055289549382100456,0.7982519975833349,-0.07350633649441388,-0.0297001907859407,0.7982519975833349,0.8568101446921702,0.7982519975833349,0
1.054816462198821,-0.23222847887405004,-0.38303407290082336,-0.3968782277395545,-0.3539946864708616,0.6951511637468263,-0.3484023076996031,-0.28580754307836664,0.40929151737857733,-0.09821869463537178,-0.12336832183053278,-0.08151751213365367,0.7934391619000603,-0.055288648213889166,0.7934391619000603,-0.07350337416499629,-0.029700149894989553,0.7934391619000603,0.8568101446921702,0.7934391619000603,0
1.0992517850499974,-0.23222847887405004,-0.38303407290082336,-0.3968782277395545,-0.3539946864708616,0.6951511637468263,-0.3484023076996031,-0.28580754307836664,0.40929151737857733,-0.10014736666582656,-0.125092823561551,-0.0952792403630034,-0.7863973222287248,-0.05558537264856827,-0.7863973222287248,-0.07447876978010413,-0.02971361355253427,-0.7863973222287248,0.8568101446921702,-0.7863973222287248,0
2.2157981466789245,-0.23222847887405004,-0.38303407290082336,-0.3968782277395545,-0.3539946864708616,0.6951511637468263,-0.3484023076996031,-0.28580754307836664,0.40929151737857733,-0.10014736666582656,-0.125092823561551,-0.0952792403630034,-0.7863973222287248,-0.05558537264856827,-0.7863973222287248,-0.07447876978010413,-0.02971361355253427,-0.7863973222287248,0.8568101446921702,-0.7863973222287248,0
2.213685112272919,-0.23222847887405004,-0.38303407290082336,-0.3968782277395545,-0.3539946864708616,0.6951511637468263,-0.3484023076996031,-0.28580754307836664,0.40929151737857733,-0.10014736666582656,-0.125092823561551,-0.0952792403630034,-0.7863973222287248,-0.05558537264856827,-0.7863973222287248,-0.07447876978010413,-0.02971361355253427,-0.7863973222287248,0.8568101446921702,-0.7863973222287248,0
0.2033377318534436,-0.515085997203332,-0.38303407290082336,-0.3968782277395545,1.4057699816127978,1.8156097218343903,1.3365057009416097,1.53951821265485,-0.9326478838626592,-0.10207603869628136,-0.12410739400096915,-0.0952792403630034,-0.7863973222287248,-0.05558537264856827,-0.7863973222287248,-0.07447876978010413,-0.02971361355253427,-0.7863973222287248,0.8568101446921702,-0.7863973222287248,1
-0.6164863105242694,0.625323643951866,-0.38303407290082336,-0.3968782277395545,2.3476525511774704,-2.1059952314720833,2.328374804041574,1.742332185514096,-0.9326478838626592,-0.07874829128030432,-0.10021072715685969,1.5773548595579412,-0.7604008894148322,0.1200151193504995,-0.7604008894148322,0.4039635726042899,-0.02644080186708275,-0.7604008894148322,-1.1592137251717594,-0.7604008894148322,1
2.2865862318458148,-0.23222847887405004,-0.38303407290082336,-0.3968782277395545,-0.3539946864708616,0.6951511637468263,-0.3484023076996031,-0.28580754307836664,0.40929151737857733,-0.10014736666582656,-0.125092823561551,-0.0952792403630034,-0.7863973222287248,-0.05558537264856827,-0.7863973222287248,-0.07447876978010413,-0.02971361355253427,-0.7863973222287248,0.8568101446921702,-0.7863973222287248,0
1.5952110440192155,-0.23222847887405004,-0.38303407290082336,-0.3968782277395545,-0.3539946864708616,0.6951511637468263,-0.3484023076996031,-0.28580754307836664,0.40929151737857733,-0.09821869463537178,-0.12336832183053278,-0.08151885811401194,0.7935926128528491,-0.055288677001248066,0.7935926128528491,-0.07350346879509871,-0.029700151211816794,0.7935926128528491,0.8568101446921702,0.7935926128528491,0
1.9453720033983142,-0.23222847887405004,-0.38303407290082336,-0.3968782277395545,-0.3539946864708616,0.6951511637468263,-0.3484023076996031,-0.28580754307836664,0.40929151737857733,-0.09821869463537178,-0.12336832183053278,-0.08156593200601553,0.799014955720602,-0.05528969175508107,0.799014955720602,-0.07350680450434084,-0.029700197266116852,0.799014955720602,0.8568101446921702,0.799014955720602,0
0.21624980463983745,-0.23222847887405004,-0.38303407290082336,-0.3968782277395545,-0.3539946864708616,-0.4253073943407376,-0.3484023076996031,-0.28580754307836664,0.40929151737857733,-0.09821869463537178,-0.12336832183053278,-0.08293323552680024,0.974599673939905,-0.05531917336552164,0.974599673939905,-0.0736037167575604,-0.029701534954672877,0.974599673939905,-1.1592137251717594,0.974599673939905,0
0.039505937103051926,-0.515085997203332,-0.38303407290082336,-0.3968782277395545,1.3111544961426438,1.8156097218343903,1.2594389657817302,1.3251148699179325,-0.9326478838626592,-0.10207603869628136,-0.12410739400096915,-0.0952792403630034,-0.7863973222287248,-0.05558537264856827,-0.7863973222287248,-0.07447876978010413,-0.02971361355253427,-0.7863973222287248,0.8568101446921702,-0.7863973222287248,1
-0.8715281307634593,-0.016717988718406615,2.596342301779915,1.3444522047557486,-0.3539946864708616,-0.4253073943407376,-0.3484023076996031,-0.28580754307836664,0.40929151737857733,-0.09867790226167053,-0.12377891748077521,-0.0952792403630034,-0.7863973222287248,-0.05558537264856827,-0.7863973222287248,-0.07447876978010413,-0.02971361355253427,-0.7863973222287248,-1.1592137251717594,-0.7863973222287248,0
0.31806224886683787,-0.23222847887405004,-0.38303407290082336,-0.3968782277395545,-0.3539946864708616,0.6951511637468263,-0.3484023076996031,-0.28580754307836664,0.40929151737857733,-0.09821869463537178,-0.12336832183053278,-0.08153964996849358,0.7959846063049245,-0.05528912548625178,0.7959846063049245,-0.07350494305961804,-0.029700171553332322,0.7959846063049245,0.8568101446921702,0.7959846063049245,1
2.3616211580273516,0.14491487889832597,-0.4631248356610583,1.0542304660065314,-0.3539946864708616,-1.5457659524283016,-0.3484023076996031,-0.28580754307836664,-4.958466087586369,-0.0975758039585535,-0.12279348792019337,-0.0952792403630034,-0.7863973222287248,-0.05558537264856827,-0.7863973222287248,-0.07447876978010413,-0.02971361355253427,-0.7863973222287248,-1.1592137251717594,-0.7863973222287248,0
-0.9207217205838206,-0.016717988718406615,2.596342301779915,1.3444522047557486,-0.3539946864708616,-0.4253073943407376,-0.3484023076996031,-0.28580754307836664,0.40929151737857733,-0.09867790226167053,-0.12377891748077521,-0.0952792403630034,-0.7863973222287248,-0.05558537264856827,-0.7863973222287248,-0.07447876978010413,-0.02971361355253427,-0.7863973222287248,-1.1592137251717594,-0.7863973222287248,0
-0.22592807285801383,-0.23222847887405004,-0.38303407290082336,-0.3968782277395545,-0.3539946864708616,0.6951511637468263,-0.3484023076996031,-0.28580754307836664,0.40929151737857733,-0.09821869463537178,-0.12336832183053278,-0.08750588500919035,2.0104985657174668,-0.05541776679211154,2.0104985657174668,-0.07392781408401836,-0.029706008563341567,2.0104985657174668,0.8568101446921702,2.0104985657174668,1
-1.0882112137051507,-0.016717988718406615,2.596342301779915,1.3444522047557486,-0.3539946864708616,-0.4253073943407376,-0.3484023076996031,-0.28580754307836664,0.40929151737857733,-0.09867790226167053,-0.12377891748077521,-0.0952792403630034,-0.7863973222287248,-0.05558537264856827,-0.7863973222287248,-0.07447876978010413,-0.02971361355253427,-0.7863973222287248,-1.1592137251717594,-0.7863973222287248,0
1.1333701278784947,-0.23222847887405004,-0.38303407290082336,-0.3968782277395545,-0.3539946864708616,0.6951511637468263,-0.3484023076996031,-0.28580754307836664,0.40929151737857733,-0.10014736666582656,-0.125092823561551,-0.0952792403630034,-0.7863973222287248,-0.05558537264856827,-0.7863973222287248,-0.07447876978010413,-0.02971361355253427,-0.7863973222287248,0.8568101446921702,-0.7863973222287248,0
1.2941416041544254,-0.23222847887405004,-0.38303407290082336,-0.3968782277395545,-0.3539946864708616,0.6951511637468263,-0.3484023076996031,-0.28580754307836664,0.40929151737857733,-0.10014736666582656,-0.125092823561551,-0.0952792403630034,-0.7863973222287248,-0.05558537264856827,-0.7863973222287248,-0.07447876978010413,-0.02971361355253427,-0.7863973222287248,0.8568101446921702,-0.7863973222287248,0
0.4741370584986401,-0.23222847887405004,-0.38303407290082336,-0.3968782277395545,-0.3539946864708616,-0.4253073943407376,-0.3484023076996031,-0.28580754307836664,0.40929151737857733,-0.10014736666582656,-0.125092823561551,-0.0952792403630034,-0.7863973222287248,-0.05558537264856827,-0.7863973222287248,-0.07447876978010413,-0.02971361355253427,-0.7863973222287248,-1.1592137251717594,-0.7863973222287248,0
1.2155972501517953,-0.23222847887405004,-0.38303407290082336,-0.3968782277395545,-0.3539946864708616,0.6951511637468263,-0.3484023076996031,-0.28580754307836664,0.40929151737857733,-0.09821869463537178,-0.12336832183053278,-0.08152913006937766,0.7947741851893245,-0.055288898728691686,0.7947741851893245,-0.07350419765983304,-0.029700161261287838,0.7947741851893245,0.8568101446921702,0.7947741851893245,0
-0.7294616648192006,1.0002221367035358,-0.38303407290082336,-0.3968782277395545,1.8249749354084255,-2.1059952314720833,1.7568901367554126,1.8109026239569845,-0.9326478838626592,-0.06074735232939291,0.06677852379673678,-0.07221951523928165,2.0420732475671457,-0.0408783774891865,2.0420732475671457,-0.06572297014858257,-0.02965345280996847,2.0420732475671457,-1.1592137251717594,2.0420732475671457,1
-0.9181191068501862,-0.23222847887405004,-0.38303407290082336,-0.3968782277395545,-0.3539946864708616,-0.4253073943407376,-0.3484023076996031,-0.28580754307836664,0.40929151737857733,-0.10014736666582656,-0.125092823561551,-0.0952792403630034,-0.7863973222287248,-0.05558537264856827,-0.7863973222287248,-0.07447876978010413,-0.02971361355253427,-0.7863973222287248,-1.1592137251717594,-0.7863973222287248,1
-1.0559322852341526,0.2007166935832943,-0.38303407290082336,-0.3968782277395545,1.1041049701192998,-2.1059952314720833,1.0208241764528905,1.4574268426880121,-0.9326478838626592,-0.06791099129965357,-0.07968094464473817,-0.051403256008504886,2.1866989291593595,-0.05192511326812955,2.1866989291593595,-0.06660549489204005,-0.029627762203577736,2.1866989291593595,-1.1592137251717594,2.1866989291593595,1
-1.1122707964782113,-0.07059561125731748,-0.38303407290082336,-0.3968782277395545,2.4423722387241336,-0.9855366733845196,2.358482508156512,2.361397693146367,-0.9326478838626592,-0.09904526836270953,-0.12139746270936912,-0.0952792403630034,-0.7863973222287248,-0.05558537264856827,-0.7863973222287248,-0.07447876978010413,-0.02971361355253427,-0.7863973222287248,0.8568101446921702,-0.7863973222287248,1
1.412154933871269,-0.23222847887405004,-0.38303407290082336,-0.3968782277395545,-0.3539946864708616,0.6951511637468263,-0.3484023076996031,-0.28580754307836664,0.40929151737857733,-0.10014736666582656,-0.125092823561551,-0.0952792403630034,-0.7863973222287248,-0.05558537264856827,-0.7863973222287248,-0.07447876978010413,-0.02971361355253427,-0.7863973222287248,0.8568101446921702,-0.7863973222287248,0
-1.0162928342017599,0.2007166935832943,-0.38303407290082336,-0.3968782277395545,1.730984662397325,-2.1059952314720833,1.7232998250749405,1.2285367876040056,-0.9326478838626592,-0.06791099129965357,-0.07968094464473817,-0.04088781988008045,1.6119140124746774,-0.05104788716342652,1.6119140124746774,-0.0647185683710248,-0.029607186881908533,1.6119140124746774,-1.1592137251717594,1.6119140124746774,1
-0.7815647955742044,0.2998130436976947,-0.36701592034877634,-0.6870999664887717,1.4116052978973008,-2.1059952314720833,1.4108762237926888,0.9542550338324535,-0.9326478838626592,-0.06318115274877634,-0.05496308650014386,0.9618240506108681,-0.6629963626224767,0.07818681801915896,-0.6629963626224767,0.14137607093974472,-0.027645199367873918,-0.6629963626224767,-1.1592137251717594,-0.6629963626224767,0
1.7363903936543765,-0.23222847887405004,-0.38303407290082336,-0.3968782277395545,-0.3539946864708616,0.6951511637468263,-0.3484023076996031,-0.28580754307836664,0.40929151737857733,-0.09821869463537178,-0.12336832183053278,-0.08153274296402352,0.7951860475466103,-0.055288975932910586,0.7951860475466103,-0.07350445144633588,-0.029700164795929376,0.7951860475466103,0.8568101446921702,0.7951860475466103,0
0.9394741512277387,-0.23222847887405004,-0.38303407290082336,-0.3968782277395545,-0.3539946864708616,0.6951511637468263,-0.3484023076996031,-0.28580754307836664,0.40929151737857733,-0.10014736666582656,-0.125092823561551,-0.0952792403630034,-0.7863973222287248,-0.05558537264856827,-0.7863973222287248,-0.07447876978010413,-0.02971361355253427,-0.7863973222287248,0.8568101446921702,-0.7863973222287248,0
-0.923422106926411,-0.016717988718406615,2.596342301779915,1.3444522047557486,-0.3539946864708616,-0.4253073943407376,-0.3484023076996031,-0.28580754307836664,0.40929151737857733,-0.09867790226167053,-0.12377891748077521,-0.0952792403630034,-0.7863973222287248,-0.05558537264856827,-0.7863973222287248,-0.07447876978010413,-0.02971361355253427,-0.7863973222287248,-1.1592137251717594,-0.7863973222287248,0
-0.019407252843510928,-0.23222847887405004,-0.38303407290082336,-0.3968782277395545,-0.3539946864708616,0.6951511637468263,-0.3484023076996031,-0.28580754307836664,0.40929151737857733,-0.09821869463537178,-0.12336832183053278,-0.07977124430094533,0.6155410171165099,-0.0552509955122156,0.6155410171165099,-0.07337960181659135,-0.029698441450258694,0.6155410171165099,0.8568101446921702,0.6155410171165099,1
2.0000336964917085,-0.23222847887405004,-0.38303407290082336,-0.3968782277395545,-0.3539946864708616,0.6951511637468263,-0.3484023076996031,-0.28580754307836664,0.40929151737857733,-0.10014736666582656,-0.125092823561551,-0.0952792403630034,-0.7863973222287248,-0.05558537264856827,-0.7863973222287248,-0.07447876978010413,-0.02971361355253427,-0.7863973222287248,0.8568101446921702,-0.7863973222287248,0
2.0808776765826376,-0.23222847887405004,-0.38303407290082336,-0.3968782277395545,-0.3539946864708616,0.6951511637468263,-0.3484023076996031,-0.28580754307836664,0.40929151737857733,-0.10014736666582656,-0.125092823561551,-0.0952792403630034,-0.7863973222287248,-0.05558537264856827,-0.7863973222287248,-0.07447876978010413,-0.02971361355253427,-0.7863973222287248,0.8568101446921702,-0.7863973222287248,0
-1.0243707140369223,-0.06386090843995362,-0.38303407290082336,-0.3968782277395545,1.208723854934316,-2.1059952314720833,1.0776693192967668,1.9383856926113678,-0.9326478838626592,-0.09284596540767627,-0.11043455884789621,-0.07827405367558786,1.770617284475755,-0.05442428606952551,1.770617284475755,-0.07255605336234741,-0.029672021390883544,1.770617284475755,0.8568101446921702,1.770617284475755,1
-0.8624667945759422,-0.07059561125731748,-0.38303407290082336,-0.3968782277395545,2.540738998948611,-0.9855366733845196,2.530141358483474,1.7973816924330346,-0.9326478838626592,-0.09904526836270953,-0.12139746270936912,-0.0952792403630034,-0.7457107228024341,-0.05558537264856827,-0.7457107228024341,-0.07447876978010413,-0.029190828182717534,-0.7457107228024341,0.8568101446921702,-0.7457107228024341,1
1.4334374880368435,-0.23222847887405004,-0.38303407290082336,-0.3968782277395545,-0.3539946864708616,0.6951511637468263,-0.3484023076996031,-0.28580754307836664,0.40929151737857733,-0.09821869463537178,-0.12336832183053278,-0.08154744248635724,0.7968801460654009,-0.055289293075731376,0.7968801460654009,-0.07350549396147994,-0.02970017917706897,0.7968801460654009,0.8568101446921702,0.7968801460654009,0
-1.1116393931463828,-0.016717988718406615,2.596342301779915,1.3444522047557486,-0.3539946864708616,-0.4253073943407376,-0.3484023076996031,-0.28580754307836664,0.40929151737857733,-0.09867790226167053,-0.12377891748077521,-0.0952792403630034,-0.7863973222287248,-0.05558537264856827,-0.7863973222287248,-0.07447876978010413,-0.02971361355253427,-0.7863973222287248,-1.1592137251717594,-0.7863973222287248,0
1.2410546589056424,-0.23222847887405004,-0.38303407290082336,-0.3968782277395545,-0.3539946864708616,0.6951511637468263,-0.3484023076996031,-0.28580754307836664,0.40929151737857733,-0.10014736666582656,-0.125092823561551,-0.0952792403630034,-0.7863973222287248,-0.05558537264856827,-0.7863973222287248,-0.07447876978010413,-0.02971361355253427,-0.7863973222287248,0.8568101446921702,-0.7863973222287248,0
-0.7789066699197342,0.4984867768099285,-0.36701592034877634,-0.6870999664887717,-0.3539946864708616,-2.1059952314720833,-0.3484023076996031,-0.28580754307836664,0.40929151737857733,-0.08825388914468867,-0.1087921762469265,0.3837715334317007,-0.7410132822356569,-0.0014805844415979943,-0.7410132822356569,0.04759362164748849,-0.02830758907855513,-0.7410132822356569,0.8568101446921702,-0.7410132822356569,0
1.1420607876913986,-0.23222847887405004,-0.38303407290082336,-0.3968782277395545,-0.3539946864708616,0.6951511637468263,-0.3484023076996031,-0.28580754307836664,0.40929151737857733,-0.10014736666582656,-0.125092823561551,-0.0952792403630034,-0.7863973222287248,-0.05558537264856827,-0.7863973222287248,-0.07447876978010413,-0.02971361355253427,-0.7863973222287248,0.8568101446921702,-0.7863973222287248,0
-1.075432011387338,0.5499591204417263,-0.38303407290082336,-0.3968782277395545,3.8031471558549073,-2.1059952314720833,3.9100403496916365,1.6351305141456374,-0.9326478838626592,-0.05124175446500857,0.40983118957428744,-0.045866778327988446,1.8535765523763639,-0.005591384925072402,1.8535765523763639,-0.061289818192048894,-0.02957664397505749,1.8535765523763639,-1.1592137251717594,1.8535765523763639,1
0.43994099898097283,-0.23222847887405004,-0.38303407290082336,-0.3968782277395545,-0.3539946864708616,-0.4253073943407376,-0.3484023076996031,-0.28580754307836664,0.40929151737857733,-0.10014736666582656,-0.125092823561551,-0.0952792403630034,-0.7863973222287248,-0.05558537264856827,-0.7863973222287248,-0.07447876978010413,-0.02971361355253427,-0.7863973222287248,-1.1592137251717594,-0.7863973222287248,0
1.6201412685958354,-0.23222847887405004,-0.38303407290082336,-0.3968782277395545,-0.3539946864708616,0.6951511637468263,-0.3484023076996031,-0.28580754307836664,0.40929151737857733,-0.09821869463537178,-0.12336832183053278,-0.08152650894973261,0.7944721937142358,-0.05528884209271682,0.7944721937142358,-0.07350401148547364,-0.02970015869694005,0.7944721937142358,0.8568101446921702,0.7944721937142358,0
-0.48156118458946057,0.4827725061544945,-0.38303407290082336,-0.3968782277395545,1.0870158295718269,-2.1059952314720833,0.9933003424672195,1.535655089362293,-0.9326478838626592,-0.061252480718321546,0.40088020439900246,-0.050791791299958526,1.6571292564196776,-0.002522211029787262,1.6571292564196776,-0.0633526225178436,-0.029574337101652623,1.6571292564196776,-1.1592137251717594,1.6571292564196776,1
0.7598608545958824,-0.23222847887405004,-0.38303407290082336,-0.3968782277395545,-0.3539946864708616,0.6951511637468263,-0.3484023076996031,-0.28580754307836664,0.40929151737857733,-0.09821869463537178,-0.12336832183053278,-0.08153238875866609,0.795149219317941,-0.055288969032127204,0.795149219317941,-0.07350442876200972,-0.029700164449395893,0.795149219317941,0.8568101446921702,0.795149219317941,1
0.36007331241390356,-0.0840650168920452,2.596342301779915,1.3444522047557486,-0.3539946864708616,-0.4253073943407376,-0.3484023076996031,-0.28580754307836664,0.40929151737857733,-0.0991371098879693,-0.12418951313101764,-0.0952792403630034,-0.7863973222287248,-0.05558537264856827,-0.7863973222287248,-0.07447876978010413,-0.02971361355253427,-0.7863973222287248,-1.1592137251717594,-0.7863973222287248,0
0.03276535734789372,-0.23222847887405004,-0.38303407290082336,-0.3968782277395545,-0.3539946864708616,0.6951511637468263,-0.3484023076996031,-0.28580754307836664,0.40929151737857733,-0.10014736666582656,-0.125092823561551,-0.0952792403630034,-0.7863973222287248,-0.05558537264856827,-0.7863973222287248,-0.07447876978010413,-0.02971361355253427,-0.7863973222287248,0.8568101446921702,-0.7863973222287248,1
-0.23577946902852212,-0.23222847887405004,-0.38303407290082336,-0.3968782277395545,-0.3539946864708616,0.6951511637468263,-0.3484023076996031,-0.28580754307836664,0.40929151737857733,-0.09821869463537178,-0.12336832183053278,-0.08150791316846707,0.7923349288437904,-0.05528844063577908,0.7923349288437904,-0.07350269181209675,-0.02970014050393213,0.7923349288437904,0.8568101446921702,0.7923349288437904,1
-1.0496092983802492,0.2594048267935115,-0.38303407290082336,-0.3968782277395545,1.1149419860762335,-2.1059952314720833,1.03655208158756,1.4226587330549985,-0.9326478838626592,-0.08095248788653837,-0.09947165498642332,2.72303226529596,-0.7632544633328967,0.17735586170412385,-0.7632544633328967,0.4724689440444535,-0.02419907641072863,-0.7632544633328967,-1.1592137251717594,-0.7632544633328967,1
-1.1720589259254304,-0.016717988718406615,2.596342301779915,1.3444522047557486,-0.3539946864708616,-0.4253073943407376,-0.3484023076996031,-0.28580754307836664,0.40929151737857733,-0.09867790226167053,-0.12377891748077521,-0.0952792403630034,-0.7863973222287248,-0.05558537264856827,-0.7863973222287248,-0.07447876978010413,-0.02971361355253427,-0.7863973222287248,-1.1592137251717594,-0.7863973222287248,0
-1.0350311516859334,-0.016717988718406615,-0.36701592034877634,-0.6870999664887717,-0.3539946864708616,0.6951511637468263,-0.3484023076996031,-0.28580754307836664,-0.9326478838626592,-0.09867790226167053,-0.12377891748077521,-0.0952792403630034,-0.7863973222287248,-0.05558537264856827,-0.7863973222287248,-0.07447876978010413,-0.02971361355253427,-0.7863973222287248,0.8568101446921702,-0.7863973222287248,0
1.7663102445605678,-0.23222847887405004,-0.38303407290082336,-0.3968782277395545,-0.3539946864708616,0.6951511637468263,-0.3484023076996031,-0.28580754307836664,0.40929151737857733,-0.09821869463537178,-0.12336832183053278,-0.08155505790154216,0.7977615683382211,-0.055289457819433376,0.7977615683382211,-0.07350603550867242,-0.029700186627538885,0.7977615683382211,0.8568101446921702,0.7977615683382211,0
0.26813697611571896,-0.23222847887405004,-0.38303407290082336,-0.3968782277395545,-0.3539946864708616,-0.4253073943407376,-0.3484023076996031,-0.28580754307836664,0.40929151737857733,-0.09821869463537178,-0.12336832183053278,-0.08281245149991366,0.9575383832050112,-0.055316569072150414,0.9575383832050112,-0.07359515589759111,-0.02970141678675474,0.9575383832050112,-1.1592137251717594,0.9575383832050112,0
1.0571429488939759,-0.23222847887405004,-0.38303407290082336,-0.3968782277395545,-0.3539946864708616,0.6951511637468263,-0.3484023076996031,-0.28580754307836664,0.40929151737857733,-0.10014736666582656,-0.125092823561551,-0.0952792403630034,-0.7863973222287248,-0.05558537264856827,-0.7863973222287248,-0.07447876978010413,-0.02971361355253427,-0.7863973222287248,0.8568101446921702,-0.7863973222287248,0
-1.0138696493219235,-0.07059561125731748,-0.38303407290082336,-0.3968782277395545,2.7306993844244825,-0.9855366733845196,2.629676529550024,2.702318323714529,-0.9326478838626592,-0.09904526836270953,-0.12139746270936912,-0.0952792403630034,-0.7863973222287248,-0.05558537264856827,-0.7863973222287248,-0.07447876978010413,-0.02971361355253427,-0.7863973222287248,0.8568101446921702,-0.7863973222287248,1
2.1180226725916693,-0.23222847887405004,-0.38303407290082336,-0.3968782277395545,-0.3539946864708616,0.6951511637468263,-0.3484023076996031,-0.28580754307836664,0.40929151737857733,-0.09821869463537178,-0.12336832183053278,-0.08152374614794458,0.7941524019286235,-0.055288782090450704,0.7941524019286235,-0.07350381424540704,-0.029700155993978877,0.7941524019286235,0.8568101446921702,0.7941524019286235,0
-0.9843032840019571,-0.11100382816150062,2.692451217092197,-0.3968782277395545,-0.3539946864708616,-0.4253073943407376,-0.3484023076996031,-0.28580754307836664,0.40929151737857733,-0.09932079293848879,-0.12435375139111461,-0.0952792403630034,-0.7863973222287248,-0.05558537264856827,-0.7863973222287248,-0.07447876978010413,-0.02971361355253427,-0.7863973222287248,-1.1592137251717594,-0.7863973222287248,0
0.7851098250405268,-0.23222847887405004,-0.38303407290082336,-0.3968782277395545,-0.3539946864708616,0.6951511637468263,-0.3484023076996031,-0.28580754307836664,0.40929151737857733,-0.09821869463537178,-0.12336832183053278,-0.08152792577116236,0.7946323965089476,-0.05528887212794465,0.7946323965089476,-0.07350411021758366,-0.02970016008307399,0.7946323965089476,0.8568101446921702,0.7946323965089476,1
-1.0038674756115968,-0.016717988718406615,2.596342301779915,1.3444522047557486,-0.3539946864708616,-0.4253073943407376,-0.3484023076996031,-0.28580754307836664,0.40929151737857733,-0.09867790226167053,-0.12377891748077521,-0.0952792403630034,-0.7863973222287248,-0.05558537264856827,-0.7863973222287248,-0.07447876978010413,-0.02971361355253427,-0.7863973222287248,-1.1592137251717594,-0.7863973222287248,0
-0.3563040864156897,-0.23222847887405004,-0.38303407290082336,-0.3968782277395545,-0.3539946864708616,0.6951511637468263,-0.3484023076996031,-0.28580754307836664,0.40929151737857733,-0.10014736666582656,-0.125092823561551,-0.0952792403630034,-0.7863973222287248,-0.05558537264856827,-0.7863973222287248,-0.07447876978010413,-0.02971361355253427,-0.7863973222287248,0.8568101446921702,-0.7863973222287248,1
0.6107028303002137,-0.23222847887405004,-0.38303407290082336,-0.3968782277395545,-0.3539946864708616,0.6951511637468263,-0.3484023076996031,-0.28580754307836664,0.40929151737857733,-0.09821869463537178,-0.12336832183053278,-0.08155144500689629,0.7973429541390127,-0.055289379574187204,0.7973429541390127,-0.07350577830009403,-0.029700183092897348,0.7973429541390127,0.8568101446921702,0.7973429541390127,1
0.9747954911019602,-0.23222847887405004,-0.38303407290082336,-0.3968782277395545,-0.3539946864708616,0.6951511637468263,-0.3484023076996031,-0.28580754307836664,0.40929151737857733,-0.09821869463537178,-0.12336832183053278,-0.08152824455598405,0.7946722937566726,-0.05528887961970422,0.7946722937566726,-0.07350413484457279,-0.029700160394954125,0.7946722937566726,0.8568101446921702,0.7946722937566726,0
0.0824420799502384,-0.23222847887405004,-0.38303407290082336,-0.3968782277395545,-0.3539946864708616,0.6951511637468263,-0.3484023076996031,-0.28580754307836664,0.40929151737857733,-0.09821869463537178,-0.12336832183053278,-0.08154567145957003,0.7966782046115307,-0.05528925530553455,0.7966782046115307,-0.07350536980290025,-0.02970017744440155,0.7966782046115307,0.8568101446921702,0.7966782046115307,1
0.11639173816767993,-0.07059561125731748,-0.38303407290082336,-0.3968782277395545,2.758000328469835,-0.9855366733845196,2.814816441420988,1.3637461028435032,-0.9326478838626592,-0.09904526836270953,-0.12139746270936912,-0.0952792403630034,-0.7863973222287248,-0.05558537264856827,-0.7863973222287248,-0.07447876978010413,-0.02971361355253427,-0.7863973222287248,0.8568101446921702,-0.7863973222287248,1
0.8036740857922736,-0.23222847887405004,-0.38303407290082336,-0.3968782277395545,-0.3539946864708616,0.6951511637468263,-0.3484023076996031,-0.28580754307836664,0.40929151737857733,-0.09821869463537178,-0.12336832183053278,-0.08156979284441161,0.7994618048951233,-0.05528977506453851,0.7994618048951233,-0.07350707836004661,-0.02970020104333183,0.7994618048951233,0.8568101446921702,0.7994618048951233,0
-0.18679646636591185,-0.23222847887405004,-0.38303407290082336,-0.3968782277395545,-0.3539946864708616,0.6951511637468263,-0.3484023076996031,-0.28580754307836664,0.40929151737857733,-0.09821869463537178,-0.12336832183053278,-0.08149509093452781,0.7908691653427499,-0.055288164697635915,0.7908691653427499,-0.073501784745393,-0.029700127959419998,0.7908691653427499,0.8568101446921702,0.7908691653427499,1
0.23982446392379095,-0.23222847887405004,-0.38303407290082336,-0.3968782277395545,-0.3539946864708616,-0.4253073943407376,-0.3484023076996031,-0.28580754307836664,0.40929151737857733,-0.09821869463537178,-0.12336832183053278,-0.08286207567049082,0.9645068978730658,-0.05531763890496335,0.9645068978730658,-0.07359867266302288,-0.029701465336095887,0.9645068978730658,-1.1592137251717594,0.9645068978730658,0
0.2665840748980171,-0.23222847887405004,-0.38303407290082336,-0.3968782277395545,-0.3539946864708616,0.6951511637468263,-0.3484023076996031,-0.28580754307836664,0.40929151737857733,-0.10014736666582656,-0.125092823561551,-0.0952792403630034,-0.7863973222287248,-0.05558537264856827,-0.7863973222287248,-0.07447876978010413,-0.02971361355253427,-0.7863973222287248,0.8568101446921702,-0.7863973222287248,1
-1.1606306330617622,0.14491487889832597,-0.4631248356610583,1.0542304660065314,-0.3539946864708616,-1.5457659524283016,-0.3484023076996031,-0.28580754307836664,-4.958466087586369,-0.0975758039585535,-0.12279348792019337,-0.0952792403630034,-0.7863973222287248,-0.05558537264856827,-0.7863973222287248,-0.07447876978010413,-0.02971361355253427,-0.7863973222287248,-1.1592137251717594,-0.7863973222287248,0
-0.8385225333416502,-0.23222847887405004,-0.38303407290082336,-0.3968782277395545,-0.3539946864708616,-0.4253073943407376,-0.3484023076996031,-0.28580754307836664,0.40929151737857733,-0.09821869463537178,-0.12336832183053278,-0.08155544752743536,0.7978051484088132,-0.055289465970358685,0.7978051484088132,-0.07350606230247797,-0.029700187008725717,0.7978051484088132,-1.1592137251717594,0.7978051484088132,1
-1.0929451270574528,4.897594737928434,-0.36701592034877634,-0.6870999664887717,-0.3539946864708616,-2.1059952314720833,-0.3484023076996031,-0.28580754307836664,0.40929151737857733,0.26698913056003254,0.36786831411951104,1.7473224609775617,-0.6802043524682369,1.066087629368409,-0.6802043524682369,2.4248675951763294,-0.026508827637567862,-0.6802043524682369,-1.1592137251717594,-0.6802043524682369,0
-0.486091315471082,0.46009899095506296,-0.38303407290082336,-0.3968782277395545,1.8378959928955392,-2.1059952314720833,1.813173568701622,1.4468032536334803,-0.9326478838626592,-0.0688294065522511,0.09268710932703415,-0.06473175566517139,2.0604830652751494,-0.03820949541300461,2.0604830652751494,-0.06700391993117993,-0.02963889892342885,2.0604830652751494,-1.1592137251717594,2.0604830652751494,1
0.6629807340704938,-0.23222847887405004,-0.38303407290082336,-0.3968782277395545,-0.3539946864708616,0.6951511637468263,-0.3484023076996031,-0.28580754307836664,0.40929151737857733,-0.09821869463537178,-0.12336832183053278,-0.08157230770244943,0.799755203116856,-0.05528982975938392,0.799755203116856,-0.07350725815350531,-0.02970020350371957,0.799755203116856,0.8568101446921702,0.799755203116856,0
-0.59090498483746,-0.23222847887405004,-0.38303407290082336,-0.3968782277395545,-0.3539946864708616,0.6951511637468263,-0.3484023076996031,-0.28580754307836664,0.40929151737857733,-0.09629002260491698,-0.12164382009951458,-0.07976646252861992,2.0166169621070704,-0.05525089264371961,2.0166169621070704,-0.07337926366621275,-0.029698436772056656,2.0166169621070704,0.8568101446921702,2.0166169621070704,1
-0.37409511983140825,-0.23222847887405004,-0.38303407290082336,-0.3968782277395545,-0.3539946864708616,0.6951511637468263,-0.3484023076996031,-0.28580754307836664,0.40929151737857733,-0.10014736666582656,-0.125092823561551,-0.0952792403630034,-0.7863973222287248,-0.05558537264856827,-0.7863973222287248,-0.07447876978010413,-0.02971361355253427,-0.7863973222287248,0.8568101446921702,-0.7863973222287248,1
-1.1487929845496085,-0.23222847887405004,-0.5432155984212932,2.505339159752617,-0.3539946864708616,-0.4253073943407376,-0.3484023076996031,-0.28580754307836664,0.40929151737857733,-0.10014736666582656,-0.125092823561551,-0.0952792403630034,-0.7863973222287248,-0.05558537264856827,-0.7863973222287248,-0.07447876978010413,-0.02971361355253427,-0.7863973222287248,-1.1592137251717594,-0.7863973222287248,1
0.2416427479372301,-0.515085997203332,-0.38303407290082336,-0.3968782277395545,3.3633101909105014,1.8156097218343903,3.275531719687265,3.013299748765373,-0.9326478838626592,-0.10207603869628136,-0.12410739400096915,-0.0952792403630034,-0.7863973222287248,-0.05558537264856827,-0.7863973222287248,-0.07447876978010413,-0.02971361355253427,-0.7863973222287248,0.8568101446921702,-0.7863973222287248,1
-1.131706057174942,-0.23222847887405004,-0.38303407290082336,-0.3968782277395545,-0.3539946864708616,-0.4253073943407376,-0.3484023076996031,-0.28580754307836664,0.40929151737857733,-0.10014736666582656,-0.125092823561551,-0.0952792403630034,-0.7863973222287248,-0.05558537264856827,-0.7863973222287248,-0.07447876978010413,-0.02971361355253427,-0.7863973222287248,-1.1592137251717594,-0.7863973222287248,1
-0.521571670137891,-0.515085997203332,-0.38303407290082336,-0.3968782277395545,1.9151097315886936,1.8156097218343903,1.8615930480804965,1.7461953088066533,-0.9326478838626592,-0.10207603869628136,-0.12410739400096915,-0.0952792403630034,-0.7863973222287248,-0.05558537264856827,-0.7863973222287248,-0.07447876978010413,-0.02971361355253427,-0.7863973222287248,0.8568101446921702,-0.7863973222287248,1
-1.1154675668355005,-0.016717988718406615,-0.38303407290082336,-0.3968782277395545,-0.3539946864708616,0.6951511637468263,-0.3484023076996031,-0.28580754307836664,-0.9326478838626592,-0.09867790226167053,-0.12377891748077521,-0.0952792403630034,-0.7863973222287248,-0.05558537264856827,-0.7863973222287248,-0.07447876978010413,-0.02971361355253427,-0.7863973222287248,-1.1592137251717594,-0.7863973222287248,1
-1.0963238332585137,-0.016717988718406615,-0.38303407290082336,-0.3968782277395545,-0.3539946864708616,0.6951511637468263,-0.3484023076996031,-0.28580754307836664,-0.9326478838626592,-0.09867790226167053,-0.12377891748077521,-0.0952792403630034,-0.7863973222287248,-0.05558537264856827,-0.7863973222287248,-0.07447876978010413,-0.02971361355253427,-0.7863973222287248,-1.1592137251717594,-0.7863973222287248,1
-0.9246666483774059,-0.23222847887405004,-0.38303407290082336,-0.3968782277395545,-0.3539946864708616,-0.4253073943407376,-0.3484023076996031,-0.28580754307836664,0.40929151737857733,-0.10014736666582656,-0.125092823561551,-0.0952792403630034,-0.7863973222287248,-0.05558537264856827,-0.7863973222287248,-0.07447876978010413,-0.02971361355253427,-0.7863973222287248,-1.1592137251717594,-0.7863973222287248,1
-0.13363180442795877,-0.23222847887405004,-0.38303407290082336,-0.3968782277395545,-0.3539946864708616,0.6951511637468263,-0.3484023076996031,-0.28580754307836664,0.40929151737857733,-0.10014736666582656,-0.125092823561551,-0.0952792403630034,-0.7863973222287248,-0.05558537264856827,-0.7863973222287248,-0.07447876978010413,-0.02971361355253427,-0.7863973222287248,0.8568101446921702,-0.7863973222287248,1
1.7862042844223993,-0.23222847887405004,-0.38303407290082336,-0.3968782277395545,-0.3539946864708616,0.6951511637468263,-0.3484023076996031,-0.28580754307836664,0.40929151737857733,-0.09821869463537178,-0.12336832183053278,-0.08155923752475995,0.798240335310923,-0.055289547197761586,0.798240335310923,-0.07350632931403264,-0.029700190716634,0.798240335310923,0.8568101446921702,0.798240335310923,0
-1.111643332702055,-0.23222847887405004,-0.38303407290082336,-0.3968782277395545,-0.3539946864708616,-0.4253073943407376,-0.3484023076996031,-0.28580754307836664,0.40929151737857733,-0.09821869463537178,-0.12336832183053278,-0.07968719136962514,0.6079850922011789,-0.0552491836042519,0.6079850922011789,-0.07337364569408769,-0.029698359217862874,0.6079850922011789,-1.1592137251717594,0.6079850922011789,1
0.6242398598727906,-0.23222847887405004,-0.38303407290082336,-0.3968782277395545,-0.3539946864708616,0.6951511637468263,-0.3484023076996031,-0.28580754307836664,0.40929151737857733,-0.10014736666582656,-0.125092823561551,-0.0952792403630034,-0.7863973222287248,-0.05558537264856827,-0.7863973222287248,-0.07447876978010413,-0.02971361355253427,-0.7863973222287248,0.8568101446921702,-0.7863973222287248,0
1.6377374730764918,-0.23222847887405004,-0.38303407290082336,-0.3968782277395545,-0.3539946864708616,0.6951511637468263,-0.3484023076996031,-0.28580754307836664,0.40929151737857733,-0.10014736666582656,-0.125092823561551,-0.0952792403630034,-0.7863973222287248,-0.05558537264856827,-0.7863973222287248,-0.07447876978010413,-0.02971361355253427,-0.7863973222287248,0.8568101446921702,-0.7863973222287248,0
-0.3756784630702136,0.44258872322169995,-0.38303407290082336,-0.3968782277395545,2.547095325615659,-2.1059952314720833,2.52598469784074,1.8920282131006827,-0.9326478838626592,-0.06942637646643948,0.059018266007154846,-0.0654771454193653,2.131687376388309,-0.041735466087389865,2.131687376388309,-0.06732461912166812,-0.02964801119466479,2.131687376388309,-1.1592137251717594,2.131687376388309,1
-0.5299027559603494,-0.23222847887405004,-0.38303407290082336,-0.3968782277395545,-0.3539946864708616,0.6951511637468263,-0.3484023076996031,-0.28580754307836664,0.40929151737857733,-0.09821869463537178,-0.12336832183053278,-0.07964684737941288,0.6043845190449374,-0.055248313232718525,0.6043845190449374,-0.07337078459982666,-0.029698319747699015,0.6043845190449374,0.8568101446921702,0.6043845190449374,1
1.232835313207705,-0.23222847887405004,-0.38303407290082336,-0.3968782277395545,-0.3539946864708616,0.6951511637468263,-0.3484023076996031,-0.28580754307836664,0.40929151737857733,-0.09821869463537178,-0.12336832183053278,-0.081493957477384,0.7907378113271624,-0.05528813993346101,0.7907378113271624,-0.07350170334034241,-0.029700126850512848,0.7907378113271624,0.8568101446921702,0.7907378113271624,0
0.17113150609166913,-0.23222847887405004,-0.38303407290082336,-0.3968782277395545,-0.3539946864708616,0.6951511637468263,-0.3484023076996031,-0.28580754307836664,0.40929151737857733,-0.09821869463537178,-0.12336832183053278,-0.0815123761559708,0.7928480688299169,-0.055288537124005326,0.7928480688299169,-0.07350300898918695,-0.02970014487025403,0.7928480688299169,0.8568101446921702,0.7928480688299169,1
-0.5573356728130995,-0.23222847887405004,-0.38303407290082336,-0.3968782277395545,-0.3539946864708616,0.6951511637468263,-0.3484023076996031,-0.28580754307836664,0.40929151737857733,-0.10014736666582656,-0.125092823561551,-0.0952792403630034,-0.7863973222287248,-0.05558537264856827,-0.7863973222287248,-0.07447876978010413,-0.02971361355253427,-0.7863973222287248,0.8568101446921702,-0.7863973222287248,1
2.1358946459693806,-0.23222847887405004,-0.38303407290082336,-0.3968782277395545,-0.3539946864708616,0.6951511637468263,-0.3484023076996031,-0.28580754307836664,0.40929151737857733,-0.09821869463537178,-0.12336832183053278,-0.08152381698901608,0.7941609951819798,-0.0552887836860864,0.7941609951819798,-0.07350381949059707,-0.029700156063285573,0.7941609951819798,0.8568101446921702,0.7941609951819798,0
0.6555457180927518,-0.23222847887405004,-0.38303407290082336,-0.3968782277395545,-0.3539946864708616,0.6951511637468263,-0.3484023076996031,-0.28580754307836664,0.40929151737857733,-0.10014736666582656,-0.125092823561551,-0.0952792403630034,-0.7863973222287248,-0.05558537264856827,-0.7863973222287248,-0.07447876978010413,-0.02971361355253427,-0.7863973222287248,0.8568101446921702,-0.7863973222287248,0
2.0865649624076155,-0.23222847887405004,-0.38303407290082336,-0.3968782277395545,-0.3539946864708616,0.6951511637468263,-0.3484023076996031,-0.28580754307836664,0.40929151737857733,-0.09821869463537178,-0.12336832183053278,-0.08156125649529734,0.7984772635820291,-0.055289591418690706,0.7984772635820291,-0.07350647467752593,-0.02970019269187486,0.7984772635820291,0.8568101446921702,0.7984772635820291,0
-0.18437901174887142,1.9094070170476565,-0.39905222545287033,-0.10665648899033735,-0.3539946864708616,-0.4253073943407376,-0.3484023076996031,-0.28580754307836664,0.40929151737857733,-0.08554456414952598,-0.1120358818838417,-0.0952792403630034,-0.7299875243758606,-0.05558537264856827,-0.7299875243758606,-0.07447876978010413,-0.02971361355253427,-0.7299875243758606,-1.1592137251717594,-0.7299875243758606,0
-1.066083445777174,-0.016717988718406615,2.596342301779915,1.3444522047557486,-0.3539946864708616,-0.4253073943407376,-0.3484023076996031,-0.28580754307836664,0.40929151737857733,-0.09867790226167053,-0.12377891748077521,-0.0952792403630034,-0.7863973222287248,-0.05558537264856827,-0.7863973222287248,-0.07447876978010413,-0.02971361355253427,-0.7863973222287248,-1.1592137251717594,-0.7863973222287248,0
-0.13091709242837857,-0.23222847887405004,-0.38303407290082336,-0.3968782277395545,-0.3539946864708616,0.6951511637468263,-0.3484023076996031,-0.28580754307836664,0.40929151737857733,-0.09821869463537178,-0.12336832183053278,-0.08149498467292057,0.7908562754627154,-0.05528816227008761,0.7908562754627154,-0.07350177676553123,-0.029700127855459953,0.7908562754627154,0.8568101446921702,0.7908562754627154,1
-0.34642618777975015,-0.07059561125731748,-0.38303407290082336,-0.3968782277395545,2.2648119003528313,1.8156097218343903,2.3309586741708412,0.9523234721861749,-0.9326478838626592,-0.09904526836270953,-0.12410739400096915,-0.0952792403630034,-0.7863973222287248,-0.05558537264856827,-0.7863973222287248,-0.07447876978010413,-0.02971361355253427,-0.7863973222287248,0.8568101446921702,-0.7863973222287248,1
-0.5376443409976748,-0.23222847887405004,-0.38303407290082336,-0.3968782277395545,-0.3539946864708616,0.6951511637468263,-0.3484023076996031,-0.28580754307836664,0.40929151737857733,-0.09821869463537178,-0.12336832183053278,-0.07975700524557632,0.6142563257397603,-0.055250688811489305,0.6142563257397603,-0.07337859362680778,-0.029698427519612627,0.6142563257397603,0.8568101446921702,0.6142563257397603,1
-0.31679643142760366,-0.515085997203332,-0.38303407290082336,-0.3968782277395545,1.1055637991904255,1.8156097218343903,1.0374508190238267,1.3280122123873501,-0.9326478838626592,-0.10207603869628136,-0.12410739400096915,-0.0952792403630034,-0.7863973222287248,-0.05558537264856827,-0.7863973222287248,-0.07447876978010413,-0.02971361355253427,-0.7863973222287248,0.8568101446921702,-0.7863973222287248,1
-0.8018689073673708,-0.23222847887405004,-0.38303407290082336,-0.3968782277395545,-0.3539946864708616,-0.4253073943407376,-0.3484023076996031,-0.28580754307836664,0.40929151737857733,-0.10014736666582656,-0.125092823561551,-0.0952792403630034,-0.7863973222287248,-0.05558537264856827,-0.7863973222287248,-0.07447876978010413,-0.02971361355253427,-0.7863973222287248,-1.1592137251717594,-0.7863973222287248,1
-0.11419188789270626,-0.23222847887405004,-0.38303407290082336,-0.3968782277395545,-0.3539946864708616,0.6951511637468263,-0.3484023076996031,-0.28580754307836664,0.40929151737857733,-0.10014736666582656,-0.125092823561551,-0.0952792403630034,-0.7863973222287248,-0.05558537264856827,-0.7863973222287248,-0.07447876978010413,-0.02971361355253427,-0.7863973222287248,0.8568101446921702,-0.7863973222287248,1
-1.0416481726495541,-0.016717988718406615,2.596342301779915,1.3444522047557486,-0.3539946864708616,-0.4253073943407376,-0.3484023076996031,-0.28580754307836664,0.40929151737857733,-0.09867790226167053,-0.12377891748077521,-0.0952792403630034,-0.7863973222287248,-0.05558537264856827,-0.7863973222287248,-0.07447876978010413,-0.02971361355253427,-0.7863973222287248,-1.1592137251717594,-0.7863973222287248,0
-0.9346125938840473,-0.016717988718406615,2.596342301779915,1.3444522047557486,-0.3539946864708616,-0.4253073943407376,-0.3484023076996031,-0.28580754307836664,0.40929151737857733,-0.09867790226167053,-0.12377891748077521,-0.0952792403630034,-0.7863973222287248,-0.05558537264856827,-0.7863973222287248,-0.07447876978010413,-0.02971361355253427,-0.7863973222287248,-1.1592137251717594,-0.7863973222287248,0
-1.0078073894252355,-0.016717988718406615,2.596342301779915,1.3444522047557486,-0.3539946864708616,-0.4253073943407376,-0.3484023076996031,-0.28580754307836664,0.40929151737857733,-0.09867790226167053,-0.12377891748077521,-0.0952792403630034,-0.7863973222287248,-0.05558537264856827,-0.7863973222287248,-0.07447876978010413,-0.02971361355253427,-0.7863973222287248,-1.1592137251717594,-0.7863973222287248,0
1.515035355826864,-0.23222847887405004,-0.38303407290082336,-0.3968782277395545,-0.3539946864708616,0.6951511637468263,-0.3484023076996031,-0.28580754307836664,0.40929151737857733,-0.09821869463537178,-0.12336832183053278,-0.08153242417920184,0.7951516745331857,-0.05528896948217829,0.7951516745331857,-0.0735044302414223,-0.02970016448404924,0.7951516745331857,0.8568101446921702,0.7951516745331857,0
-0.4277239330558331,-0.23222847887405004,-0.38303407290082336,-0.3968782277395545,-0.3539946864708616,0.6951511637468263,-0.3484023076996031,-0.28580754307836664,0.40929151737857733,-0.10014736666582656,-0.125092823561551,-0.0952792403630034,-0.7863973222287248,-0.05558537264856827,-0.7863973222287248,-0.07447876978010413,-0.02971361355253427,-0.7863973222287248,0.8568101446921702,-0.7863973222287248,1
-1.1148153913010368,-0.016717988718406615,-0.36701592034877634,-0.6870999664887717,-0.3539946864708616,0.6951511637468263,-0.3484023076996031,-0.28580754307836664,-0.9326478838626592,-0.09867790226167053,-0.12377891748077521,-0.0952792403630034,-0.7863973222287248,-0.05558537264856827,-0.7863973222287248,-0.07447876978010413,-0.02971361355253427,-0.7863973222287248,0.8568101446921702,-0.7863973222287248,0
-1.1488692686730795,4.91173745221203,-0.36701592034877634,-0.6870999664887717,-0.3539946864708616,-2.1059952314720833,-0.3484023076996031,-0.28580754307836664,0.40929151737857733,0.08293871393948928,0.11485927444012539,2.056898262163771,-0.7459893897326991,1.176892608598855,-0.7459893897326991,2.852853994901945,-0.02602887879649056,-0.7459893897326991,-1.1592137251717594,-0.7459893897326991,0
0.033964414837945774,-0.23222847887405004,-0.38303407290082336,-0.3968782277395545,-0.3539946864708616,0.6951511637468263,-0.3484023076996031,-0.28580754307836664,0.40929151737857733,-0.10014736666582656,-0.125092823561551,-0.0952792403630034,-0.7863973222287248,-0.05558537264856827,-0.7863973222287248,-0.07447876978010413,-0.02971361355253427,-0.7863973222287248,0.8568101446921702,-0.7863973222287248,1
-1.0675034765262947,0.14491487889832597,-0.4631248356610583,1.0542304660065314,-0.3539946864708616,-1.5457659524283016,-0.3484023076996031,-0.28580754307836664,-4.958466087586369,-0.0975758039585535,-0.12279348792019337,-0.0952792403630034,-0.7863973222287248,-0.05558537264856827,-0.7863973222287248,-0.07447876978010413,-0.02971361355253427,-0.7863973222287248,-1.1592137251717594,-0.7863973222287248,0
-0.29026746353091437,-0.07059561125731748,-0.36701592034877634,-0.6870999664887717,1.9084407986921186,-2.1059952314720833,1.9653972219693139,0.7920038555450565,-0.9326478838626592,-0.09904526836270953,-0.12139746270936912,-0.0952792403630034,-0.7858166638233713,-0.05558537264856827,-0.7858166638233713,-0.07447876978010413,0.006917835330391522,-0.7858166638233713,0.8568101446921702,-0.7858166638233713,0
-0.05117368093569639,-0.23222847887405004,-0.38303407290082336,-0.3968782277395545,-0.3539946864708616,0.6951511637468263,-0.3484023076996031,-0.28580754307836664,0.40929151737857733,-0.09821869463537178,-0.12336832183053278,-0.08155282640779031,0.797501929326102,-0.05528940929801605,0.797501929326102,-0.07350587600857007,-0.029700184444377935,0.797501929326102,0.8568101446921702,0.797501929326102,1
-1.0342686685926477,-0.515085997203332,-0.38303407290082336,-0.3968782277395545,1.303756148710506,1.8156097218343903,1.2662918387332647,1.1976318012635492,-0.9326478838626592,-0.10207603869628136,-0.12410739400096915,-0.0952792403630034,-0.7863973222287248,-0.05558537264856827,-0.7863973222287248,-0.07447876978010413,-0.02971361355253427,-0.7863973222287248,0.8568101446921702,-0.7863973222287248,1
1.2861521852511755,-0.23222847887405004,-0.38303407290082336,-0.3968782277395545,-0.3539946864708616,0.6951511637468263,-0.3484023076996031,-0.28580754307836664,0.40929151737857733,-0.09821869463537178,-0.12336832183053278,-0.08157616854084553,0.8001983694685108,-0.05528991227102351,0.8001983694685108,-0.07350752938661606,-0.029700207280934546,0.8001983694685108,0.8568101446921702,0.8001983694685108,0
2.24480688580056,-0.23222847887405004,-0.38303407290082336,-0.3968782277395545,-0.3539946864708616,0.6951511637468263,-0.3484023076996031,-0.28580754307836664,0.40929151737857733,-0.10014736666582656,-0.125092823561551,-0.0952792403630034,-0.7863973222287248,-0.05558537264856827,-0.7863973222287248,-0.07447876978010413,-0.02971361355253427,-0.7863973222287248,0.8568101446921702,-0.7863973222287248,0
0.40653714829484533,-0.23222847887405004,-0.38303407290082336,-0.3968782277395545,-0.3539946864708616,0.6951511637468263,-0.3484023076996031,-0.28580754307836664,0.40929151737857733,-0.10014736666582656,-0.125092823561551,-0.0952792403630034,-0.7863973222287248,-0.05558537264856827,-0.7863973222287248,-0.07447876978010413,-0.02971361355253427,-0.7863973222287248,0.8568101446921702,-0.7863973222287248,1
-1.0677939292217644,-0.0032485830836789004,-0.38303407290082336,-0.3968782277395545,1.425151567843468,-2.1059952314720833,1.390205262758552,1.2575102122981836,-0.9326478838626592,-0.09858606073641078,-0.12098686705912669,-0.0952792403630034,-0.785217591303683,-0.05558537264856827,-0.785217591303683,-0.07447876978010413,-0.011683775007895563,-0.785217591303683,0.8568101446921702,-0.785217591303683,1
-0.49548751389073714,-0.23222847887405004,-0.38303407290082336,-0.3968782277395545,-0.3539946864708616,0.6951511637468263,-0.3484023076996031,-0.28580754307836664,0.40929151737857733,-0.09821869463537178,-0.12336832183053278,-0.07973791357681036,0.6125333784418452,-0.055250276637425856,0.6125333784418452,-0.07337723872398494,-0.029698408841457823,0.6125333784418452,0.8568101446921702,0.6125333784418452,1
-0.42426213804423124,-0.016717988718406615,-0.5592337509733402,2.7955608985018343,-0.3539946864708616,1.8156097218343903,-0.3484023076996031,-0.28580754307836664,-0.9326478838626592,-0.09188162939244887,-0.11105045232325986,-0.0719281459122526,1.0757220104164325,-0.054050937065836184,1.0757220104164325,-0.07156270009942119,-0.029656500260082597,1.0757220104164325,-1.1592137251717594,1.0757220104164325,0
-1.1038609195423086,-0.016717988718406615,2.596342301779915,1.3444522047557486,-0.3539946864708616,-0.4253073943407376,-0.3484023076996031,-0.28580754307836664,0.40929151737857733,-0.09867790226167053,-0.12377891748077521,-0.0952792403630034,-0.7863973222287248,-0.05558537264856827,-0.7863973222287248,-0.07447876978010413,-0.02971361355253427,-0.7863973222287248,-1.1592137251717594,-0.7863973222287248,0
1.4587025748456015,-0.23222847887405004,-0.38303407290082336,-0.3968782277395545,-0.3539946864708616,-0.4253073943407376,-0.3484023076996031,-0.28580754307836664,0.40929151737857733,-0.09821869463537178,-0.12336832183053278,-0.08153508071938263,0.7954555074197078,-0.055289026431825136,0.7954555074197078,-0.07350461744688742,-0.029700167083050375,0.7954555074197078,-1.1592137251717594,0.7954555074197078,0
-1.0836370314282855,-0.23222847887405004,-0.38303407290082336,-0.3968782277395545,-0.3539946864708616,-0.4253073943407376,-0.3484023076996031,-0.28580754307836664,0.40929151737857733,-0.10014736666582656,-0.125092823561551,-0.0952792403630034,-0.7863973222287248,-0.05558537264856827,-0.7863973222287248,-0.07447876978010413,-0.02971361355253427,-0.7863973222287248,-1.1592137251717594,-0.7863973222287248,1
-1.1647420966178545,0.14491487889832597,-0.4631248356610583,1.0542304660065314,-0.3539946864708616,-1.5457659524283016,-0.3484023076996031,-0.28580754307836664,-4.958466087586369,-0.0975758039585535,-0.12279348792019337,-0.0952792403630034,-0.7863973222287248,-0.05558537264856827,-0.7863973222287248,-0.07447876978010413,-0.02971361355253427,-0.7863973222287248,-1.1592137251717594,-0.7863973222287248,0
1.5786577473674217,-0.23222847887405004,-0.38303407290082336,-0.3968782277395545,-0.3539946864708616,0.6951511637468263,-0.3484023076996031,-0.28580754307836664,0.40929151737857733,-0.09821869463537178,-0.12336832183053278,-0.08152845707919854,0.7946956183014967,-0.05528888398838197,0.7946956183014967,-0.07350414920533528,-0.02970016060287422,0.7946956183014967,0.8568101446921702,0.7946956183014967,0
-0.9591621141261614,0.3963437481614949,-0.38303407290082336,-0.3968782277395545,2.0419236587001226,-2.1059952314720833,1.9633750627377133,2.046553144802966,-0.9326478838626592,-0.064788379440822,0.39771861789213575,-0.05404566339553302,1.8499569513019767,-0.006674298154739202,1.8499569513019767,-0.06505708417947088,-0.02958452400787667,1.8499569513019767,-1.1592137251717594,1.8499569513019767,1
-1.142073893279935,-0.016717988718406615,-0.38303407290082336,-0.3968782277395545,-0.3539946864708616,0.6951511637468263,-0.3484023076996031,-0.28580754307836664,-0.9326478838626592,-0.09867790226167053,-0.12377891748077521,-0.0952792403630034,-0.7863973222287248,-0.05558537264856827,-0.7863973222287248,-0.07447876978010413,-0.02971361355253427,-0.7863973222287248,-1.1592137251717594,-0.7863973222287248,1
0.11848579107817406,-0.23222847887405004,-0.38303407290082336,-0.3968782277395545,-0.3539946864708616,0.6951511637468263,-0.3484023076996031,-0.28580754307836664,0.40929151737857733,-0.10014736666582656,-0.125092823561551,-0.0952792403630034,-0.7863973222287248,-0.05558537264856827,-0.7863973222287248,-0.07447876978010413,-0.02971361355253427,-0.7863973222287248,0.8568101446921702,-0.7863973222287248,1
-0.6516099563320307,0.44124180286233566,-0.38303407290082336,-0.3968782277395545,2.117470164169133,-2.1059952314720833,2.094141359714535,1.6225753634448268,-0.9326478838626592,-0.06295154893562696,0.39936100049310547,-0.054138004732217276,1.8558734062377098,-0.006644420831194768,1.8558734062377098,-0.0646199549054193,-0.02958481308610926,1.8558734062377098,-1.1592137251717594,1.8558734062377098,1
1.4534278679419317,-0.23222847887405004,-0.38303407290082336,-0.3968782277395545,-0.3539946864708616,0.6951511637468263,-0.3484023076996031,-0.28580754307836664,0.40929151737857733,-0.09821869463537178,-0.12336832183053278,-0.08151474933186564,0.7931199839182589,-0.05528858824799083,0.7931199839182589,-0.07350317704447819,-0.029700147192028375,0.7931199839182589,0.8568101446921702,0.7931199839182589,0
-0.06851775385333103,0.8571097018345538,-0.38303407290082336,-0.3968782277395545,2.223339473902257,-2.1059952314720833,2.1812065488528827,1.8553285418213903,-0.9326478838626592,-0.06465061715293237,0.06328846076967612,-0.07379916487185084,2.250082152110768,-0.04211742861662903,2.250082152110768,-0.06708399850907823,-0.02965757402873699,2.250082152110768,-1.1592137251717594,2.250082152110768,1
1.1227014529767143,-0.23222847887405004,-0.38303407290082336,-0.3968782277395545,-0.3539946864708616,0.6951511637468263,-0.3484023076996031,-0.28580754307836664,0.40929151737857733,-0.10014736666582656,-0.125092823561551,-0.0952792403630034,-0.7863973222287248,-0.05558537264856827,-0.7863973222287248,-0.07447876978010413,-0.02971361355253427,-0.7863973222287248,0.8568101446921702,-0.7863973222287248,0
-1.1763587718709396,0.7948137007739382,-0.36701592034877634,-0.6870999664887717,-0.3539946864708616,-2.1059952314720833,-0.3484023076996031,-0.28580754307836664,0.40929151737857733,-0.06634968537023779,-0.08099485072551395,1.6731538072593726,-0.7495150788239795,0.2031554525644567,-0.7495150788239795,0.5064717921351397,-0.02509993390099221,-0.7495150788239795,0.8568101446921702,-0.7495150788239795,0
1.7103585260552356,-0.23222847887405004,-0.38303407290082336,-0.3968782277395545,-0.3539946864708616,0.6951511637468263,-0.3484023076996031,-0.28580754307836664,0.40929151737857733,-0.09821869463537178,-0.12336832183053278,-0.08152704025776877,0.7945305050762956,-0.055288853016684195,0.7945305050762956,-0.07350404739485163,-0.029700159216740282,0.7945305050762956,0.8568101446921702,0.7945305050762956,0
-1.0588636727957046,-0.016717988718406615,2.596342301779915,1.3444522047557486,-0.3539946864708616,-0.4253073943407376,-0.3484023076996031,-0.28580754307836664,0.40929151737857733,-0.09867790226167053,-0.12377891748077521,-0.0952792403630034,-0.7863973222287248,-0.05558537264856827,-0.7863973222287248,-0.07447876978010413,-0.02971361355253427,-0.7863973222287248,-1.1592137251717594,-0.7863973222287248,0
-0.11806339669421842,-0.23222847887405004,-0.38303407290082336,-0.3968782277395545,-0.3539946864708616,0.6951511637468263,-0.3484023076996031,-0.28580754307836664,0.40929151737857733,-0.09821869463537178,-0.12336832183053278,-0.0815326367024163,0.7951743852741984,-0.05528897374857172,0.7951743852741984,-0.07350444426595465,-0.02970016469196933,0.7951743852741984,0.8568101446921702,0.7951743852741984,1
0.7023046625076849,-0.23222847887405004,-0.38303407290082336,-0.3968782277395545,-0.3539946864708616,0.6951511637468263,-0.3484023076996031,-0.28580754307836664,0.40929151737857733,-0.09821869463537178,-0.12336832183053278,-0.08151800802115408,0.7934937904392532,-0.05528865844459603,0.7934937904392532,-0.07350340779548117,-0.02970015038013643,0.7934937904392532,0.8568101446921702,0.7934937904392532,1
0.34793589952923687,-0.23222847887405004,-0.38303407290082336,-0.3968782277395545,-0.3539946864708616,0.6951511637468263,-0.3484023076996031,-0.28580754307836664,0.40929151737857733,-0.09821869463537178,-0.12336832183053278,-0.0815470174399283,0.7968316555643197,-0.05528928398833612,0.7968316555643197,-0.07350546408930075,-0.029700178761228792,0.7968316555643197,0.8568101446921702,0.7968316555643197,1
-0.013356453472414924,-0.23222847887405004,-0.38303407290082336,-0.3968782277395545,-0.3539946864708616,0.6951511637468263,-0.3484023076996031,-0.28580754307836664,0.40929151737857733,-0.10014736666582656,-0.125092823561551,-0.0952792403630034,-0.7863973222287248,-0.05558537264856827,-0.7863973222287248,-0.07447876978010413,-0.02971361355253427,-0.7863973222287248,0.8568101446921702,-0.7863973222287248,1
-1.052036064674333,-0.07059561125731748,-0.38303407290082336,-0.3968782277395545,1.9448073233937528,-0.9855366733845196,1.8887798555275679,1.7877238842016419,-0.9326478838626592,-0.09904526836270953,-0.12139746270936912,-0.0952792403630034,-0.7863973222287248,-0.05558537264856827,-0.7863973222287248,-0.07447876978010413,-0.02971361355253427,-0.7863973222287248,0.8568101446921702,-0.7863973222287248,1
0.525435445472238,-0.23222847887405004,-0.38303407290082336,-0.3968782277395545,-0.3539946864708616,-0.4253073943407376,-0.3484023076996031,-0.28580754307836664,0.40929151737857733,-0.09821869463537178,-0.12336832183053278,-0.08160245057836746,0.8032508158213899,-0.055290479649069635,0.8032508158213899,-0.07350939447756784,-0.029700232993719083,0.8032508158213899,-1.1592137251717594,0.8032508158213899,0
2.0083798242540065,-0.23222847887405004,-0.38303407290082336,-0.3968782277395545,-0.3539946864708616,0.6951511637468263,-0.3484023076996031,-0.28580754307836664,0.40929151737857733,-0.09821869463537178,-0.12336832183053278,-0.08156982826494737,0.799467942933235,-0.055289776210123105,0.799467942933235,-0.07350708212582409,-0.02970020107798518,0.799467942933235,0.8568101446921702,0.799467942933235,0
1.5508323075131492,-0.23222847887405004,-0.38303407290082336,-0.3968782277395545,-0.3539946864708616,0.6951511637468263,-0.3484023076996031,-0.28580754307836664,0.40929151737857733,-0.09821869463537178,-0.12336832183053278,-0.08152817371491257,0.7946643143071278,-0.0552888780922581,0.7946643143071278,-0.07350412982353617,-0.02970016032564743,0.7946643143071278,0.8568101446921702,0.7946643143071278,0
1.8464594302874882,-0.23222847887405004,-0.38303407290082336,-0.3968782277395545,-0.3539946864708616,0.6951511637468263,-0.3484023076996031,-0.28580754307836664,0.40929151737857733,-0.09821869463537178,-0.12336832183053278,-0.08155647472297191,0.7979217711329328,-0.05528948775010388,0.7979217711329328,-0.07350613389708054,-0.029700188013672822,0.7979217711329328,0.8568101446921702,0.7979217711329328,0
1.1361972962854452,-0.23222847887405004,-0.38303407290082336,-0.3968782277395545,-0.3539946864708616,0.6951511637468263,-0.3484023076996031,-0.28580754307836664,0.40929151737857733,-0.10014736666582656,-0.125092823561551,-0.0952792403630034,-0.7863973222287248,-0.05558537264856827,-0.7863973222287248,-0.07447876978010413,-0.02971361355253427,-0.7863973222287248,0.8568101446921702,-0.7863973222287248,0
-0.9007073452032743,0.18279758224599765,-0.38303407290082336,-0.3968782277395545,2.258663977838802,-2.1059952314720833,2.2436688006734267,1.6457541032001695,-0.9326478838626592,-0.06400772647611411,0.3984166304975479,-0.03136107716587455,1.5945973793543424,-0.0011989340363310107,1.5945973793543424,-0.06329155767166146,-0.02955281248615658,1.5945973793543424,-1.1592137251717594,1.5945973793543424,1
-0.9664130454115837,-0.23222847887405004,-0.38303407290082336,-0.3968782277395545,-0.3539946864708616,-0.4253073943407376,-0.3484023076996031,-0.28580754307836664,0.40929151737857733,-0.10014736666582656,-0.125092823561551,-0.0952792403630034,-0.7863973222287248,-0.05558537264856827,-0.7863973222287248,-0.07447876978010413,-0.02971361355253427,-0.7863973222287248,-1.1592137251717594,-0.7863973222287248,1
-1.1653659789797635,3.009087721281103,-0.36701592034877634,-0.6870999664887717,-0.3539946864708616,-2.1059952314720833,-0.3484023076996031,-0.28580754307836664,-0.9326478838626592,0.4025472218434266,0.6107767008029329,0.06258158651882813,1.9680871775818276,0.01404117495670608,1.9680871775818276,0.06492806527434712,-0.02935067565825318,1.9680871775818276,0.8568101446921702,1.9680871775818276,0
-1.1805128542565768,-0.016717988718406615,2.596342301779915,1.3444522047557486,-0.3539946864708616,-0.4253073943407376,-0.3484023076996031,-0.28580754307836664,0.40929151737857733,-0.09867790226167053,-0.12377891748077521,-0.0952792403630034,-0.7863973222287248,-0.05558537264856827,-0.7863973222287248,-0.07447876978010413,-0.02971361355253427,-0.7863973222287248,-1.1592137251717594,-0.7863973222287248,0
-1.0487816335476594,-0.23222847887405004,-0.38303407290082336,-0.3968782277395545,-0.3539946864708616,-0.4253073943407376,-0.3484023076996031,-0.28580754307836664,0.40929151737857733,-0.09821869463537178,-0.12336832183053278,-0.07981187165544355,0.619222612375824,-0.05525187129345401,0.619222612375824,-0.07338248069369044,-0.02969848119764934,0.619222612375824,-1.1592137251717594,0.619222612375824,1
-0.9962125607990602,-0.23222847887405004,-0.38303407290082336,-0.3968782277395545,-0.3539946864708616,-0.4253073943407376,-0.3484023076996031,-0.28580754307836664,0.40929151737857733,-0.09821869463537178,-0.12336832183053278,-0.08239498506563646,0.9010328319576063,-0.055307567879864704,0.9010328319576063,-0.07356556708568314,-0.029701008362390164,0.9010328319576063,-1.1592137251717594,0.9010328319576063,1
0.8722069544075336,-0.23222847887405004,-0.38303407290082336,-0.3968782277395545,-0.3539946864708616,0.6951511637468263,-0.3484023076996031,-0.28580754307836664,0.40929151737857733,-0.10014736666582656,-0.125092823561551,-0.0952792403630034,-0.7863973222287248,-0.05558537264856827,-0.7863973222287248,-0.07447876978010413,-0.02971361355253427,-0.7863973222287248,0.8568101446921702,-0.7863973222287248,1
0.9960920127830998,-0.23222847887405004,-0.38303407290082336,-0.3968782277395545,-0.3539946864708616,0.6951511637468263,-0.3484023076996031,-0.28580754307836664,0.40929151737857733,-0.09821869463537178,-0.12336832183053278,-0.0815390123988502,0.7959078808285299,-0.0552891111278036,0.7959078808285299,-0.07350489586037944,-0.029700170929572046,0.7959078808285299,0.8568101446921702,0.7959078808285299,0
2.2721273462459397,-0.23222847887405004,-0.38303407290082336,-0.3968782277395545,-0.3539946864708616,0.6951511637468263,-0.3484023076996031,-0.28580754307836664,0.40929151737857733,-0.10014736666582656,-0.125092823561551,-0.0952792403630034,-0.7863973222287248,-0.05558537264856827,-0.7863973222287248,-0.07447876978010413,-0.02971361355253427,-0.7863973222287248,0.8568101446921702,-0.7863973222287248,0
2.2130404577083747,-0.23222847887405004,-0.38303407290082336,-0.3968782277395545,-0.3539946864708616,0.6951511637468263,-0.3484023076996031,-0.28580754307836664,0.40929151737857733,-0.10014736666582656,-0.125092823561551,-0.0952792403630034,-0.7863973222287248,-0.05558537264856827,-0.7863973222287248,-0.07447876978010413,-0.02971361355253427,-0.7863973222287248,0.8568101446921702,-0.7863973222287248,0
-0.10607998462219283,-0.23222847887405004,-0.38303407290082336,-0.3968782277395545,-0.3539946864708616,0.6951511637468263,-0.3484023076996031,-0.28580754307836664,0.40929151737857733,-0.10014736666582656,-0.125092823561551,-0.0952792403630034,-0.7863973222287248,-0.05558537264856827,-0.7863973222287248,-0.07447876978010413,-0.02971361355253427,-0.7863973222287248,0.8568101446921702,-0.7863973222287248,1
0.22746428707293181,-0.23222847887405004,-0.38303407290082336,-0.3968782277395545,-0.3539946864708616,-0.4253073943407376,-0.3484023076996031,-0.28580754307836664,0.40929151737857733,-0.09821869463537178,-0.12336832183053278,-0.08293064982769094,0.9742295502417776,-0.05531911740462341,0.9742295502417776,-0.07360353280231986,-0.029701532424978444,0.9742295502417776,-1.1592137251717594,0.9742295502417776,0
-0.4694767766356564,-0.23222847887405004,-0.38303407290082336,-0.3968782277395545,-0.3539946864708616,0.6951511637468263,-0.3484023076996031,-0.28580754307836664,0.40929151737857733,-0.09629002260491698,-0.12164382009951458,-0.0797040161241035,2.0053788281286145,-0.055249546179502985,2.0053788281286145,-0.07337483755518415,-0.029698375678203378,2.0053788281286145,0.8568101446921702,2.0053788281286145,1
-0.6149319767408686,0.6747115364493644,-0.36701592034877634,-0.6870999664887717,-0.3539946864708616,-2.1059952314720833,-0.3484023076996031,-0.28580754307836664,0.40929151737857733,-0.07773803450244705,-0.09684384282487177,0.8084211106756165,-0.7382812414722012,0.057614454199186406,-0.7382812414722012,0.19545465976646414,-0.02750329664367494,-0.7382812414722012,0.8568101446921702,-0.7382812414722012,0
1.9391804544472928,-0.23222847887405004,-0.38303407290082336,-0.3968782277395545,-0.3539946864708616,0.6951511637468263,-0.3484023076996031,-0.28580754307836664,0.40929151737857733,-0.10014736666582656,-0.125092823561551,-0.0952792403630034,-0.7863973222287248,-0.05558537264856827,-0.7863973222287248,-0.07447876978010413,-0.02971361355253427,-0.7863973222287248,0.8568101446921702,-0.7863973222287248,0
2.2607033510793686,-0.23222847887405004,-0.38303407290082336,-0.3968782277395545,-0.3539946864708616,0.6951511637468263,-0.3484023076996031,-0.28580754307836664,0.40929151737857733,-0.10014736666582656,-0.125092823561551,-0.0952792403630034,-0.7863973222287248,-0.05558537264856827,-0.7863973222287248,-0.07447876978010413,-0.02971361355253427,-0.7863973222287248,0.8568101446921702,-0.7863973222287248,0
0.3732457540160883,-0.23222847887405004,-0.38303407290082336,-0.3968782277395545,-0.3539946864708616,0.6951511637468263,-0.3484023076996031,-0.28580754307836664,0.40929151737857733,-0.10014736666582656,-0.125092823561551,-0.0952792403630034,-0.7863973222287248,-0.05558537264856827,-0.7863973222287248,-0.07447876978010413,-0.02971361355253427,-0.7863973222287248,0.8568101446921702,-0.7863973222287248,1
-0.2087236750960304,-0.23222847887405004,-0.38303407290082336,-0.3968782277395545,-0.3539946864708616,0.6951511637468263,-0.3484023076996031,-0.28580754307836664,0.40929151737857733,-0.09821869463537178,-0.12336832183053278,-0.0875079394002635,2.011234516487043,-0.05541781087438857,2.011234516487043,-0.07392795899173302,-0.029706010573235776,2.011234516487043,0.8568101446921702,2.011234516487043,1
0.37818738939474367,-0.23222847887405004,-0.38303407290082336,-0.3968782277395545,-0.3539946864708616,0.6951511637468263,-0.3484023076996031,-0.28580754307836664,0.40929151737857733,-0.10014736666582656,-0.125092823561551,-0.0952792403630034,-0.7863973222287248,-0.05558537264856827,-0.7863973222287248,-0.07447876978010413,-0.02971361355253427,-0.7863973222287248,0.8568101446921702,-0.7863973222287248,1
1.0134518439234232,-0.23222847887405004,-0.38303407290082336,-0.3968782277395545,-0.3539946864708616,0.6951511637468263,-0.3484023076996031,-0.28580754307836664,0.40929151737857733,-0.09821869463537178,-0.12336832183053278,-0.08153178660955845,0.7950792456834692,-0.05528895592154795,0.7950792456834692,-0.07350438566477871,-0.02970016386028897,0.7950792456834692,0.8568101446921702,0.7950792456834692,0
1.8869992488616942,-0.23222847887405004,-0.38303407290082336,-0.3968782277395545,-0.3539946864708616,0.6951511637468263,-0.3484023076996031,-0.28580754307836664,0.40929151737857733,-0.09821869463537178,-0.12336832183053278,-0.08156575490333681,0.798995313998645,-0.055289688079663835,0.798995313998645,-0.07350679242247146,-0.02970019709285011,0.798995313998645,0.8568101446921702,0.798995313998645,0
0.06726297194519774,-0.23222847887405004,-0.38303407290082336,-0.3968782277395545,-0.3539946864708616,0.6951511637468263,-0.3484023076996031,-0.28580754307836664,0.40929151737857733,-0.10014736666582656,-0.125092823561551,-0.0952792403630034,-0.7863973222287248,-0.05558537264856827,-0.7863973222287248,-0.07447876978010413,-0.02971361355253427,-0.7863973222287248,0.8568101446921702,-0.7863973222287248,1
-0.93650358060671,-0.07059561125731748,-0.38303407290082336,-0.3968782277395545,4.745342331649107,1.8156097218343903,5.0104319982208185,0.9078975543217686,-0.9326478838626592,-0.09904526836270953,-0.12410739400096915,-0.0952792403630034,-0.7863973222287248,-0.05558537264856827,-0.7863973222287248,-0.07447876978010413,-0.02971361355253427,-0.7863973222287248,0.8568101446921702,-0.7863973222287248,1
-0.5216569077969807,-0.23222847887405004,-0.38303407290082336,-0.3968782277395545,-0.3539946864708616,0.6951511637468263,-0.3484023076996031,-0.28580754307836664,0.40929151737857733,-0.09821869463537178,-0.12336832183053278,-0.08751491724580504,2.01375479493565,-0.05541796169378258,2.01375479493565,-0.073928454766797,-0.029706017399945415,2.01375479493565,0.8568101446921702,2.01375479493565,1
0.09815768380954966,-0.23222847887405004,-0.38303407290082336,-0.3968782277395545,-0.3539946864708616,0.6951511637468263,-0.3484023076996031,-0.28580754307836664,0.40929151737857733,-0.10014736666582656,-0.125092823561551,-0.0952792403630034,-0.7863973222287248,-0.05558537264856827,-0.7863973222287248,-0.07447876978010413,-0.02971361355253427,-0.7863973222287248,0.8568101446921702,-0.7863973222287248,1
-0.9220070901572367,-0.23222847887405004,-0.38303407290082336,-0.3968782277395545,-0.3539946864708616,-0.4253073943407376,-0.3484023076996031,-0.28580754307836664,0.40929151737857733,-0.09821869463537178,-0.12336832183053278,-0.08190384391701201,0.8390687234175905,-0.055296977752654866,0.8390687234175905,-0.07353075511054165,-0.029700527859060858,0.8390687234175905,-1.1592137251717594,0.8390687234175905,1
-1.1736673390639678,-0.016717988718406615,-0.38303407290082336,-0.3968782277395545,-0.3539946864708616,0.6951511637468263,-0.3484023076996031,-0.28580754307836664,-0.9326478838626592,-0.09867790226167053,-0.12377891748077521,-0.0952792403630034,-0.7863973222287248,-0.05558537264856827,-0.7863973222287248,-0.07447876978010413,-0.02971361355253427,-0.7863973222287248,-1.1592137251717594,-0.7863973222287248,1
1.4520504560223557,-0.23222847887405004,-0.38303407290082336,-0.3968782277395545,-0.3539946864708616,0.6951511637468263,-0.3484023076996031,-0.28580754307836664,0.40929151737857733,-0.10014736666582656,-0.125092823561551,-0.0952792403630034,-0.7863973222287248,-0.05558537264856827,-0.7863973222287248,-0.07447876978010413,-0.02971361355253427,-0.7863973222287248,0.8568101446921702,-0.7863973222287248,0
1.8466084171201826,-0.23222847887405004,-0.38303407290082336,-0.3968782277395545,-0.3539946864708616,0.6951511637468263,-0.3484023076996031,-0.28580754307836664,0.40929151737857733,-0.09821869463537178,-0.12336832183053278,-0.08154439632028326,0.7965284364816088,-0.055289227281898716,0.7965284364816088,-0.07350527768331615,-0.02970017619688101,0.7965284364816088,0.8568101446921702,0.7965284364816088,0
1.5376741915679544,-0.23222847887405004,-0.38303407290082336,-0.3968782277395545,-0.3539946864708616,0.6951511637468263,-0.3484023076996031,-0.28580754307836664,0.40929151737857733,-0.10014736666582656,-0.125092823561551,-0.0952792403630034,-0.7863973222287248,-0.05558537264856827,-0.7863973222287248,-0.07447876978010413,-0.02971361355253427,-0.7863973222287248,0.8568101446921702,-0.7863973222287248,0
-1.1816768138870037,0.14491487889832597,-0.4631248356610583,1.0542304660065314,-0.3539946864708616,-1.5457659524283016,-0.3484023076996031,-0.28580754307836664,-4.958466087586369,-0.0975758039585535,-0.12279348792019337,-0.0952792403630034,-0.7863973222287248,-0.05558537264856827,-0.7863973222287248,-0.07447876978010413,-0.02971361355253427,-0.7863973222287248,-1.1592137251717594,-0.7863973222287248,0
-0.3226022620641729,-0.23222847887405004,-0.38303407290082336,-0.3968782277395545,-0.3539946864708616,0.6951511637468263,-0.3484023076996031,-0.28580754307836664,0.40929151737857733,-0.09821869463537178,-0.12336832183053278,-0.08152048745865614,0.7937798230152517,-0.055288712134781946,0.7937798230152517,-0.07350358428641281,-0.029700152805870822,0.7937798230152517,0.8568101446921702,0.7937798230152517,1
-1.0602367870181835,-0.016717988718406615,2.596342301779915,1.3444522047557486,-0.3539946864708616,-0.4253073943407376,-0.3484023076996031,-0.28580754307836664,0.40929151737857733,-0.09867790226167053,-0.12377891748077521,-0.0952792403630034,-0.7863973222287248,-0.05558537264856827,-0.7863973222287248,-0.07447876978010413,-0.02971361355253427,-0.7863973222287248,-1.1592137251717594,-0.7863973222287248,0
-0.7121620014382346,0.14491487889832597,-0.4631248356610583,1.0542304660065314,-0.3539946864708616,-1.5457659524283016,-0.3484023076996031,-0.28580754307836664,-4.958466087586369,-0.0975758039585535,-0.12279348792019337,-0.0952792403630034,-0.7863973222287248,-0.05558537264856827,-0.7863973222287248,-0.07447876978010413,-0.02971361355253427,-0.7863973222287248,-1.1592137251717594,-0.7863973222287248,0
-0.6382391043805363,-0.23222847887405004,-0.38303407290082336,-0.3968782277395545,-0.3539946864708616,0.6951511637468263,-0.3484023076996031,-0.28580754307836664,0.40929151737857733,-0.09821869463537178,-0.12336832183053278,-0.07983886210368037,0.6216815104433151,-0.055252453691387024,0.6216815104433151,-0.073384395158169,-0.029698507603500842,0.6216815104433151,0.8568101446921702,0.6216815104433151,1
0.5625636088343068,-0.23222847887405004,-0.38303407290082336,-0.3968782277395545,-0.3539946864708616,0.6951511637468263,-0.3484023076996031,-0.28580754307836664,0.40929151737857733,-0.10014736666582656,-0.125092823561551,-0.0952792403630034,-0.7863973222287248,-0.05558537264856827,-0.7863973222287248,-0.07447876978010413,-0.02971361355253427,-0.7863973222287248,0.8568101446921702,-0.7863973222287248,1
-0.9694361171778708,-0.06386090843995362,-0.38303407290082336,-0.3968782277395545,1.323971351553248,-2.1059952314720833,1.2537095146255293,1.4931607331441652,-0.9326478838626592,-0.08976927431147458,-0.10497363669967189,-0.06152796820713873,1.146086024112119,-0.05328089045788337,1.146086024112119,-0.0706626323546146,-0.0296365663025861,1.146086024112119,0.8568101446921702,1.146086024112119,1
1.3219183367749323,-0.23222847887405004,-0.38303407290082336,-0.3968782277395545,-0.3539946864708616,0.6951511637468263,-0.3484023076996031,-0.28580754307836664,0.40929151737857733,-0.09821869463537178,-0.12336832183053278,-0.08155994593547483,0.7983250402368623,-0.055289563013193335,0.7983250402368623,-0.07350638130268267,-0.02970019140970097,0.7983250402368623,0.8568101446921702,0.7983250402368623,0
-0.6585353370623582,-0.050391502805225905,-0.38303407290082336,-0.3968782277395545,1.1153587943822696,1.8156097218343903,1.0640759155732313,1.189905554678435,-0.9326478838626592,-0.08623337558897412,-0.07647829857284721,-0.06547328458096922,2.1313105008482585,-0.05171791506480733,2.1313105008482585,-0.07100811875911546,-0.029640712645032236,2.1313105008482585,0.8568101446921702,2.1313105008482585,1
0.14567481362067156,-0.23222847887405004,-0.38303407290082336,-0.3968782277395545,-0.3539946864708616,0.6951511637468263,-0.3484023076996031,-0.28580754307836664,0.40929151737857733,-0.10014736666582656,-0.125092823561551,-0.0952792403630034,-0.7863973222287248,-0.05558537264856827,-0.7863973222287248,-0.07447876978010413,-0.02971361355253427,-0.7863973222287248,0.8568101446921702,-0.7863973222287248,1
-0.7938314975132047,-0.016717988718406615,2.596342301779915,1.3444522047557486,-0.3539946864708616,-0.4253073943407376,-0.3484023076996031,-0.28580754307836664,0.40929151737857733,-0.09867790226167053,-0.12377891748077521,-0.0952792403630034,-0.7863973222287248,-0.05558537264856827,-0.7863973222287248,-0.07447876978010413,-0.02971361355253427,-0.7863973222287248,-1.1592137251717594,-0.7863973222287248,0
0.2974100236088177,-0.23222847887405004,-0.38303407290082336,-0.3968782277395545,-0.3539946864708616,-0.4253073943407376,-0.3484023076996031,-0.28580754307836664,0.40929151737857733,-0.10014736666582656,-0.125092823561551,-0.0952792403630034,-0.7863973222287248,-0.05558537264856827,-0.7863973222287248,-0.07447876978010413,-0.02971361355253427,-0.7863973222287248,-1.1592137251717594,-0.7863973222287248,0
0.08599341031802699,-0.23222847887405004,-0.38303407290082336,-0.3968782277395545,-0.3539946864708616,0.6951511637468263,-0.3484023076996031,-0.28580754307836664,0.40929151737857733,-0.09821869463537178,-0.12336832183053278,-0.08154188146224545,0.7962417901017989,-0.055289173662175346,0.7962417901017989,-0.07350510142400972,-0.029700173736493272,0.7962417901017989,0.8568101446921702,0.7962417901017989,1
-1.0249924475502825,0.14491487889832597,2.692451217092197,-0.3968782277395545,-0.3539946864708616,-2.1059952314720833,-0.3484023076996031,-0.28580754307836664,-2.2745872851038955,-0.0975758039585535,-0.11860541228772059,-0.0952792403630034,-0.7863973222287248,-0.05558537264856827,-0.7863973222287248,-0.07447876978010413,-0.02971361355253427,-0.7863973222287248,0.8568101446921702,-0.7863973222287248,0
-0.4153290164867735,-0.515085997203332,-0.38303407290082336,-0.3968782277395545,2.990579363237879,1.8156097218343903,3.02601973894369,1.7037009525885256,-0.9326478838626592,-0.10207603869628136,-0.12410739400096915,-0.0952792403630034,-0.7863973222287248,-0.05558537264856827,-0.7863973222287248,-0.07447876978010413,-0.02971361355253427,-0.7863973222287248,0.8568101446921702,-0.7863973222287248,1
-1.0454032854880235,-0.041411881089533226,-0.38303407290082336,-0.3968782277395545,0.9933381627902538,1.8156097218343903,0.9737528032284162,0.8354639925863234,-0.9326478838626592,-0.09238675778137752,-0.08740014286929587,-0.06082873141101907,0.4757760479048412,-0.049368778368500864,0.4757760479048412,-0.07038009174236626,-0.029612500557049823,0.4757760479048412,0.8568101446921702,0.4757760479048412,1
-0.03053470691039183,0.424405045818926,-0.38303407290082336,-0.3968782277395545,2.551367610752527,-2.1059952314720833,2.50284220885687,2.1305760764160815,-0.9326478838626592,-0.0636403603750751,0.3987451070177418,-0.05176284528737661,1.711656517983726,-0.0038725907136249096,1.711656517983726,-0.06422703610539605,-0.02957737720525688,1.711656517983726,-1.1592137251717594,1.711656517983726,1
0.01178364197910654,-0.23222847887405004,-0.38303407290082336,-0.3968782277395545,-0.3539946864708616,0.6951511637468263,-0.3484023076996031,-0.28580754307836664,0.40929151737857733,-0.09821869463537178,-0.12336832183053278,-0.08157312237477153,0.7998491150999629,-0.05528984724091392,0.7998491150999629,-0.07350731561897059,-0.029700204300746585,0.7998491150999629,0.8568101446921702,0.7998491150999629,1
-0.8232614109503424,-0.23222847887405004,-0.38303407290082336,-0.3968782277395545,-0.3539946864708616,-0.4253073943407376,-0.3484023076996031,-0.28580754307836664,0.40929151737857733,-0.10014736666582656,-0.125092823561551,-0.0952792403630034,-0.7863973222287248,-0.05558537264856827,-0.7863973222287248,-0.07447876978010413,-0.02971361355253427,-0.7863973222287248,-1.1592137251717594,-0.7863973222287248,1
1.4916601813164945,-0.23222847887405004,-0.38303407290082336,-0.3968782277395545,-0.3539946864708616,0.6951511637468263,-0.3484023076996031,-0.28580754307836664,0.40929151737857733,-0.09821869463537178,-0.12336832183053278,-0.08154429005867604,0.7965173880130078,-0.05528922519984417,0.7965173880130078,-0.07350527083916503,-0.02970017609292096,0.7965173880130078,0.8568101446921702,0.7965173880130078,0
-0.5678123839112156,0.6747115364493644,-0.36701592034877634,-0.6870999664887717,-0.3539946864708616,-2.1059952314720833,-0.3484023076996031,-0.28580754307836664,0.40929151737857733,-0.07773803450244705,-0.09684384282487177,0.9787049112178225,-0.7459102090410599,0.07894463666169894,-0.7459102090410599,0.24631810632049164,-0.027086807925120634,-0.7459102090410599,0.8568101446921702,-0.7459102090410599,0
-1.0308810088559683,-0.07059561125731748,-0.38303407290082336,-0.3968782277395545,1.7184804132162477,-0.9855366733845196,1.7034152592975371,1.283586294522944,-0.9326478838626592,-0.09904526836270953,-0.12139746270936912,-0.0952792403630034,-0.7863973222287248,-0.05558537264856827,-0.7863973222287248,-0.07447876978010413,-0.02971361355253427,-0.7863973222287248,0.8568101446921702,-0.7863973222287248,1
-0.7573050117447104,-0.23222847887405004,-0.38303407290082336,-0.3968782277395545,-0.3539946864708616,-0.4253073943407376,-0.3484023076996031,-0.28580754307836664,0.40929151737857733,-0.09821869463537178,-0.12336832183053278,-0.08754272236636397,2.0238181084195537,-0.05541856118911107,2.0238181084195537,-0.0739304254340099,-0.02970604460282393,2.0238181084195537,-1.1592137251717594,2.0238181084195537,1
1.7425232074117396,-0.23222847887405004,-0.38303407290082336,-0.3968782277395545,-0.3539946864708616,0.6951511637468263,-0.3484023076996031,-0.28580754307836664,0.40929151737857733,-0.10014736666582656,-0.125092823561551,-0.0952792403630034,-0.7863973222287248,-0.05558537264856827,-0.7863973222287248,-0.07447876978010413,-0.02971361355253427,-0.7863973222287248,0.8568101446921702,-0.7863973222287248,0
-0.8712212035624514,-0.016717988718406615,2.596342301779915,1.3444522047557486,-0.3539946864708616,-0.4253073943407376,-0.3484023076996031,-0.28580754307836664,0.40929151737857733,-0.09867790226167053,-0.12377891748077521,-0.0952792403630034,-0.7863973222287248,-0.05558537264856827,-0.7863973222287248,-0.07447876978010413,-0.02971361355253427,-0.7863973222287248,-1.1592137251717594,-0.7863973222287248,0
2.0935716412413607,-0.23222847887405004,-0.38303407290082336,-0.3968782277395545,-0.3539946864708616,0.6951511637468263,-0.3484023076996031,-0.28580754307836664,0.40929151737857733,-0.09821869463537178,-0.12336832183053278,-0.08152562343633903,0.7943703022815838,-0.05528882294736158,0.7943703022815838,-0.0735039485506649,-0.029700157830606342,0.7943703022815838,0.8568101446921702,0.7943703022815838,0
-0.4533331937737728,-0.23222847887405004,-0.38303407290082336,-0.3968782277395545,-0.3539946864708616,0.6951511637468263,-0.3484023076996031,-0.28580754307836664,0.40929151737857733,-0.09821869463537178,-0.12336832183053278,-0.07981105698312144,0.6191507973299187,-0.05525185426424809,0.6191507973299187,-0.07338242471510951,-0.029698480400622326,0.6191507973299187,0.8568101446921702,0.6191507973299187,1
-0.497261030226083,-0.23222847887405004,-0.38303407290082336,-0.3968782277395545,-0.3539946864708616,0.6951511637468263,-0.3484023076996031,-0.28580754307836664,0.40929151737857733,-0.10014736666582656,-0.125092823561551,-0.0952792403630034,-0.7863973222287248,-0.05558537264856827,-0.7863973222287248,-0.07447876978010413,-0.02971361355253427,-0.7863973222287248,0.8568101446921702,-0.7863973222287248,1
0.3586443281291641,-0.23222847887405004,-0.38303407290082336,-0.3968782277395545,-0.3539946864708616,-0.4253073943407376,-0.3484023076996031,-0.28580754307836664,0.40929151737857733,-0.09821869463537178,-0.12336832183053278,-0.08245566044336569,0.9090141229140685,-0.055308875687420225,0.9090141229140685,-0.07356986612413759,-0.029701067723576023,0.9090141229140685,-1.1592137251717594,0.9090141229140685,0
0.6462018083211096,-0.23222847887405004,-0.38303407290082336,-0.3968782277395545,-0.3539946864708616,0.6951511637468263,-0.3484023076996031,-0.28580754307836664,0.40929151737857733,-0.10014736666582656,-0.125092823561551,-0.0952792403630034,-0.7863973222287248,-0.05558537264856827,-0.7863973222287248,-0.07447876978010413,-0.02971361355253427,-0.7863973222287248,0.8568101446921702,-0.7863973222287248,1
-0.7759595241354934,-0.016717988718406615,2.596342301779915,1.3444522047557486,-0.3539946864708616,-0.4253073943407376,-0.3484023076996031,-0.28580754307836664,0.40929151737857733,-0.09867790226167053,-0.12377891748077521,-0.0952792403630034,-0.7863973222287248,-0.05558537264856827,-0.7863973222287248,-0.07447876978010413,-0.02971361355253427,-0.7863973222287248,-1.1592137251717594,-0.7863973222287248,0
-0.40602486041327823,-0.23222847887405004,-0.38303407290082336,-0.3968782277395545,-0.3539946864708616,0.6951511637468263,-0.3484023076996031,-0.28580754307836664,0.40929151737857733,-0.09821869463537178,-0.12336832183053278,-0.07968871445266214,0.6081207428434443,-0.0552492162738697,0.6081207428434443,-0.07337375308599153,-0.029698360707956856,0.6081207428434443,0.8568101446921702,0.6081207428434443,1
0.42880781465129597,-0.23222847887405004,-0.38303407290082336,-0.3968782277395545,-0.3539946864708616,-0.4253073943407376,-0.3484023076996031,-0.28580754307836664,0.40929151737857733,-0.10014736666582656,-0.125092823561551,-0.0952792403630034,-0.7863973222287248,-0.05558537264856827,-0.7863973222287248,-0.07447876978010413,-0.02971361355253427,-0.7863973222287248,-1.1592137251717594,-0.7863973222287248,0
-1.0064539729811177,-0.23222847887405004,-0.38303407290082336,-0.3968782277395545,-0.3539946864708616,-0.4253073943407376,-0.3484023076996031,-0.28580754307836664,0.40929151737857733,-0.10014736666582656,-0.125092823561551,-0.0952792403630034,-0.7863973222287248,-0.05558537264856827,-0.7863973222287248,-0.07447876978010413,-0.02971361355253427,-0.7863973222287248,-1.1592137251717594,-0.7863973222287248,1
-1.1150793415310751,-0.016717988718406615,2.596342301779915,1.3444522047557486,-0.3539946864708616,-0.4253073943407376,-0.3484023076996031,-0.28580754307836664,0.40929151737857733,-0.09867790226167053,-0.12377891748077521,-0.0952792403630034,-0.7863973222287248,-0.05558537264856827,-0.7863973222287248,-0.07447876978010413,-0.02971361355253427,-0.7863973222287248,-1.1592137251717594,-0.7863973222287248,0
0.015994310709853844,-0.23222847887405004,-0.38303407290082336,-0.3968782277395545,-0.3539946864708616,0.6951511637468263,-0.3484023076996031,-0.28580754307836664,0.40929151737857733,-0.10014736666582656,-0.125092823561551,-0.0952792403630034,-0.7863973222287248,-0.05558537264856827,-0.7863973222287248,-0.07447876978010413,-0.02971361355253427,-0.7863973222287248,0.8568101446921702,-0.7863973222287248,1
-0.7429209777026075,-0.23222847887405004,-0.38303407290082336,-0.3968782277395545,-0.3539946864708616,0.6951511637468263,-0.3484023076996031,-0.28580754307836664,0.40929151737857733,-0.09821869463537178,-0.12336832183053278,-0.08157847087566886,0.8004666017339859,-0.055289962249424424,0.8004666017339859,-0.07350769367612983,-0.0297002095334022,0.8004666017339859,0.8568101446921702,0.8004666017339859,1
-0.38368972860037315,-0.07059561125731748,-0.38303407290082336,-0.3968782277395545,3.590783323929606,1.8156097218343903,3.6946803915262008,1.5182710345457862,-0.9326478838626592,-0.09904526836270953,-0.12410739400096915,-0.0952792403630034,-0.7863973222287248,-0.05558537264856827,-0.7863973222287248,-0.07447876978010413,-0.02971361355253427,-0.7863973222287248,0.8568101446921702,-0.7863973222287248,1
0.9565940276134819,0.7173646183742538,-0.36701592034877634,-0.6870999664887717,-0.3539946864708616,-2.1059952314720833,-0.3484023076996031,-0.28580754307836664,0.40929151737857733,-0.0768655400124794,-0.09598159195936266,1.3774161718186486,-0.7568715175006848,0.13380249774518876,-0.7568715175006848,0.38032390918930153,-0.026111619106438604,-0.7568715175006848,0.8568101446921702,-0.7568715175006848,0
2.340414171702399,7.982942386557238,0.48194616490971365,2.505339159752617,-0.3539946864708616,-2.1059952314720833,-0.3484023076996031,-0.28580754307836664,0.40929151737857733,10.269908854225934,9.34599386188552,1.1663595446379282,2.280997608667265,0.7783287549754633,2.280997608667265,2.6120737604196775,-0.02835448299459528,2.280997608667265,0.8568101446921702,2.280997608667265,0
-0.3703754629939887,-0.23222847887405004,-0.38303407290082336,-0.3968782277395545,-0.3539946864708616,0.6951511637468263,-0.3484023076996031,-0.28580754307836664,0.40929151737857733,-0.09821869463537178,-0.12336832183053278,-0.07972349741876261,0.611238866204117,-0.05524996626128232,0.611238866204117,-0.073376218452332,-0.029698394737545014,0.611238866204117,0.8568101446921702,0.611238866204117,1
-1.0223497219770765,-0.016717988718406615,2.596342301779915,1.3444522047557486,-0.3539946864708616,-0.4253073943407376,-0.3484023076996031,-0.28580754307836664,0.40929151737857733,-0.09867790226167053,-0.12377891748077521,-0.0952792403630034,-0.7863973222287248,-0.05558537264856827,-0.7863973222287248,-0.07447876978010413,-0.02971361355253427,-0.7863973222287248,-1.1592137251717594,-0.7863973222287248,0
0.47470936849538536,-0.23222847887405004,-0.38303407290082336,-0.3968782277395545,-0.3539946864708616,-0.4253073943407376,-0.3484023076996031,-0.28580754307836664,0.40929151737857733,-0.09821869463537178,-0.12336832183053278,-0.08164251120429378,0.8079181800014205,-0.05529134294479976,0.8079181800014205,-0.07351223231217559,-0.029700272186656156,0.8079181800014205,-1.1592137251717594,0.8079181800014205,0
2.1735854495097264,-0.23222847887405004,-0.38303407290082336,-0.3968782277395545,-0.3539946864708616,0.6951511637468263,-0.3484023076996031,-0.28580754307836664,0.40929151737857733,-0.10014736666582656,-0.125092823561551,-0.0952792403630034,-0.7863973222287248,-0.05558537264856827,-0.7863973222287248,-0.07447876978010413,-0.02971361355253427,-0.7863973222287248,0.8568101446921702,-0.7863973222287248,0
-1.0485846557640488,-0.055442529918248794,-0.38303407290082336,-0.3968782277395545,1.2116415130765674,-0.9855366733845196,1.1319305920113758,1.4989554180830007,-0.9326478838626592,-0.07700330230036903,-0.06280546341977428,-0.04192553531576849,2.0660527210575794,-0.050244271710588546,2.0660527210575794,-0.0683304911812861,-0.029601760444771467,2.0660527210575794,0.8568101446921702,2.0660527210575794,1
1.3534627171837748,-0.23222847887405004,-0.38303407290082336,-0.3968782277395545,-0.3539946864708616,0.6951511637468263,-0.3484023076996031,-0.28580754307836664,0.40929151737857733,-0.10014736666582656,-0.125092823561551,-0.0952792403630034,-0.7863973222287248,-0.05558537264856827,-0.7863973222287248,-0.07447876978010413,-0.02971361355253427,-0.7863973222287248,0.8568101446921702,-0.7863973222287248,0
1.1822607300535202,-0.23222847887405004,-0.38303407290082336,-0.3968782277395545,-0.3539946864708616,0.6951511637468263,-0.3484023076996031,-0.28580754307836664,0.40929151737857733,-0.09821869463537178,-0.12336832183053278,-0.08149151346041768,0.7904597582007088,-0.05528808752751179,0.7904597582007088,-0.07350153107096687,-0.029700124459431803,0.7904597582007088,0.8568101446921702,0.7904597582007088,0
1.9289261491739444,-0.23222847887405004,-0.38303407290082336,-0.3968782277395545,-0.3539946864708616,0.6951511637468263,-0.3484023076996031,-0.28580754307836664,0.40929151737857733,-0.10014736666582656,-0.125092823561551,-0.0952792403630034,-0.7863973222287248,-0.05558537264856827,-0.7863973222287248,-0.07447876978010413,-0.02971361355253427,-0.7863973222287248,0.8568101446921702,-0.7863973222287248,0
0.41852485806396783,0.14491487889832597,-0.4631248356610583,1.0542304660065314,-0.3539946864708616,-1.5457659524283016,-0.3484023076996031,-0.28580754307836664,-4.958466087586369,-0.0975758039585535,-0.12279348792019337,-0.0952792403630034,-0.7863973222287248,-0.05558537264856827,-0.7863973222287248,-0.07447876978010413,-0.02971361355253427,-0.7863973222287248,-1.1592137251717594,-0.7863973222287248,0
1.036867846556214,-0.23222847887405004,-0.38303407290082336,-0.3968782277395545,-0.3539946864708616,0.6951511637468263,-0.3484023076996031,-0.28580754307836664,0.40929151737857733,-0.09821869463537178,-0.12336832183053278,-0.08149356785149083,0.7906948450603813,-0.055288131852998246,0.7906948450603813,-0.07350167677816206,-0.029700126469326016,0.7906948450603813,0.8568101446921702,0.7906948450603813,0
0.5168121162471863,-0.23222847887405004,-0.38303407290082336,-0.3968782277395545,-0.3539946864708616,-0.4253073943407376,-0.3484023076996031,-0.28580754307836664,0.40929151737857733,-0.09821869463537178,-0.12336832183053278,-0.08157694779263187,0.800289826236373,-0.055289929334324216,0.800289826236373,-0.0735075854772737,-0.029700208043308213,0.800289826236373,-1.1592137251717594,0.800289826236373,0
0.894308219870079,-0.23222847887405004,-0.38303407290082336,-0.3968782277395545,-0.3539946864708616,0.6951511637468263,-0.3484023076996031,-0.28580754307836664,0.40929151737857733,-0.10014736666582656,-0.125092823561551,-0.0952792403630034,-0.7863973222287248,-0.05558537264856827,-0.7863973222287248,-0.07447876978010413,-0.02971361355253427,-0.7863973222287248,0.8568101446921702,-0.7863973222287248,0
1.0172087474690163,-0.23222847887405004,-0.38303407290082336,-0.3968782277395545,-0.3539946864708616,0.6951511637468263,-0.3484023076996031,-0.28580754307836664,0.40929151737857733,-0.10014736666582656,-0.125092823561551,-0.0952792403630034,-0.7863973222287248,-0.05558537264856827,-0.7863973222287248,-0.07447876978010413,-0.02971361355253427,-0.7863973222287248,0.8568101446921702,-0.7863973222287248,0
0.24537637229021475,6.4186646121366415,-0.36701592034877634,-0.6870999664887717,-0.3539946864708616,-0.4253073943407376,-0.3484023076996031,-0.28580754307836664,0.40929151737857733,0.3234257478321502,0.25364060422206686,-0.02473754324337887,1.6792378558937073,-0.018298455999558656,1.6792378558937073,0.0480911663280166,-0.029644599745778776,1.6792378558937073,-1.1592137251717594,1.6792378558937073,0
-1.1865070672825628,0.1718536901677814,2.6443967594360562,0.473786988508097,-0.3539946864708616,-2.1059952314720833,-0.3484023076996031,-0.28580754307836664,-2.2745872851038955,-0.09739212090803401,-0.11860541228772059,-0.0952792403630034,-0.7863261209866308,-0.05558537264856827,-0.7863261209866308,-0.07447876978010413,0.26902214175363337,-0.7863261209866308,0.8568101446921702,-0.7863261209866308,0
0.6825502978015047,-0.23222847887405004,-0.38303407290082336,-0.3968782277395545,-0.3539946864708616,0.6951511637468263,-0.3484023076996031,-0.28580754307836664,0.40929151737857733,-0.09821869463537178,-0.12336832183053278,-0.08152951969527084,0.7948171514561054,-0.05528890677505967,0.7948171514561054,-0.07350422410993668,-0.02970016164247467,0.7948171514561054,0.8568101446921702,0.7948171514561054,1
-0.7628977482335554,-0.515085997203332,-0.38303407290082336,-0.3968782277395545,4.244234545717421,1.8156097218343903,4.308181033957836,2.3005535012885927,-0.9326478838626592,-0.10207603869628136,-0.12410739400096915,-0.0952792403630034,-0.7863973222287248,-0.05558537264856827,-0.7863973222287248,-0.07447876978010413,-0.02971361355253427,-0.7863973222287248,0.8568101446921702,-0.7863973222287248,1
0.04340323208714584,-0.23222847887405004,-0.38303407290082336,-0.3968782277395545,-0.3539946864708616,0.6951511637468263,-0.3484023076996031,-0.28580754307836664,0.40929151737857733,-0.09821869463537178,-0.12336832183053278,-0.08148609411844886,0.7898373611361965,-0.05528797012554775,0.7898373611361965,-0.07350114514602256,-0.029700119157469496,0.7898373611361965,0.8568101446921702,0.7898373611361965,1
1.2766066418574007,-0.23222847887405004,-0.38303407290082336,-0.3968782277395545,-0.3539946864708616,0.6951511637468263,-0.3484023076996031,-0.28580754307836664,0.40929151737857733,-0.09821869463537178,-0.12336832183053278,-0.08152657979080409,0.7944783317523474,-0.05528884323602843,0.7944783317523474,-0.07350401524377932,-0.029700158766246747,0.7944783317523474,0.8568101446921702,0.7944783317523474,0
-1.1297069117420058,-0.12447323379622834,-0.655342666285622,4.536891330997137,-0.3539946864708616,0.6951511637468263,-0.3484023076996031,-0.28580754307836664,-0.9326478838626592,-0.09941263446374855,-0.1244358705211631,-0.0952792403630034,-0.7863973222287248,-0.05558537264856827,-0.7863973222287248,-0.07447876978010413,-0.02971361355253427,-0.7863973222287248,-1.1592137251717594,-0.7863973222287248,1
0.6723131833165442,-0.23222847887405004,-0.38303407290082336,-0.3968782277395545,-0.3539946864708616,0.6951511637468263,-0.3484023076996031,-0.28580754307836664,0.40929151737857733,-0.10014736666582656,-0.125092823561551,-0.0952792403630034,-0.7863973222287248,-0.05558537264856827,-0.7863973222287248,-0.07447876978010413,-0.02971361355253427,-0.7863973222287248,0.8568101446921702,-0.7863973222287248,0
-0.5950837789814049,0.14491487889832597,-0.4631248356610583,1.0542304660065314,-0.3539946864708616,-1.5457659524283016,-0.3484023076996031,-0.28580754307836664,-4.958466087586369,-0.0975758039585535,-0.11876965054781756,-0.0952792403630034,-0.7353153414566952,-0.05558537264856827,-0.7353153414566952,-0.07447876978010413,-0.029297217081193483,-0.7353153414566952,-1.1592137251717594,-0.7353153414566952,0
0.9119208988562737,-0.23222847887405004,-0.38303407290082336,-0.3968782277395545,-0.3539946864708616,0.6951511637468263,-0.3484023076996031,-0.28580754307836664,0.40929151737857733,-0.10014736666582656,-0.125092823561551,-0.0952792403630034,-0.7863973222287248,-0.05558537264856827,-0.7863973222287248,-0.07447876978010413,-0.02971361355253427,-0.7863973222287248,0.8568101446921702,-0.7863973222287248,0
-0.9153098455144728,-0.23222847887405004,-0.38303407290082336,-0.3968782277395545,-0.3539946864708616,-0.4253073943407376,-0.3484023076996031,-0.28580754307836664,0.40929151737857733,-0.10014736666582656,-0.125092823561551,-0.0952792403630034,-0.7863973222287248,-0.05558537264856827,-0.7863973222287248,-0.07447876978010413,-0.02971361355253427,-0.7863973222287248,-1.1592137251717594,-0.7863973222287248,1
-1.0287482766716016,7.955636917862297,0.48194616490971365,2.505339159752617,-0.3539946864708616,-2.1059952314720833,-0.3484023076996031,-0.28580754307836664,0.40929151737857733,7.0021414647213245,6.402844240947778,15.310059537339685,-0.6142210565727714,10.143989546469049,-0.6142210565727714,32.624521623817216,-0.013406561858681911,-0.6142210565727714,0.8568101446921702,-0.6142210565727714,0
-1.0885621923014024,-0.016717988718406615,2.596342301779915,1.3444522047557486,-0.3539946864708616,-0.4253073943407376,-0.3484023076996031,-0.28580754307836664,0.40929151737857733,-0.09867790226167053,-0.12377891748077521,-0.0952792403630034,-0.7863973222287248,-0.05558537264856827,-0.7863973222287248,-0.07447876978010413,-0.02971361355253427,-0.7863973222287248,-1.1592137251717594,-0.7863973222287248,0
1.8818613519822776,-0.23222847887405004,-0.38303407290082336,-0.3968782277395545,-0.3539946864708616,0.6951511637468263,-0.3484023076996031,-0.28580754307836664,0.40929151737857733,-0.10014736666582656,-0.125092823561551,-0.0952792403630034,-0.7863973222287248,-0.05558537264856827,-0.7863973222287248,-0.07447876978010413,-0.02971361355253427,-0.7863973222287248,0.8568101446921702,-0.7863973222287248,0
-0.753088970892592,-0.23222847887405004,-0.38303407290082336,-0.3968782277395545,-0.3539946864708616,-0.4253073943407376,-0.3484023076996031,-0.28580754307836664,0.40929151737857733,-0.09821869463537178,-0.12336832183053278,-0.08751853014045091,2.015059128034357,-0.05541803964354067,2.015059128034357,-0.07392871100404393,-0.029706020934586956,2.015059128034357,-1.1592137251717594,2.015059128034357,1
-0.7929991768420933,-0.23222847887405004,-0.38303407290082336,-0.3968782277395545,-0.3539946864708616,-0.4253073943407376,-0.3484023076996031,-0.28580754307836664,0.40929151737857733,-0.10014736666582656,-0.125092823561551,-0.0952792403630034,-0.7863973222287248,-0.05558537264856827,-0.7863973222287248,-0.07447876978010413,-0.02971361355253427,-0.7863973222287248,-1.1592137251717594,-0.7863973222287248,1
1.0855421313106925,-0.23222847887405004,-0.38303407290082336,-0.3968782277395545,-0.3539946864708616,0.6951511637468263,-0.3484023076996031,-0.28580754307836664,0.40929151737857733,-0.10014736666582656,-0.125092823561551,-0.0952792403630034,-0.7863973222287248,-0.05558537264856827,-0.7863973222287248,-0.07447876978010413,-0.02971361355253427,-0.7863973222287248,0.8568101446921702,-0.7863973222287248,0
2.2616058674697306,-0.23222847887405004,-0.38303407290082336,-0.3968782277395545,-0.3539946864708616,0.6951511637468263,-0.3484023076996031,-0.28580754307836664,0.40929151737857733,-0.10014736666582656,-0.125092823561551,-0.0952792403630034,-0.7863973222287248,-0.05558537264856827,-0.7863973222287248,-0.07447876978010413,-0.02971361355253427,-0.7863973222287248,0.8568101446921702,-0.7863973222287248,0
-1.0145923787170623,-0.23222847887405004,-0.38303407290082336,-0.3968782277395545,-0.3539946864708616,-0.4253073943407376,-0.3484023076996031,-0.28580754307836664,0.40929151737857733,-0.10014736666582656,-0.125092823561551,-0.0952792403630034,-0.7863973222287248,-0.05558537264856827,-0.7863973222287248,-0.07447876978010413,-0.02971361355253427,-0.7863973222287248,-1.1592137251717594,-0.7863973222287248,1
0.3314764359307266,-0.23222847887405004,-0.38303407290082336,-0.3968782277395545,-0.3539946864708616,-0.4253073943407376,-0.3484023076996031,-0.28580754307836664,0.40929151737857733,-0.10014736666582656,-0.125092823561551,-0.0952792403630034,-0.7863973222287248,-0.05558537264856827,-0.7863973222287248,-0.07447876978010413,-0.02971361355253427,-0.7863973222287248,-1.1592137251717594,-0.7863973222287248,0
-1.0897100355677156,8.565462116339097,0.48194616490971365,2.505339159752617,-0.3539946864708616,-2.1059952314720833,-0.3484023076996031,-0.28580754307836664,0.40929151737857733,10.85705172521153,9.93454166694302,1.1518038650998796,2.2819318180678447,0.8298232370831722,2.2819318180678447,2.7631045993562897,-0.028341032470669617,2.2819318180678447,0.8568101446921702,2.2819318180678447,0
-0.2701667760670042,-0.23222847887405004,-0.38303407290082336,-0.3968782277395545,-0.3539946864708616,0.6951511637468263,-0.3484023076996031,-0.28580754307836664,0.40929151737857733,-0.09821869463537178,-0.12336832183053278,-0.08150235214435529,0.7917008695068661,-0.055288321326780375,0.7917008695068661,-0.07350229961832842,-0.029700135063356423,0.7917008695068661,0.8568101446921702,0.7917008695068661,1
-1.0041224723060165,1.0069568395208996,-0.36701592034877634,-0.6870999664887717,-0.3539946864708616,-2.1059952314720833,-0.3484023076996031,-0.28580754307836664,0.40929151737857733,-0.0709417616332254,-0.08567564113827766,0.6584614718610976,-0.7287083572334113,0.07887932383818157,-0.7287083572334113,0.21298914866526575,-0.027501368115528214,-0.7287083572334113,0.8568101446921702,-0.7287083572334113,0
0.875228235466697,-0.23222847887405004,-0.38303407290082336,-0.3968782277395545,-0.3539946864708616,0.6951511637468263,-0.3484023076996031,-0.28580754307836664,0.40929151737857733,-0.09821869463537178,-0.12336832183053278,-0.08153561202741878,0.7955162739970124,-0.055289037808116594,0.7955162739970124,-0.07350465484314977,-0.0297001676028506,0.7955162739970124,0.8568101446921702,0.7955162739970124,0
-0.5753222514467298,-0.23222847887405004,-0.38303407290082336,-0.3968782277395545,-0.3539946864708616,0.6951511637468263,-0.3484023076996031,-0.28580754307836664,0.40929151737857733,-0.09821869463537178,-0.12336832183053278,-0.07967015409193236,0.6064610173380782,-0.05524881572158012,0.6064610173380782,-0.07337243638638336,-0.029698342549602276,0.6064610173380782,0.8568101446921702,0.6064610173380782,1
0.9507047500249466,-0.23222847887405004,-0.38303407290082336,-0.3968782277395545,-0.3539946864708616,-0.4253073943407376,-0.3484023076996031,-0.28580754307836664,0.40929151737857733,-0.09821869463537178,-0.12336832183053278,-0.08154485678724793,0.7965824512169903,-0.055289237408048246,0.7965824512169903,-0.07350531097009912,-0.029700176647374538,0.7965824512169903,-1.1592137251717594,0.7965824512169903,0
-1.1724124115116554,0.6702216986527069,-0.36701592034877634,-0.6870999664887717,-0.3539946864708616,-2.1059952314720833,-0.3484023076996031,-0.28580754307836664,0.40929151737857733,-0.0778298760277068,-0.09692596195492026,0.8752394364983815,-0.7415939406410104,0.06548605093303982,-0.7415939406410104,0.21377534922947453,-0.02733986895744643,-0.7415939406410104,0.8568101446921702,-0.7415939406410104,0
1.4165167382832593,-0.23222847887405004,-0.38303407290082336,-0.3968782277395545,-0.3539946864708616,0.6951511637468263,-0.3484023076996031,-0.28580754307836664,0.40929151737857733,-0.10014736666582656,-0.125092823561551,-0.0952792403630034,-0.7863973222287248,-0.05558537264856827,-0.7863973222287248,-0.07447876978010413,-0.02971361355253427,-0.7863973222287248,0.8568101446921702,-0.7863973222287248,0
-1.1782662330991407,0.14491487889832597,-0.4631248356610583,1.0542304660065314,-0.3539946864708616,-1.5457659524283016,-0.3484023076996031,-0.28580754307836664,-4.958466087586369,-0.0975758039585535,-0.12279348792019337,-0.0952792403630034,-0.7863973222287248,-0.05558537264856827,-0.7863973222287248,-0.07447876978010413,-0.02971361355253427,-0.7863973222287248,-1.1592137251717594,-0.7863973222287248,0
-0.8761384853242239,-0.23222847887405004,-0.38303407290082336,-0.3968782277395545,-0.3539946864708616,-0.4253073943407376,-0.3484023076996031,-0.28580754307836664,0.40929151737857733,-0.09629002260491698,-0.12164382009951458,-0.07971028555893014,2.0065008614954074,-0.05524968113118658,2.0065008614954074,-0.07337528116974715,-0.02969838181184605,2.0065008614954074,-1.1592137251717594,2.0065008614954074,1
-0.11759638027634868,-0.23222847887405004,-0.38303407290082336,-0.3968782277395545,-0.3539946864708616,0.6951511637468263,-0.3484023076996031,-0.28580754307836664,0.40929151737857733,-0.10014736666582656,-0.125092823561551,-0.0952792403630034,-0.7863973222287248,-0.05558537264856827,-0.7863973222287248,-0.07447876978010413,-0.02971361355253427,-0.7863973222287248,0.8568101446921702,-0.7863973222287248,1
0.24250479434659547,-0.23222847887405004,-0.38303407290082336,-0.3968782277395545,-0.3539946864708616,-0.4253073943407376,-0.3484023076996031,-0.28580754307836664,0.40929151737857733,-0.10014736666582656,-0.125092823561551,-0.0952792403630034,-0.7863973222287248,-0.05558537264856827,-0.7863973222287248,-0.07447876978010413,-0.02971361355253427,-0.7863973222287248,-1.1592137251717594,-0.7863973222287248,0
0.966768109207687,0.14491487889832597,-0.4631248356610583,1.0542304660065314,-0.3539946864708616,-1.5457659524283016,-0.3484023076996031,-0.28580754307836664,-4.958466087586369,-0.0975758039585535,-0.12279348792019337,-0.0952792403630034,-0.7863973222287248,-0.05558537264856827,-0.7863973222287248,-0.07447876978010413,-0.02971361355253427,-0.7863973222287248,-1.1592137251717594,-0.7863973222287248,0
0.23535844035719922,-0.23222847887405004,-0.38303407290082336,-0.3968782277395545,-0.3539946864708616,-0.4253073943407376,-0.3484023076996031,-0.28580754307836664,0.40929151737857733,-0.10014736666582656,-0.125092823561551,-0.0952792403630034,-0.7863973222287248,-0.05558537264856827,-0.7863973222287248,-0.07447876978010413,-0.02971361355253427,-0.7863973222287248,-1.1592137251717594,-0.7863973222287248,0
-1.0946609826234146,-0.016717988718406615,-0.38303407290082336,-0.3968782277395545,-0.3539946864708616,0.6951511637468263,-0.3484023076996031,-0.28580754307836664,-0.9326478838626592,-0.09867790226167053,-0.12377891748077521,-0.0952792403630034,-0.7863973222287248,-0.05558537264856827,-0.7863973222287248,-0.07447876978010413,-0.02971361355253427,-0.7863973222287248,-1.1592137251717594,-0.7863973222287248,1
1.6942991064281676,-0.23222847887405004,-0.38303407290082336,-0.3968782277395545,-0.3539946864708616,0.6951511637468263,-0.3484023076996031,-0.28580754307836664,0.40929151737857733,-0.09821869463537178,-0.12336832183053278,-0.08154889472832273,0.797048942113469,-0.055289324636132356,0.797048942113469,-0.07350559770715479,-0.029700180597856257,0.797048942113469,0.8568101446921702,0.797048942113469,0
-1.155121701666308,-0.23222847887405004,-0.38303407290082336,-0.3968782277395545,-0.3539946864708616,-0.4253073943407376,-0.3484023076996031,-0.28580754307836664,0.40929151737857733,-0.09629002260491698,-0.12164382009951458,-0.0795965502186566,1.9862465633348798,-0.05524722886871052,1.9862465633348798,-0.07336722006730097,-0.029698270539944244,1.9862465633348798,-1.1592137251717594,1.9862465633348798,1
0.0968827003374513,-0.23222847887405004,-0.38303407290082336,-0.3968782277395545,-0.3539946864708616,0.6951511637468263,-0.3484023076996031,-0.28580754307836664,0.40929151737857733,-0.10014736666582656,-0.125092823561551,-0.0952792403630034,-0.7863973222287248,-0.05558537264856827,-0.7863973222287248,-0.07447876978010413,-0.02971361355253427,-0.7863973222287248,0.8568101446921702,-0.7863973222287248,1
-0.7596701777137378,-0.06386090843995362,-0.38303407290082336,-0.3968782277395545,1.2085154507812979,-2.1059952314720833,1.1153039494404398,1.6129175552134343,-0.9326478838626592,-0.09284596540767627,-0.11043455884789621,-0.07025349840281837,0.9511149263212627,-0.05387665636072982,0.9511149263212627,-0.07164919881981918,-0.029652404338258425,0.9511149263212627,0.8568101446921702,0.9511149263212627,1
-1.1506639153524854,-0.07059561125731748,-0.38303407290082336,-0.3968782277395545,1.8024672868824858,-0.9855366733845196,1.790255764076818,1.3154570616865398,-0.9326478838626592,-0.09904526836270953,-0.12410739400096915,-0.0952792403630034,-0.7863973222287248,-0.05558537264856827,-0.7863973222287248,-0.07447876978010413,-0.02971361355253427,-0.7863973222287248,0.8568101446921702,-0.7863973222287248,1
-1.0177314883049673,-0.23222847887405004,-0.38303407290082336,-0.3968782277395545,-0.3539946864708616,-0.4253073943407376,-0.3484023076996031,-0.28580754307836664,0.40929151737857733,-0.09821869463537178,-0.12336832183053278,-0.07966657661782221,0.606141225552466,-0.055248738412803894,0.606141225552466,-0.0733721822561786,-0.029698339049614088,0.606141225552466,-1.1592137251717594,0.606141225552466,1
-0.8822190104335739,1.9094070170476565,-0.39905222545287033,-0.10665648899033735,-0.3539946864708616,-0.4253073943407376,-0.3484023076996031,-0.28580754307836664,0.40929151737857733,-0.08554456414952598,-0.1120358818838417,-0.0952792403630034,-0.7863973222287248,-0.05558537264856827,-0.7863973222287248,-0.07447876978010413,-0.02971361355253427,-0.7863973222287248,-1.1592137251717594,-0.7863973222287248,0
2.3206845187545264,8.494030861315384,0.48194616490971365,2.505339159752617,-0.3539946864708616,-2.1059952314720833,-0.3484023076996031,-0.28580754307836664,0.40929151737857733,6.593676281128577,6.036757159191628,0.6860305499698353,2.218884345801139,0.4959594840106761,2.218884345801139,1.6893165511007884,-0.028835983889841987,2.218884345801139,0.8568101446921702,2.218884345801139,0
1.116874491996085,-0.23222847887405004,-0.38303407290082336,-0.3968782277395545,-0.3539946864708616,0.6951511637468263,-0.3484023076996031,-0.28580754307836664,0.40929151737857733,-0.09821869463537178,-0.12336832183053278,-0.08152048745865614,0.7937810506228742,-0.05528871237799137,0.7937810506228742,-0.07350358508589333,-0.029700152805870822,0.7937810506228742,0.8568101446921702,0.7937810506228742,0
0.9794842786347444,-0.23222847887405004,-0.38303407290082336,-0.3968782277395545,-0.3539946864708616,0.6951511637468263,-0.3484023076996031,-0.28580754307836664,0.40929151737857733,-0.09821869463537178,-0.12336832183053278,-0.08152473792294541,0.7942671832413096,-0.05528880362925947,0.7942671832413096,-0.07350388504800083,-0.029700156964272632,0.7942671832413096,0.8568101446921702,0.7942671832413096,0
-1.181867345124969,4.137246628215187,-0.36701592034877634,-0.6870999664887717,-0.3539946864708616,-2.1059952314720833,-0.3484023076996031,-0.28580754307836664,0.40929151737857733,0.3737549036744944,0.5208151938348164,0.0144283245295076,1.9880480775206226,0.00328182585467619,1.9880480775206226,0.05342512755128766,-0.029514283888426994,1.9880480775206226,0.8568101446921702,1.9880480775206226,0
-0.7821546545007623,-0.23222847887405004,-0.38303407290082336,-0.3968782277395545,-0.3539946864708616,-0.4253073943407376,-0.3484023076996031,-0.28580754307836664,0.40929151737857733,-0.09821869463537178,-0.12336832183053278,-0.08158945124174947,0.801740858445946,-0.05529019927178617,0.801740858445946,-0.0735084728184764,-0.02970022027594021,0.801740858445946,-1.1592137251717594,0.801740858445946,1
-1.0783372546248833,-0.016717988718406615,2.596342301779915,1.3444522047557486,-0.3539946864708616,-0.4253073943407376,-0.3484023076996031,-0.28580754307836664,0.40929151737857733,-0.09867790226167053,-0.12377891748077521,-0.0952792403630034,-0.7863973222287248,-0.05558537264856827,-0.7863973222287248,-0.07447876978010413,-0.02971361355253427,-0.7863973222287248,-1.1592137251717594,-0.7863973222287248,0
1.6507981745541556,-0.23222847887405004,-0.38303407290082336,-0.3968782277395545,-0.3539946864708616,0.6951511637468263,-0.3484023076996031,-0.28580754307836664,0.40929151737857733,-0.10014736666582656,-0.125092823561551,-0.0952792403630034,-0.7863973222287248,-0.05558537264856827,-0.7863973222287248,-0.07447876978010413,-0.02971361355253427,-0.7863973222287248,0.8568101446921702,-0.7863973222287248,0
-1.038682761652651,-0.23222847887405004,-0.38303407290082336,-0.3968782277395545,-0.3539946864708616,-0.4253073943407376,-0.3484023076996031,-0.28580754307836664,0.40929151737857733,-0.09629002260491698,-0.12164382009951458,-0.07970663724374852,2.005846546632715,-0.05524960243588931,2.005846546632715,-0.07337502248175617,-0.029698378242551157,2.005846546632715,-1.1592137251717594,2.005846546632715,1
-1.0679511533072281,-0.016717988718406615,2.596342301779915,1.3444522047557486,-0.3539946864708616,-0.4253073943407376,-0.3484023076996031,-0.28580754307836664,0.40929151737857733,-0.09867790226167053,-0.12377891748077521,-0.0952792403630034,-0.7863973222287248,-0.05558537264856827,-0.7863973222287248,-0.07447876978010413,-0.02971361355253427,-0.7863973222287248,-1.1592137251717594,-0.7863973222287248,0
-1.1398917375789532,-0.23222847887405004,-0.38303407290082336,-0.3968782277395545,-0.3539946864708616,-0.4253073943407376,-0.3484023076996031,-0.28580754307836664,0.40929151737857733,-0.09821869463537178,-0.12336832183053278,-0.08292654104554466,0.9736415261906902,-0.055319028460435404,0.9736415261906902,-0.07360324042406977,-0.029701528405190025,0.9736415261906902,-1.1592137251717594,0.9736415261906902,1
-1.1159635927087748,-0.12447323379622834,-0.5111792933171992,1.924895682254183,-0.3539946864708616,0.6951511637468263,-0.3484023076996031,-0.28580754307836664,-0.9326478838626592,-0.09941263446374855,-0.1244358705211631,-0.0952792403630034,-0.7863973222287248,-0.05558537264856827,-0.7863973222287248,-0.07447876978010413,-0.02971361355253427,-0.7863973222287248,-1.1592137251717594,-0.7863973222287248,1
-0.580088755668684,0.14491487889832597,-0.4631248356610583,1.0542304660065314,-0.3539946864708616,-1.5457659524283016,-0.3484023076996031,-0.28580754307836664,-4.958466087586369,-0.0975758039585535,-0.11876965054781756,-0.0952792403630034,-0.7568359168796378,-0.05558537264856827,-0.7568359168796378,-0.07447876978010413,-0.02899408220296237,-0.7568359168796378,-1.1592137251717594,-0.7568359168796378,0
-0.6940969898325848,-0.23222847887405004,-0.38303407290082336,-0.3968782277395545,-0.3539946864708616,0.6951511637468263,-0.3484023076996031,-0.28580754307836664,0.40929151737857733,-0.09821869463537178,-0.12336832183053278,-0.08158838862567715,0.8016180976837147,-0.055290176451013695,0.8016180976837147,-0.0735083978017983,-0.029700219236339757,0.8016180976837147,0.8568101446921702,0.8016180976837147,1
-1.1670617786259392,-0.06386090843995362,-0.38303407290082336,-0.3968782277395545,5.899276126909555,1.8156097218343903,4.4789411468485305,16.1720634640379,-0.9326478838626592,-0.09592265650387798,-0.11318554970452051,-0.0727903525933298,0.1803584116335402,-0.053287888518224566,0.1803584116335402,-0.07193603101368486,-0.029625606384118673,0.1803584116335402,0.8568101446921702,0.1803584116335402,1
-0.6977242461824197,-0.016717988718406615,2.596342301779915,1.3444522047557486,-0.3539946864708616,-0.4253073943407376,-0.3484023076996031,-0.28580754307836664,0.40929151737857733,-0.09867790226167053,-0.12377891748077521,-0.0952792403630034,-0.7863973222287248,-0.05558537264856827,-0.7863973222287248,-0.07447876978010413,-0.02971361355253427,-0.7863973222287248,-1.1592137251717594,-0.7863973222287248,0
0.327107826831666,-0.23222847887405004,-0.38303407290082336,-0.3968782277395545,-0.3539946864708616,-0.4253073943407376,-0.3484023076996031,-0.28580754307836664,0.40929151737857733,-0.10014736666582656,-0.125092823561551,-0.0952792403630034,-0.7863973222287248,-0.05558537264856827,-0.7863973222287248,-0.07447876978010413,-0.02971361355253427,-0.7863973222287248,-1.1592137251717594,-0.7863973222287248,0
-0.36577048055459527,-0.07059561125731748,-0.38303407290082336,-0.3968782277395545,2.7786323396186132,1.8156097218343903,2.755836797165978,2.062005637973194,-0.9326478838626592,-0.09904526836270953,-0.12410739400096915,-0.0952792403630034,-0.7863973222287248,-0.05558537264856827,-0.7863973222287248,-0.07447876978010413,-0.02971361355253427,-0.7863973222287248,0.8568101446921702,-0.7863973222287248,1
2.089123524746006,-0.23222847887405004,-0.38303407290082336,-0.3968782277395545,-0.3539946864708616,0.6951511637468263,-0.3484023076996031,-0.28580754307836664,0.40929151737857733,-0.10014736666582656,-0.125092823561551,-0.0952792403630034,-0.7863973222287248,-0.05558537264856827,-0.7863973222287248,-0.07447876978010413,-0.02971361355253427,-0.7863973222287248,0.8568101446921702,-0.7863973222287248,0
0.31045425058094306,-0.23222847887405004,-0.38303407290082336,-0.3968782277395545,-0.3539946864708616,-0.4253073943407376,-0.3484023076996031,-0.28580754307836664,0.40929151737857733,-0.09821869463537178,-0.12336832183053278,-0.0826744176721198,0.9384411052285123,-0.05531359292292909,0.9384411052285123,-0.07358537266924484,-0.029701281742655915,0.9384411052285123,-1.1592137251717594,0.9384411052285123,0
2.055977535885696,-0.23222847887405004,-0.38303407290082336,-0.3968782277395545,-0.3539946864708616,0.6951511637468263,-0.3484023076996031,-0.28580754307836664,0.40929151737857733,-0.10014736666582656,-0.125092823561551,-0.0952792403630034,-0.7863973222287248,-0.05558537264856827,-0.7863973222287248,-0.07447876978010413,-0.02971361355253427,-0.7863973222287248,0.8568101446921702,-0.7863973222287248,0
0.9296918763522065,-0.23222847887405004,-0.38303407290082336,-0.3968782277395545,-0.3539946864708616,0.6951511637468263,-0.3484023076996031,-0.28580754307836664,0.40929151737857733,-0.09821869463537178,-0.12336832183053278,-0.08152303773722971,0.7940726074331732,-0.05528876710693156,0.7940726074331732,-0.07350376499142874,-0.029700155300911905,0.7940726074331732,0.8568101446921702,0.7940726074331732,0
-1.1855418761428704,-0.0840650168920452,2.596342301779915,1.3444522047557486,-0.3539946864708616,-0.4253073943407376,-0.3484023076996031,-0.28580754307836664,0.40929151737857733,-0.0991371098879693,-0.12418951313101764,-0.0952792403630034,-0.7863973222287248,-0.05558537264856827,-0.7863973222287248,-0.07447876978010413,-0.02971361355253427,-0.7863973222287248,-1.1592137251717594,-0.7863973222287248,0
-0.0847476487985786,-0.016717988718406615,2.596342301779915,1.3444522047557486,-0.3539946864708616,-0.4253073943407376,-0.3484023076996031,-0.28580754307836664,0.40929151737857733,-0.09867790226167053,-0.12377891748077521,-0.0952792403630034,-0.7863973222287248,-0.05558537264856827,-0.7863973222287248,-0.07447876978010413,-0.02971361355253427,-0.7863973222287248,-1.1592137251717594,-0.7863973222287248,0
-1.0280323519635328,-0.016717988718406615,2.596342301779915,1.3444522047557486,-0.3539946864708616,-0.4253073943407376,-0.3484023076996031,-0.28580754307836664,0.40929151737857733,-0.09867790226167053,-0.12377891748077521,-0.0952792403630034,-0.7863973222287248,-0.05558537264856827,-0.7863973222287248,-0.07447876978010413,-0.02971361355253427,-0.7863973222287248,-1.1592137251717594,-0.7863973222287248,0
-0.5454024005405385,-0.23222847887405004,-0.38303407290082336,-0.3968782277395545,-0.3539946864708616,0.6951511637468263,-0.3484023076996031,-0.28580754307836664,0.40929151737857733,-0.10014736666582656,-0.125092823561551,-0.0952792403630034,-0.7863973222287248,-0.05558537264856827,-0.7863973222287248,-0.07447876978010413,-0.02971361355253427,-0.7863973222287248,0.8568101446921702,-0.7863973222287248,1
1.8583454278919826,-0.23222847887405004,-0.38303407290082336,-0.3968782277395545,-0.3539946864708616,0.6951511637468263,-0.3484023076996031,-0.28580754307836664,0.40929151737857733,-0.09821869463537178,-0.12336832183053278,-0.08156713630423083,0.7991542891857342,-0.05528971773303013,0.7991542891857342,-0.07350688989932232,-0.0297001984443307,0.7991542891857342,0.8568101446921702,0.7991542891857342,0
-0.16011636278797944,-0.23222847887405004,-0.38303407290082336,-0.3968782277395545,-0.3539946864708616,0.6951511637468263,-0.3484023076996031,-0.28580754307836664,0.40929151737857733,-0.09821869463537178,-0.12336832183053278,-0.08150114784614,0.7915603084341114,-0.05528829489878022,0.7915603084341114,-0.07350221274393437,-0.029700133885142577,0.7915603084341114,0.8568101446921702,0.7915603084341114,1
-1.0805373173971025,-0.515085997203332,-0.38303407290082336,-0.3968782277395545,1.2101826840054417,1.8156097218343903,1.1022722566145708,1.7404006238678178,-0.9326478838626592,-0.10207603869628136,-0.12410739400096915,-0.0952792403630034,-0.7863973222287248,-0.05558537264856827,-0.7863973222287248,-0.07447876978010413,-0.02971361355253427,-0.7863973222287248,0.8568101446921702,-0.7863973222287248,1
0.24322967259028286,-0.23222847887405004,-0.38303407290082336,-0.3968782277395545,-0.3539946864708616,-0.4253073943407376,-0.3484023076996031,-0.28580754307836664,0.40929151737857733,-0.09821869463537178,-0.12336832183053278,-0.08288056519014911,0.9671180192857236,-0.055318037584313036,0.9671180192857236,-0.07359998320588376,-0.029701483425143765,0.9671180192857236,-1.1592137251717594,0.9671180192857236,0
0.02331651213880074,-0.23222847887405004,-0.38303407290082336,-0.3968782277395545,-0.3539946864708616,0.6951511637468263,-0.3484023076996031,-0.28580754307836664,0.40929151737857733,-0.09821869463537178,-0.12336832183053278,-0.0815592021042242,0.7982378800956782,-0.055289546745437505,0.7982378800956782,-0.07350632782714828,-0.029700190681980654,0.7982378800956782,0.8568101446921702,0.7982378800956782,1
1.193139633971627,-0.23222847887405004,-0.38303407290082336,-0.3968782277395545,-0.3539946864708616,0.6951511637468263,-0.3484023076996031,-0.28580754307836664,0.40929151737857733,-0.09821869463537178,-0.12336832183053278,-0.08149714532560096,0.7911030245948003,-0.05528820877991294,0.7911030245948003,-0.07350192965310767,-0.029700129969314207,0.7911030245948003,0.8568101446921702,0.7911030245948003,0
0.880320290243746,-0.23222847887405004,-0.38303407290082336,-0.3968782277395545,-0.3539946864708616,-0.4253073943407376,-0.3484023076996031,-0.28580754307836664,0.40929151737857733,-0.09821869463537178,-0.12336832183053278,-0.08155612051761449,0.79788310149283,-0.055289480501553745,0.79788310149283,-0.0735061100695719,-0.02970018766713934,0.79788310149283,-1.1592137251717594,0.79788310149283,0
0.8700924874358289,-0.23222847887405004,-0.38303407290082336,-0.3968782277395545,-0.3539946864708616,0.6951511637468263,-0.3484023076996031,-0.28580754307836664,0.40929151737857733,-0.10014736666582656,-0.125092823561551,-0.0952792403630034,-0.7863973222287248,-0.05558537264856827,-0.7863973222287248,-0.07447876978010413,-0.02971361355253427,-0.7863973222287248,0.8568101446921702,-0.7863973222287248,0
0.5274825818560903,-0.23222847887405004,-0.38303407290082336,-0.3968782277395545,-0.3539946864708616,-0.4253073943407376,-0.3484023076996031,-0.28580754307836664,0.40929151737857733,-0.10014736666582656,-0.125092823561551,-0.0952792403630034,-0.7863973222287248,-0.05558537264856827,-0.7863973222287248,-0.07447876978010413,-0.02971361355253427,-0.7863973222287248,-1.1592137251717594,-0.7863973222287248,0
-1.0097098366734902,-0.016717988718406615,2.596342301779915,1.3444522047557486,-0.3539946864708616,-0.4253073943407376,-0.3484023076996031,-0.28580754307836664,0.40929151737857733,-0.09867790226167053,-0.12377891748077521,-0.0952792403630034,-0.7863973222287248,-0.05558537264856827,-0.7863973222287248,-0.07447876978010413,-0.02971361355253427,-0.7863973222287248,-1.1592137251717594,-0.7863973222287248,0
-1.1121852006776967,-0.23222847887405004,-0.7834878867019979,6.858665240990875,-0.3539946864708616,-0.4253073943407376,-0.3484023076996031,-0.28580754307836664,0.40929151737857733,-0.10014736666582656,-0.125092823561551,-0.0952792403630034,-0.7863973222287248,-0.05558537264856827,-0.7863973222287248,-0.07447876978010413,-0.02971361355253427,-0.7863973222287248,-1.1592137251717594,-0.7863973222287248,1
-0.783891640410784,-0.016717988718406615,2.596342301779915,1.3444522047557486,-0.3539946864708616,-0.4253073943407376,-0.3484023076996031,-0.28580754307836664,0.40929151737857733,-0.09867790226167053,-0.12377891748077521,-0.0952792403630034,-0.7863973222287248,-0.05558537264856827,-0.7863973222287248,-0.07447876978010413,-0.02971361355253427,-0.7863973222287248,-1.1592137251717594,-0.7863973222287248,0
1.6290840599717613,-0.23222847887405004,-0.38303407290082336,-0.3968782277395545,-0.3539946864708616,0.6951511637468263,-0.3484023076996031,-0.28580754307836664,0.40929151737857733,-0.10014736666582656,-0.125092823561551,-0.0952792403630034,-0.7863973222287248,-0.05558537264856827,-0.7863973222287248,-0.07447876978010413,-0.02971361355253427,-0.7863973222287248,0.8568101446921702,-0.7863973222287248,0
0.6883471749024553,-0.23222847887405004,-0.38303407290082336,-0.3968782277395545,-0.3539946864708616,-0.4253073943407376,-0.3484023076996031,-0.28580754307836664,0.40929151737857733,-0.09821869463537178,-0.12336832183053278,-0.08159738544175608,0.8026609503588689,-0.055290370191189236,0.8026609503588689,-0.07350903466649701,-0.02970022803829026,0.8026609503588689,-1.1592137251717594,0.8026609503588689,0
1.5998289195498998,-0.23222847887405004,-0.38303407290082336,-0.3968782277395545,-0.3539946864708616,0.6951511637468263,-0.3484023076996031,-0.28580754307836664,0.40929151737857733,-0.09821869463537178,-0.12336832183053278,-0.08147500749076102,0.7885723114814036,-0.0552877312643409,0.7885723114814036,-0.07350035995900539,-0.02970010831097144,0.7885723114814036,0.8568101446921702,0.7885723114814036,0
0.8817335163057967,-0.23222847887405004,-0.38303407290082336,-0.3968782277395545,-0.3539946864708616,0.6951511637468263,-0.3484023076996031,-0.28580754307836664,0.40929151737857733,-0.10014736666582656,-0.125092823561551,-0.0952792403630034,-0.7863973222287248,-0.05558537264856827,-0.7863973222287248,-0.07447876978010413,-0.02971361355253427,-0.7863973222287248,0.8568101446921702,-0.7863973222287248,1
-1.1496955009399703,-0.23222847887405004,-0.8155241918060918,7.439108718489309,-0.3539946864708616,-0.4253073943407376,-0.3484023076996031,-0.28580754307836664,0.40929151737857733,-0.10014736666582656,-0.125092823561551,-0.0952792403630034,-0.7863973222287248,-0.05558537264856827,-0.7863973222287248,-0.07447876978010413,-0.02971361355253427,-0.7863973222287248,-1.1592137251717594,-0.7863973222287248,1
-0.16005476246292302,-0.23222847887405004,-0.38303407290082336,-0.3968782277395545,-0.3539946864708616,0.6951511637468263,-0.3484023076996031,-0.28580754307836664,0.40929151737857733,-0.10014736666582656,-0.125092823561551,-0.0952792403630034,-0.7863973222287248,-0.05558537264856827,-0.7863973222287248,-0.07447876978010413,-0.02971361355253427,-0.7863973222287248,0.8568101446921702,-0.7863973222287248,1
-1.1577963018263167,-0.23222847887405004,-0.5752519035253871,3.0857826372510515,-0.3539946864708616,-0.4253073943407376,-0.3484023076996031,-0.28580754307836664,0.40929151737857733,-0.10014736666582656,-0.125092823561551,-0.0952792403630034,-0.7863973222287248,-0.05558537264856827,-0.7863973222287248,-0.07447876978010413,-0.02971361355253427,-0.7863973222287248,-1.1592137251717594,-0.7863973222287248,1
2.2964780979973196,-0.23222847887405004,-0.38303407290082336,-0.3968782277395545,-0.3539946864708616,0.6951511637468263,-0.3484023076996031,-0.28580754307836664,0.40929151737857733,-0.10014736666582656,-0.125092823561551,-0.0952792403630034,-0.7863973222287248,-0.05558537264856827,-0.7863973222287248,-0.07447876978010413,-0.02971361355253427,-0.7863973222287248,0.8568101446921702,-0.7863973222287248,0
0.8381842353394438,-0.23222847887405004,-0.38303407290082336,-0.3968782277395545,-0.3539946864708616,0.6951511637468263,-0.3484023076996031,-0.28580754307836664,0.40929151737857733,-0.10014736666582656,-0.125092823561551,-0.0952792403630034,-0.7863973222287248,-0.05558537264856827,-0.7863973222287248,-0.07447876978010413,-0.02971361355253427,-0.7863973222287248,0.8568101446921702,-0.7863973222287248,1
-0.4046560438878962,-0.23222847887405004,-0.38303407290082336,-0.3968782277395545,-0.3539946864708616,0.6951511637468263,-0.3484023076996031,-0.28580754307836664,0.40929151737857733,-0.09821869463537178,-0.12336832183053278,-0.08152803203276959,0.7946483554080377,-0.055288875110101374,0.7946483554080377,-0.07350412002055992,-0.029700160187034034,0.7946483554080377,0.8568101446921702,0.7946483554080377,1
-0.06329032161772775,-0.23222847887405004,-0.38303407290082336,-0.3968782277395545,-0.3539946864708616,0.6951511637468263,-0.3484023076996031,-0.28580754307836664,0.40929151737857733,-0.09821869463537178,-0.12336832183053278,-0.08154028753813697,0.7960545799393962,-0.055289138630925806,0.7960545799393962,-0.07350498626892576,-0.02970017217709259,0.7960545799393962,0.8568101446921702,0.7960545799393962,1
1.2848764854962276,-0.23222847887405004,-0.38303407290082336,-0.3968782277395545,-0.3539946864708616,0.6951511637468263,-0.3484023076996031,-0.28580754307836664,0.40929151737857733,-0.09821869463537178,-0.12336832183053278,-0.08155137416582481,0.7973355884932789,-0.05528937822176094,0.7973355884932789,-0.07350577385438452,-0.02970018302359065,0.7973355884932789,0.8568101446921702,0.7973355884932789,0
0.5066373183701316,-0.23222847887405004,-0.38303407290082336,-0.3968782277395545,-0.3539946864708616,-0.4253073943407376,-0.3484023076996031,-0.28580754307836664,0.40929151737857733,-0.10014736666582656,-0.125092823561551,-0.0952792403630034,-0.7863973222287248,-0.05558537264856827,-0.7863973222287248,-0.07447876978010413,-0.02971361355253427,-0.7863973222287248,-1.1592137251717594,-0.7863973222287248,0
0.26880526801429633,-0.23222847887405004,-0.38303407290082336,-0.3968782277395545,-0.3539946864708616,-0.4253073943407376,-0.3484023076996031,-0.28580754307836664,0.40929151737857733,-0.09821869463537178,-0.12336832183053278,-0.0828122389766992,0.9575064654068309,-0.05531656416477514,0.9575064654068309,-0.0735951397660166,-0.029701416578834648,0.9575064654068309,-1.1592137251717594,0.9575064654068309,0
2.2059041316788717,-0.23222847887405004,-0.38303407290082336,-0.3968782277395545,-0.3539946864708616,0.6951511637468263,-0.3484023076996031,-0.28580754307836664,0.40929151737857733,-0.10014736666582656,-0.125092823561551,-0.0952792403630034,-0.7863973222287248,-0.05558537264856827,-0.7863973222287248,-0.07447876978010413,-0.02971361355253427,-0.7863973222287248,0.8568101446921702,-0.7863973222287248,0
-0.17498281332921622,-0.23222847887405004,-0.38303407290082336,-0.3968782277395545,-0.3539946864708616,0.6951511637468263,-0.3484023076996031,-0.28580754307836664,0.40929151737857733,-0.10014736666582656,-0.125092823561551,-0.0952792403630034,-0.7863973222287248,-0.05558537264856827,-0.7863973222287248,-0.07447876978010413,-0.02971361355253427,-0.7863973222287248,0.8568101446921702,-0.7863973222287248,1
0.08307778097916385,-0.07059561125731748,-0.38303407290082336,-0.3968782277395545,2.356092919374698,-0.9855366733845196,2.380389233165516,1.3734039110748957,-0.9326478838626592,-0.09904526836270953,-0.12139746270936912,-0.0952792403630034,-0.7863973222287248,-0.05558537264856827,-0.7863973222287248,-0.07447876978010413,-0.02971361355253427,-0.7863973222287248,0.8568101446921702,-0.7863973222287248,1
0.8541014728208874,-0.23222847887405004,-0.38303407290082336,-0.3968782277395545,-0.3539946864708616,0.6951511637468263,-0.3484023076996031,-0.28580754307836664,0.40929151737857733,-0.10014736666582656,-0.125092823561551,-0.0952792403630034,-0.7863973222287248,-0.05558537264856827,-0.7863973222287248,-0.07447876978010413,-0.02971361355253427,-0.7863973222287248,0.8568101446921702,-0.7863973222287248,0
-1.11058968063045,-0.23222847887405004,-0.38303407290082336,-0.3968782277395545,-0.3539946864708616,-0.4253073943407376,-0.3484023076996031,-0.28580754307836664,0.40929151737857733,-0.09629002260491698,-0.12164382009951458,-0.07969505472856028,2.0037743449662524,-0.055249353064398404,2.0037743449662524,-0.07337420274522512,-0.029698366910906222,2.0037743449662524,-1.1592137251717594,2.0037743449662524,1
0.08156391717675943,-0.23222847887405004,-0.38303407290082336,-0.3968782277395545,-0.3539946864708616,0.6951511637468263,-0.3484023076996031,-0.28580754307836664,0.40929151737857733,-0.09821869463537178,-0.12336832183053278,-0.08153515156045411,0.795463486869253,-0.05528902788880871,0.795463486869253,-0.07350462223629885,-0.02970016715235707,0.795463486869253,0.8568101446921702,0.795463486869253,1
-1.1883855190553596,-0.12447323379622834,-0.4951611407651522,1.6346739435049658,-0.3539946864708616,0.6951511637468263,-0.3484023076996031,-0.28580754307836664,-0.9326478838626592,-0.09941263446374855,-0.1244358705211631,-0.0952792403630034,-0.7863973222287248,-0.05558537264856827,-0.7863973222287248,-0.07447876978010413,-0.02971361355253427,-0.7863973222287248,-1.1592137251717594,-0.7863973222287248,1
-0.8279125936335282,-0.06386090843995362,-0.38303407290082336,-0.3968782277395545,1.1033755555837368,-2.1059952314720833,1.0038605073433546,1.5964992812200667,-0.9326478838626592,-0.08976927431147458,-0.10497363669967189,-0.07324327498388661,2.17347882267468,-0.0540807917777228,2.17347882267468,-0.07198723920633188,-0.029663309920275525,2.17347882267468,0.8568101446921702,2.17347882267468,1
1.7319415608761726,-0.23222847887405004,-0.38303407290082336,-0.3968782277395545,-0.3539946864708616,0.6951511637468263,-0.3484023076996031,-0.28580754307836664,0.40929151737857733,-0.09821869463537178,-0.12336832183053278,-0.08155555378904258,0.797816196877414,-0.05528946801604546,0.797816196877414,-0.0735060690270806,-0.029700187112685766,0.797816196877414,0.8568101446921702,0.797816196877414,0
-0.11472408604987991,0.14491487889832597,-0.4631248356610583,1.0542304660065314,-0.3539946864708616,-1.5457659524283016,-0.3484023076996031,-0.28580754307836664,-4.958466087586369,-0.0975758039585535,-0.12279348792019337,-0.0952792403630034,-0.7863973222287248,-0.05558537264856827,-0.7863973222287248,-0.07447876978010413,-0.02971361355253427,-0.7863973222287248,-1.1592137251717594,-0.7863973222287248,0
-0.591770254519648,-0.23222847887405004,-0.38303407290082336,-0.3968782277395545,-0.3539946864708616,0.6951511637468263,-0.3484023076996031,-0.28580754307836664,0.40929151737857733,-0.10014736666582656,-0.125092823561551,-0.0952792403630034,-0.7863973222287248,-0.05558537264856827,-0.7863973222287248,-0.07447876978010413,-0.02971361355253427,-0.7863973222287248,0.8568101446921702,-0.7863973222287248,1
-0.7377784249846692,-0.23222847887405004,-0.38303407290082336,-0.3968782277395545,-0.3539946864708616,0.6951511637468263,-0.3484023076996031,-0.28580754307836664,0.40929151737857733,-0.09629002260491698,-0.12164382009951458,-0.07982101015366547,2.0265059553086058,-0.05525206849993214,2.0265059553086058,-0.0733831289528547,-0.029698490138213234,2.0265059553086058,0.8568101446921702,2.0265059553086058,1
-0.15899323127997372,-0.23222847887405004,-0.38303407290082336,-0.3968782277395545,-0.3539946864708616,0.6951511637468263,-0.3484023076996031,-0.28580754307836664,0.40929151737857733,-0.09821869463537178,-0.12336832183053278,-0.08149757037202987,0.791153356507315,-0.055288218249169734,0.791153356507315,-0.07350196078054601,-0.029700130385154386,0.791153356507315,0.8568101446921702,0.791153356507315,1
-0.9740851510125081,-0.23222847887405004,-0.38303407290082336,-0.3968782277395545,-0.3539946864708616,-0.4253073943407376,-0.3484023076996031,-0.28580754307836664,0.40929151737857733,-0.10014736666582656,-0.125092823561551,-0.0952792403630034,-0.7863973222287248,-0.05558537264856827,-0.7863973222287248,-0.07447876978010413,-0.02971361355253427,-0.7863973222287248,-1.1592137251717594,-0.7863973222287248,1
-1.1232213286812673,-0.23222847887405004,-0.6873789713897159,5.117334808495571,-0.3539946864708616,-0.4253073943407376,-0.3484023076996031,-0.28580754307836664,0.40929151737857733,-0.10014736666582656,-0.125092823561551,-0.0952792403630034,-0.7863973222287248,-0.05558537264856827,-0.7863973222287248,-0.07447876978010413,-0.02971361355253427,-0.7863973222287248,-1.1592137251717594,-0.7863973222287248,1
2.25524312691768,-0.23222847887405004,-0.38303407290082336,-0.3968782277395545,-0.3539946864708616,0.6951511637468263,-0.3484023076996031,-0.28580754307836664,0.40929151737857733,-0.10014736666582656,-0.125092823561551,-0.0952792403630034,-0.7863973222287248,-0.05558537264856827,-0.7863973222287248,-0.07447876978010413,-0.02971361355253427,-0.7863973222287248,0.8568101446921702,-0.7863973222287248,0
-0.3613682061616085,-0.23222847887405004,-0.38303407290082336,-0.3968782277395545,-0.3539946864708616,0.6951511637468263,-0.3484023076996031,-0.28580754307836664,0.40929151737857733,-0.10014736666582656,-0.125092823561551,-0.0952792403630034,-0.7863973222287248,-0.05558537264856827,-0.7863973222287248,-0.07447876978010413,-0.02971361355253427,-0.7863973222287248,0.8568101446921702,-0.7863973222287248,1
0.43588254035574286,-0.23222847887405004,-0.38303407290082336,-0.3968782277395545,-0.3539946864708616,0.6951511637468263,-0.3484023076996031,-0.28580754307836664,0.40929151737857733,-0.10014736666582656,-0.125092823561551,-0.0952792403630034,-0.7863973222287248,-0.05558537264856827,-0.7863973222287248,-0.07447876978010413,-0.02971361355253427,-0.7863973222287248,0.8568101446921702,-0.7863973222287248,1
-1.1859913436309277,0.14491487889832597,-0.4631248356610583,1.0542304660065314,-0.3539946864708616,-1.5457659524283016,-0.3484023076996031,-0.28580754307836664,-4.958466087586369,-0.0975758039585535,-0.12279348792019337,-0.0952792403630034,-0.7863973222287248,-0.05558537264856827,-0.7863973222287248,-0.07447876978010413,-0.02971361355253427,-0.7863973222287248,-1.1592137251717594,-0.7863973222287248,0
-1.156596528053415,-0.23222847887405004,-0.5111792933171992,1.924895682254183,-0.3539946864708616,-0.4253073943407376,-0.3484023076996031,-0.28580754307836664,0.40929151737857733,-0.10014736666582656,-0.125092823561551,-0.0952792403630034,-0.7863973222287248,-0.05558537264856827,-0.7863973222287248,-0.07447876978010413,-0.02971361355253427,-0.7863973222287248,-1.1592137251717594,-0.7863973222287248,1
0.26194614344754696,-0.23222847887405004,-0.38303407290082336,-0.3968782277395545,-0.3539946864708616,-0.4253073943407376,-0.3484023076996031,-0.28580754307836664,0.40929151737857733,-0.10014736666582656,-0.125092823561551,-0.0952792403630034,-0.7863973222287248,-0.05558537264856827,-0.7863973222287248,-0.07447876978010413,-0.02971361355253427,-0.7863973222287248,-1.1592137251717594,-0.7863973222287248,0
-0.5942665002501327,-0.23222847887405004,-0.38303407290082336,-0.3968782277395545,-0.3539946864708616,0.6951511637468263,-0.3484023076996031,-0.28580754307836664,0.40929151737857733,-0.10014736666582656,-0.125092823561551,-0.0952792403630034,-0.7863973222287248,-0.05558537264856827,-0.7863973222287248,-0.07447876978010413,-0.02971361355253427,-0.7863973222287248,0.8568101446921702,-0.7863973222287248,1
0.4034245411723715,-0.23222847887405004,-0.38303407290082336,-0.3968782277395545,-0.3539946864708616,-0.4253073943407376,-0.3484023076996031,-0.28580754307836664,0.40929151737857733,-0.10014736666582656,-0.125092823561551,-0.0952792403630034,-0.7863973222287248,-0.05558537264856827,-0.7863973222287248,-0.07447876978010413,-0.02971361355253427,-0.7863973222287248,-1.1592137251717594,-0.7863973222287248,0
-0.287024134788408,-0.07059561125731748,-0.38303407290082336,-0.3968782277395545,2.360052598282039,-0.9855366733845196,2.3576961128997787,1.6051913086283203,-0.9326478838626592,-0.09904526836270953,-0.12139746270936912,-0.0952792403630034,-0.7863973222287248,-0.05558537264856827,-0.7863973222287248,-0.07447876978010413,-0.02971361355253427,-0.7863973222287248,0.8568101446921702,-0.7863973222287248,1
-0.9135635479274077,0.19710882573289584,-0.38303407290082336,-0.3968782277395545,4.852774672529866,-2.1059952314720833,5.042224835028757,1.6303016100299412,-0.9326478838626592,-0.06322707351140622,0.39911464310296,-0.036882501118699854,1.8197203617606177,-0.005832729800239346,1.8197203617606177,-0.06404676298079622,-0.029566702899687197,1.8197203617606177,-1.1592137251717594,1.8197203617606177,1
-1.1881093920168797,7.301297071316046,0.48194616490971365,2.505339159752617,-0.3539946864708616,-2.1059952314720833,-0.3484023076996031,-0.28580754307836664,0.40929151737857733,3.2022901986243397,2.8459362420276517,0.337205855274956,2.2801057517296552,0.20331441947429593,2.2801057517296552,0.7725950223119563,-0.029262750410353262,2.2801057517296552,0.8568101446921702,2.2801057517296552,0
0.7708780011039412,-0.23222847887405004,-0.38303407290082336,-0.3968782277395545,-0.3539946864708616,0.6951511637468263,-0.3484023076996031,-0.28580754307836664,0.40929151737857733,-0.10014736666582656,-0.125092823561551,-0.0952792403630034,-0.7863973222287248,-0.05558537264856827,-0.7863973222287248,-0.07447876978010413,-0.02971361355253427,-0.7863973222287248,0.8568101446921702,-0.7863973222287248,1
0.3059273429721444,-0.016717988718406615,2.596342301779915,1.3444522047557486,-0.3539946864708616,-0.4253073943407376,-0.3484023076996031,-0.28580754307836664,0.40929151737857733,-0.09867790226167053,-0.12377891748077521,-0.0952792403630034,-0.7863973222287248,-0.05558537264856827,-0.7863973222287248,-0.07447876978010413,-0.02971361355253427,-0.7863973222287248,-1.1592137251717594,-0.7863973222287248,0
-0.07003484092855818,-0.23222847887405004,-0.38303407290082336,-0.3968782277395545,-0.3539946864708616,0.6951511637468263,-0.3484023076996031,-0.28580754307836664,0.40929151737857733,-0.09821869463537178,-0.12336832183053278,-0.08157308695423579,0.7998435908656626,-0.05528984619988664,0.7998435908656626,-0.07350731219689502,-0.02970020426609324,0.7998435908656626,0.8568101446921702,0.7998435908656626,1
-1.1065587988949257,-0.016717988718406615,2.596342301779915,1.3444522047557486,-0.3539946864708616,-0.4253073943407376,-0.3484023076996031,-0.28580754307836664,0.40929151737857733,-0.09867790226167053,-0.12377891748077521,-0.0952792403630034,-0.7863973222287248,-0.05558537264856827,-0.7863973222287248,-0.07447876978010413,-0.02971361355253427,-0.7863973222287248,-1.1592137251717594,-0.7863973222287248,0
0.04584647288676803,-0.23222847887405004,-0.38303407290082336,-0.3968782277395545,-0.3539946864708616,0.6951511637468263,-0.3484023076996031,-0.28580754307836664,0.40929151737857733,-0.10014736666582656,-0.125092823561551,-0.0952792403630034,-0.7863973222287248,-0.05558537264856827,-0.7863973222287248,-0.07447876978010413,-0.02971361355253427,-0.7863973222287248,0.8568101446921702,-0.7863973222287248,1
1.7478537843776698,-0.23222847887405004,-0.38303407290082336,-0.3968782277395545,-0.3539946864708616,0.6951511637468263,-0.3484023076996031,-0.28580754307836664,0.40929151737857733,-0.09821869463537178,-0.12336832183053278,-0.08153469109348944,0.7954131549567381,-0.05528901845591969,0.7954131549567381,-0.073504591228409,-0.02970016670186354,0.7954131549567381,0.8568101446921702,0.7954131549567381,0
-1.0940116722203488,-0.016717988718406615,2.596342301779915,1.3444522047557486,-0.3539946864708616,-0.4253073943407376,-0.3484023076996031,-0.28580754307836664,0.40929151737857733,-0.09867790226167053,-0.12377891748077521,-0.0952792403630034,-0.7863973222287248,-0.05558537264856827,-0.7863973222287248,-0.07447876978010413,-0.02971361355253427,-0.7863973222287248,-1.1592137251717594,-0.7863973222287248,0
-0.8948739376769996,-0.016717988718406615,2.596342301779915,1.3444522047557486,-0.3539946864708616,-0.4253073943407376,-0.3484023076996031,-0.28580754307836664,0.40929151737857733,-0.09867790226167053,-0.12377891748077521,-0.0952792403630034,-0.7863973222287248,-0.05558537264856827,-0.7863973222287248,-0.07447876978010413,-0.02971361355253427,-0.7863973222287248,-1.1592137251717594,-0.7863973222287248,0
-0.9171442458920256,-0.016717988718406615,2.596342301779915,1.3444522047557486,-0.3539946864708616,-0.4253073943407376,-0.3484023076996031,-0.28580754307836664,0.40929151737857733,-0.09867790226167053,-0.12377891748077521,-0.0952792403630034,-0.7863973222287248,-0.05558537264856827,-0.7863973222287248,-0.07447876978010413,-0.02971361355253427,-0.7863973222287248,-1.1592137251717594,-0.7863973222287248,0
0.3722408091782489,-0.23222847887405004,-0.38303407290082336,-0.3968782277395545,-0.3539946864708616,-0.4253073943407376,-0.3484023076996031,-0.28580754307836664,0.40929151737857733,-0.10014736666582656,-0.125092823561551,-0.0952792403630034,-0.7863973222287248,-0.05558537264856827,-0.7863973222287248,-0.07447876978010413,-0.02971361355253427,-0.7863973222287248,-1.1592137251717594,-0.7863973222287248,0
1.706754907039434,-0.23222847887405004,-0.38303407290082336,-0.3968782277395545,-0.3539946864708616,0.6951511637468263,-0.3484023076996031,-0.28580754307836664,0.40929151737857733,-0.09821869463537178,-0.12336832183053278,-0.08154145641581652,0.7961914581892838,-0.055289164227013333,0.7961914581892838,-0.07350507040864808,-0.02970017332065309,0.7961914581892838,0.8568101446921702,0.7961914581892838,0
-0.7690459620721825,-0.23222847887405004,-0.38303407290082336,-0.3968782277395545,-0.3539946864708616,-0.4253073943407376,-0.3484023076996031,-0.28580754307836664,0.40929151737857733,-0.10014736666582656,-0.125092823561551,-0.0952792403630034,-0.7863973222287248,-0.05558537264856827,-0.7863973222287248,-0.07447876978010413,-0.02971361355253427,-0.7863973222287248,-1.1592137251717594,-0.7863973222287248,1
1.1864860825826822,-0.23222847887405004,-0.38303407290082336,-0.3968782277395545,-0.3539946864708616,0.6951511637468263,-0.3484023076996031,-0.28580754307836664,0.40929151737857733,-0.09821869463537178,-0.12336832183053278,-0.08151046344704063,0.7926270994579007,-0.055288495607928714,0.7926270994579007,-0.07350287251711268,-0.029700142998973215,0.7926270994579007,0.8568101446921702,0.7926270994579007,0
0.39698981419394697,-0.23222847887405004,-0.38303407290082336,-0.3968782277395545,-0.3539946864708616,0.6951511637468263,-0.3484023076996031,-0.28580754307836664,0.40929151737857733,-0.10014736666582656,-0.125092823561551,-0.0952792403630034,-0.7863973222287248,-0.05558537264856827,-0.7863973222287248,-0.07447876978010413,-0.02971361355253427,-0.7863973222287248,0.8568101446921702,-0.7863973222287248,1
0.8964033472048474,-0.23222847887405004,-0.38303407290082336,-0.3968782277395545,-0.3539946864708616,0.6951511637468263,-0.3484023076996031,-0.28580754307836664,0.40929151737857733,-0.10014736666582656,-0.125092823561551,-0.0952792403630034,-0.7863973222287248,-0.05558537264856827,-0.7863973222287248,-0.07447876978010413,-0.02971361355253427,-0.7863973222287248,0.8568101446921702,-0.7863973222287248,0
-0.4210109301903804,-0.23222847887405004,-0.38303407290082336,-0.3968782277395545,-0.3539946864708616,0.6951511637468263,-0.3484023076996031,-0.28580754307836664,0.40929151737857733,-0.09821869463537178,-0.12336832183053278,-0.07978658139292244,0.6169300551411562,-0.055251326458876156,0.6169300551411562,-0.07338068970785952,-0.02969845645515856,0.6169300551411562,0.8568101446921702,0.6169300551411562,1
0.1655946396650847,-0.23222847887405004,-0.38303407290082336,-0.3968782277395545,-0.3539946864708616,0.6951511637468263,-0.3484023076996031,-0.28580754307836664,0.40929151737857733,-0.10014736666582656,-0.125092823561551,-0.0952792403630034,-0.7863973222287248,-0.05558537264856827,-0.7863973222287248,-0.07447876978010413,-0.02971361355253427,-0.7863973222287248,0.8568101446921702,-0.7863973222287248,1
0.5371448793543323,-0.23222847887405004,-0.38303407290082336,-0.3968782277395545,-0.3539946864708616,0.6951511637468263,-0.3484023076996031,-0.28580754307836664,0.40929151737857733,-0.10014736666582656,-0.125092823561551,-0.0952792403630034,-0.7863973222287248,-0.05558537264856827,-0.7863973222287248,-0.07447876978010413,-0.02971361355253427,-0.7863973222287248,0.8568101446921702,-0.7863973222287248,1
-1.185435149998296,-0.23222847887405004,-0.623306361181528,3.956447853498703,-0.3539946864708616,-0.4253073943407376,-0.3484023076996031,-0.28580754307836664,0.40929151737857733,-0.10014736666582656,-0.125092823561551,-0.0952792403630034,-0.7863973222287248,-0.05558537264856827,-0.7863973222287248,-0.07447876978010413,-0.02971361355253427,-0.7863973222287248,-1.1592137251717594,-0.7863973222287248,1
-0.10020539083207221,-0.23222847887405004,-0.38303407290082336,-0.3968782277395545,-0.3539946864708616,0.6951511637468263,-0.3484023076996031,-0.28580754307836664,0.40929151737857733,-0.10014736666582656,-0.125092823561551,-0.0952792403630034,-0.7863973222287248,-0.05558537264856827,-0.7863973222287248,-0.07447876978010413,-0.02971361355253427,-0.7863973222287248,0.8568101446921702,-0.7863973222287248,1
-0.8002866385528398,-0.016717988718406615,2.596342301779915,1.3444522047557486,-0.3539946864708616,-0.4253073943407376,-0.3484023076996031,-0.28580754307836664,0.40929151737857733,-0.09867790226167053,-0.12377891748077521,-0.0952792403630034,-0.7863973222287248,-0.05558537264856827,-0.7863973222287248,-0.07447876978010413,-0.02971361355253427,-0.7863973222287248,-1.1592137251717594,-0.7863973222287248,0
1.0123595125779457,-0.23222847887405004,-0.38303407290082336,-0.3968782277395545,-0.3539946864708616,0.6951511637468263,-0.3484023076996031,-0.28580754307836664,0.40929151737857733,-0.09821869463537178,-0.12336832183053278,-0.08154336912474669,0.7964130413651114,-0.055289205708995176,0.7964130413651114,-0.07350520676864564,-0.029700175191933905,0.7964130413651114,0.8568101446921702,0.7964130413651114,0
-0.7326659561464096,0.16713941839973517,-0.38303407290082336,-0.3968782277395545,4.428880625291335,-2.1059952314720833,4.630378404859489,1.2420577191279554,-0.9326478838626592,-0.055558306152216914,0.4059715904620086,-0.02578298035585908,2.029169250045212,-0.008855937863766143,2.029169250045212,-0.06259449397911959,-0.02956252242369286,2.029169250045212,-1.1592137251717594,2.029169250045212,1
0.27305354159464207,-0.23222847887405004,-0.38303407290082336,-0.3968782277395545,-0.3539946864708616,-0.4253073943407376,-0.3484023076996031,-0.28580754307836664,0.40929151737857733,-0.09821869463537178,-0.12336832183053278,-0.08281032626776903,0.9572413021604115,-0.05531652328968038,0.9572413021604115,-0.07359500540098449,-0.029701414707553834,0.9572413021604115,-1.1592137251717594,0.9572413021604115,0
-1.1800966939210211,0.14491487889832597,-0.4631248356610583,1.0542304660065314,-0.3539946864708616,-1.5457659524283016,-0.3484023076996031,-0.28580754307836664,-4.958466087586369,-0.0975758039585535,-0.12279348792019337,-0.0952792403630034,-0.7863973222287248,-0.05558537264856827,-0.7863973222287248,-0.07447876978010413,-0.02971361355253427,-0.7863973222287248,-1.1592137251717594,-0.7863973222287248,0
0.7354549490650917,-0.23222847887405004,-0.38303407290082336,-0.3968782277395545,-0.3539946864708616,-0.4253073943407376,-0.3484023076996031,-0.28580754307836664,0.40929151737857733,-0.09821869463537178,-0.12336832183053278,-0.08161410393462719,0.8046067084402335,-0.055290730961689995,0.8046067084402335,-0.0735102205949996,-0.029700244394670713,0.8046067084402335,-1.1592137251717594,0.8046067084402335,0
0.3547900101160398,-0.23222847887405004,-0.38303407290082336,-0.3968782277395545,-0.3539946864708616,-0.4253073943407376,-0.3484023076996031,-0.28580754307836664,0.40929151737857733,-0.10014736666582656,-0.125092823561551,-0.0952792403630034,-0.7863973222287248,-0.05558537264856827,-0.7863973222287248,-0.07447876978010413,-0.02971361355253427,-0.7863973222287248,-1.1592137251717594,-0.7863973222287248,0
-1.0482820262601378,-0.05263642170355472,-0.38303407290082336,-0.3968782277395545,2.556786118730994,-0.9855366733845196,2.506100132063337,2.152789035348285,-0.9326478838626592,-0.08315668449277243,-0.07372730771622293,-0.05808803203730171,2.1365045086982617,-0.05146512424936805,2.1365045086982617,-0.07016071763130018,-0.029633565045385436,2.1365045086982617,0.8568101446921702,2.1365045086982617,1
-0.5407057338964097,-0.23222847887405004,-0.38303407290082336,-0.3968782277395545,-0.3539946864708616,-0.4253073943407376,-0.3484023076996031,-0.28580754307836664,0.40929151737857733,-0.09629002260491698,-0.12164382009951458,-0.07978442074024206,2.0198633704642748,-0.055251279567189296,2.0198633704642748,-0.07338053556502393,-0.029698454341304307,2.0198633704642748,-1.1592137251717594,2.0198633704642748,1
1.1505566185692406,-0.23222847887405004,-0.38303407290082336,-0.3968782277395545,-0.3539946864708616,0.6951511637468263,-0.3484023076996031,-0.28580754307836664,0.40929151737857733,-0.09821869463537178,-0.12336832183053278,-0.08149785373631582,0.7911852743054952,-0.055288224249850935,0.7911852743054952,-0.07350198050604703,-0.029700130662381172,0.7911852743054952,0.8568101446921702,0.7911852743054952,0
1.1791957557405377,-0.23222847887405004,-0.38303407290082336,-0.3968782277395545,-0.3539946864708616,0.6951511637468263,-0.3484023076996031,-0.28580754307836664,0.40929151737857733,-0.09821869463537178,-0.12336832183053278,-0.08149703906399372,0.7910919761261993,-0.05528820670013139,0.7910919761261993,-0.07350192281642834,-0.029700129865354162,0.7910919761261993,0.8568101446921702,0.7910919761261993,0
0.9058876484149904,-0.23222847887405004,-0.38303407290082336,-0.3968782277395545,-0.3539946864708616,-0.4253073943407376,-0.3484023076996031,-0.28580754307836664,0.40929151737857733,-0.09821869463537178,-0.12336832183053278,-0.08151861017026173,0.7935643778775361,-0.05528867169382738,0.7935643778775361,-0.0735034513484908,-0.02970015096924335,0.7935643778775361,-1.1592137251717594,0.7935643778775361,0
-1.131571754140662,-0.016717988718406615,-0.38303407290082336,-0.3968782277395545,-0.3539946864708616,0.6951511637468263,-0.3484023076996031,-0.28580754307836664,-0.9326478838626592,-0.0952797658270597,-0.12074050966898123,-0.06095670580666166,-0.15295731334996943,-0.054281478178177356,-0.15295731334996943,-0.07019259445936221,-0.029680034423253992,-0.15295731334996943,-1.1592137251717594,-0.15295731334996943,1
-0.5667705505066273,-0.515085997203332,-0.38303407290082336,-0.3968782277395545,2.880541970444396,1.8156097218343903,2.9596255108394787,1.254612869828766,-0.9326478838626592,-0.10207603869628136,-0.12410739400096915,-0.0952792403630034,-0.7863973222287248,-0.05558537264856827,-0.7863973222287248,-0.07447876978010413,-0.02971361355253427,-0.7863973222287248,0.8568101446921702,-0.7863973222287248,1
-1.0997154325508651,-0.03018739435313433,-0.38303407290082336,-0.3968782277395545,1.0950393894630184,1.8156097218343903,1.0563243051854299,1.0682171709628872,-0.9326478838626592,-0.09546344887757921,-0.09298424371259292,-0.07745938135347896,0.4336598994023681,-0.05077341558674913,0.4336598994023681,-0.07231358007690523,-0.029643877951184363,0.4336598994023681,0.8568101446921702,0.4336598994023681,1
-0.29142282776714734,-0.23222847887405004,-0.38303407290082336,-0.3968782277395545,-0.3539946864708616,0.6951511637468263,-0.3484023076996031,-0.28580754307836664,0.40929151737857733,-0.09821869463537178,-0.12336832183053278,-0.07969625902677559,0.6087965408395273,-0.055249379110537025,0.6087965408395273,-0.07337428836436001,-0.02969836808912007,0.6087965408395273,0.8568101446921702,0.6087965408395273,1
-0.8072184658288127,-0.016717988718406615,2.596342301779915,1.3444522047557486,-0.3539946864708616,-0.4253073943407376,-0.3484023076996031,-0.28580754307836664,0.40929151737857733,-0.09867790226167053,-0.12377891748077521,-0.0952792403630034,-0.7863973222287248,-0.05558537264856827,-0.7863973222287248,-0.07447876978010413,-0.02971361355253427,-0.7863973222287248,-1.1592137251717594,-0.7863973222287248,0
-0.3305544342592493,-0.23222847887405004,-0.38303407290082336,-0.3968782277395545,-0.3539946864708616,0.6951511637468263,-0.3484023076996031,-0.28580754307836664,0.40929151737857733,-0.10014736666582656,-0.125092823561551,-0.0952792403630034,-0.7863973222287248,-0.05558537264856827,-0.7863973222287248,-0.07447876978010413,-0.02971361355253427,-0.7863973222287248,0.8568101446921702,-0.7863973222287248,1
-1.1754315437222702,1.1382835444594948,-0.36701592034877634,-0.6870999664887717,-0.3539946864708616,-2.1059952314720833,-0.3484023076996031,-0.28580754307836664,0.40929151737857733,0.010659433560064357,0.14988308340580472,2.35900727273303,-0.7066709590014753,0.7869079250342835,-0.7066709590014753,0.9425517651714589,-0.024911357205555554,-0.7066709590014753,-1.1592137251717594,-0.7066709590014753,0
0.31079376865160296,-0.016717988718406615,2.596342301779915,1.3444522047557486,-0.3539946864708616,-0.4253073943407376,-0.3484023076996031,-0.28580754307836664,0.40929151737857733,-0.09867790226167053,-0.12377891748077521,-0.0952792403630034,-0.7863973222287248,-0.05558537264856827,-0.7863973222287248,-0.07447876978010413,-0.02971361355253427,-0.7863973222287248,-1.1592137251717594,-0.7863973222287248,0
0.5770425503539676,-0.23222847887405004,-0.38303407290082336,-0.3968782277395545,-0.3539946864708616,0.6951511637468263,-0.3484023076996031,-0.28580754307836664,0.40929151737857733,-0.09821869463537178,-0.12336832183053278,-0.0815660736881585,0.7990339836387477,-0.05528969529411919,0.7990339836387477,-0.07350681613790337,-0.029700197404730247,0.7990339836387477,0.8568101446921702,0.7990339836387477,1
-1.036895635943165,-0.016717988718406615,2.596342301779915,1.3444522047557486,-0.3539946864708616,-0.4253073943407376,-0.3484023076996031,-0.28580754307836664,0.40929151737857733,-0.09867790226167053,-0.12377891748077521,-0.0952792403630034,-0.7863973222287248,-0.05558537264856827,-0.7863973222287248,-0.07447876978010413,-0.02971361355253427,-0.7863973222287248,-1.1592137251717594,-0.7863973222287248,0
-0.9647240504524781,-0.23222847887405004,-0.38303407290082336,-0.3968782277395545,-0.3539946864708616,-0.4253073943407376,-0.3484023076996031,-0.28580754307836664,0.40929151737857733,-0.09821869463537178,-0.12336832183053278,-0.0822232663083502,0.8788389137538254,-0.05530386534591018,0.8788389137538254,-0.07355339607796704,-0.029700840362956983,0.8788389137538254,-1.1592137251717594,0.8788389137538254,1
0.22282420677391318,-0.515085997203332,-0.38303407290082336,-0.3968782277395545,2.1506064244989886,1.8156097218343903,2.215695597969622,0.8847188145664262,-0.9326478838626592,-0.10207603869628136,-0.12410739400096915,-0.0952792403630034,-0.7863973222287248,-0.05558537264856827,-0.7863973222287248,-0.07447876978010413,-0.02971361355253427,-0.7863973222287248,0.8568101446921702,-0.7863973222287248,1
-1.1125107512327916,-0.016717988718406615,-0.38303407290082336,-0.3968782277395545,-0.3539946864708616,0.6951511637468263,-0.3484023076996031,-0.28580754307836664,-0.9326478838626592,-0.09867790226167053,-0.12377891748077521,-0.0952792403630034,-0.7863973222287248,-0.05558537264856827,-0.7863973222287248,-0.07447876978010413,-0.02971361355253427,-0.7863973222287248,-1.1592137251717594,-0.7863973222287248,1
-1.1787615426895655,-0.016717988718406615,-0.38303407290082336,-0.3968782277395545,-0.3539946864708616,0.6951511637468263,-0.3484023076996031,-0.28580754307836664,-0.9326478838626592,-0.09867790226167053,-0.12377891748077521,-0.0952792403630034,-0.7863973222287248,-0.05558537264856827,-0.7863973222287248,-0.07447876978010413,-0.02971361355253427,-0.7863973222287248,-1.1592137251717594,-0.7863973222287248,1
2.0457017421268633,-0.23222847887405004,-0.38303407290082336,-0.3968782277395545,-0.3539946864708616,0.6951511637468263,-0.3484023076996031,-0.28580754307836664,0.40929151737857733,-0.10014736666582656,-0.125092823561551,-0.0952792403630034,-0.7863973222287248,-0.05558537264856827,-0.7863973222287248,-0.07447876978010413,-0.02971361355253427,-0.7863973222287248,0.8568101446921702,-0.7863973222287248,0
-0.9569838979808518,0.9014464594637841,-0.38303407290082336,-0.3968782277395545,1.3114671023721707,-2.1059952314720833,1.239217373465727,1.5018527605524186,-0.9326478838626592,-0.07310003747682957,-0.0951604006588778,2.8972047447753426,-0.7718667446072274,0.3215652191946372,-0.7718667446072274,0.9885447781826516,-0.02385827635759737,-0.7718667446072274,-1.1592137251717594,-0.7718667446072274,1
-1.1218081026192166,-0.016717988718406615,2.596342301779915,1.3444522047557486,-0.3539946864708616,-0.4253073943407376,-0.3484023076996031,-0.28580754307836664,0.40929151737857733,-0.09867790226167053,-0.12377891748077521,-0.0952792403630034,-0.7863973222287248,-0.05558537264856827,-0.7863973222287248,-0.07447876978010413,-0.02971361355253427,-0.7863973222287248,-1.1592137251717594,-0.7863973222287248,0
0.6205760730976315,-0.23222847887405004,-0.38303407290082336,-0.3968782277395545,-0.3539946864708616,0.6951511637468263,-0.3484023076996031,-0.28580754307836664,0.40929151737857733,-0.09821869463537178,-0.12336832183053278,-0.08161923991231006,0.8052033257446771,-0.0552908413924081,0.8052033257446771,-0.07351058360399254,-0.029700249419406237,0.8052033257446771,0.8568101446921702,0.8052033257446771,0
-1.0989891217414787,-0.23222847887405004,-0.38303407290082336,-0.3968782277395545,-0.3539946864708616,-0.4253073943407376,-0.3484023076996031,-0.28580754307836664,0.40929151737857733,-0.10014736666582656,-0.125092823561551,-0.0952792403630034,-0.7863973222287248,-0.05558537264856827,-0.7863973222287248,-0.07447876978010413,-0.02971361355253427,-0.7863973222287248,-1.1592137251717594,-0.7863973222287248,1
-0.18512179706379614,-0.23222847887405004,-0.38303407290082336,-0.3968782277395545,-0.3539946864708616,0.6951511637468263,-0.3484023076996031,-0.28580754307836664,0.40929151737857733,-0.09821869463537178,-0.12336832183053278,-0.08151340335150738,0.7929659191616587,-0.055288559285612056,0.7929659191616587,-0.07350308183904865,-0.029700145875201134,0.7929659191616587,0.8568101446921702,0.7929659191616587,1
1.358872801545999,-0.23222847887405004,-0.38303407290082336,-0.3968782277395545,-0.3539946864708616,0.6951511637468263,-0.3484023076996031,-0.28580754307836664,0.40929151737857733,-0.10014736666582656,-0.125092823561551,-0.0952792403630034,-0.7863973222287248,-0.05558537264856827,-0.7863973222287248,-0.07447876978010413,-0.02971361355253427,-0.7863973222287248,0.8568101446921702,-0.7863973222287248,0
0.3493670326625248,-0.016717988718406615,2.596342301779915,1.3444522047557486,-0.3539946864708616,-0.4253073943407376,-0.3484023076996031,-0.28580754307836664,0.40929151737857733,-0.09867790226167053,-0.12377891748077521,-0.0952792403630034,-0.7863973222287248,-0.05558537264856827,-0.7863973222287248,-0.07447876978010413,-0.02971361355253427,-0.7863973222287248,-1.1592137251717594,-0.7863973222287248,0
-1.148163013783479,-0.23222847887405004,-0.38303407290082336,-0.3968782277395545,-0.3539946864708616,-0.4253073943407376,-0.3484023076996031,-0.28580754307836664,0.40929151737857733,-0.09629002260491698,-0.12164382009951458,-0.07967830081515344,2.0007789823678106,-0.05524899194613089,2.0007789823678106,-0.07337301567354008,-0.029698350519872418,2.0007789823678106,-1.1592137251717594,2.0007789823678106,1
-0.2775430568510878,-0.23222847887405004,-0.38303407290082336,-0.3968782277395545,-0.3539946864708616,0.6951511637468263,-0.3484023076996031,-0.28580754307836664,0.40929151737857733,-0.10014736666582656,-0.125092823561551,-0.0952792403630034,-0.7863973222287248,-0.05558537264856827,-0.7863973222287248,-0.07447876978010413,-0.02971361355253427,-0.7863973222287248,0.8568101446921702,-0.7863973222287248,1
-0.9094596053412349,-0.016717988718406615,2.596342301779915,1.3444522047557486,-0.3539946864708616,-0.4253073943407376,-0.3484023076996031,-0.28580754307836664,0.40929151737857733,-0.09867790226167053,-0.12377891748077521,-0.0952792403630034,-0.7863973222287248,-0.05558537264856827,-0.7863973222287248,-0.07447876978010413,-0.02971361355253427,-0.7863973222287248,-1.1592137251717594,-0.7863973222287248,0
1.9516688459282112,-0.23222847887405004,-0.38303407290082336,-0.3968782277395545,-0.3539946864708616,0.6951511637468263,-0.3484023076996031,-0.28580754307836664,0.40929151737857733,-0.10014736666582656,-0.125092823561551,-0.0952792403630034,-0.7863973222287248,-0.05558537264856827,-0.7863973222287248,-0.07447876978010413,-0.02971361355253427,-0.7863973222287248,0.8568101446921702,-0.7863973222287248,0
-0.9389006211625399,-0.515085997203332,-0.38303407290082336,-0.3968782277395545,3.076754480510806,1.8156097218343903,3.0524201511340276,2.275443199886972,-0.9326478838626592,-0.10207603869628136,-0.12410739400096915,-0.0952792403630034,-0.7863973222287248,-0.05558537264856827,-0.7863973222287248,-0.07447876978010413,-0.02971361355253427,-0.7863973222287248,0.8568101446921702,-0.7863973222287248,1
0.9797514521376054,-0.23222847887405004,-0.38303407290082336,-0.3968782277395545,-0.3539946864708616,0.6951511637468263,-0.3484023076996031,-0.28580754307836664,0.40929151737857733,-0.10014736666582656,-0.125092823561551,-0.0952792403630034,-0.7863973222287248,-0.05558537264856827,-0.7863973222287248,-0.07447876978010413,-0.02971361355253427,-0.7863973222287248,0.8568101446921702,-0.7863973222287248,0
-0.9437749259533429,-0.23222847887405004,-0.38303407290082336,-0.3968782277395545,-0.3539946864708616,-0.4253073943407376,-0.3484023076996031,-0.28580754307836664,0.40929151737857733,-0.09629002260491698,-0.12164382009951458,-0.07970058033213633,2.0047619552984024,-0.05524947199380857,2.0047619552984024,-0.07337459369120605,-0.029698372316828578,2.0047619552984024,-1.1592137251717594,2.0047619552984024,1
0.3141072931133597,-0.23222847887405004,-0.38303407290082336,-0.3968782277395545,-0.3539946864708616,-0.4253073943407376,-0.3484023076996031,-0.28580754307836664,0.40929151737857733,-0.10014736666582656,-0.125092823561551,-0.0952792403630034,-0.7863973222287248,-0.05558537264856827,-0.7863973222287248,-0.07447876978010413,-0.02971361355253427,-0.7863973222287248,-1.1592137251717594,-0.7863973222287248,0
0.9305750531056319,-0.23222847887405004,-0.38303407290082336,-0.3968782277395545,-0.3539946864708616,0.6951511637468263,-0.3484023076996031,-0.28580754307836664,0.40929151737857733,-0.09821869463537178,-0.12336832183053278,-0.08151630783543837,0.7932992146311167,-0.055288621890446345,0.7932992146311167,-0.07350328763430414,-0.029700148716775707,0.7932992146311167,0.8568101446921702,0.7932992146311167,0
-0.31581763091377085,-0.07059561125731748,-0.38303407290082336,-0.3968782277395545,1.5946883463235788,-0.9855366733845196,1.5489447624391783,1.464187308449987,-0.9326478838626592,-0.09904526836270953,-0.12410739400096915,-0.0952792403630034,-0.7863973222287248,-0.05558537264856827,-0.7863973222287248,-0.07447876978010413,-0.02971361355253427,-0.7863973222287248,0.8568101446921702,-0.7863973222287248,1
-0.9519219270834816,-0.23222847887405004,-0.38303407290082336,-0.3968782277395545,-0.3539946864708616,-0.4253073943407376,-0.3484023076996031,-0.28580754307836664,0.40929151737857733,-0.09821869463537178,-0.12336832183053278,-0.08212079469844319,0.8658698530279089,-0.05530165574507242,0.8658698530279089,-0.07354613265535533,-0.02970074011081998,0.8658698530279089,-1.1592137251717594,0.8658698530279089,1
0.3905017241432352,-0.016717988718406615,2.596342301779915,1.3444522047557486,-0.3539946864708616,-0.4253073943407376,-0.3484023076996031,-0.28580754307836664,0.40929151737857733,-0.09867790226167053,-0.12377891748077521,-0.0952792403630034,-0.7863973222287248,-0.05558537264856827,-0.7863973222287248,-0.07447876978010413,-0.02971361355253427,-0.7863973222287248,-1.1592137251717594,-0.7863973222287248,0
-0.2608973597117093,-0.23222847887405004,-0.38303407290082336,-0.3968782277395545,-0.3539946864708616,0.6951511637468263,-0.3484023076996031,-0.28580754307836664,0.40929151737857733,-0.10014736666582656,-0.125092823561551,-0.0952792403630034,-0.7863973222287248,-0.05558537264856827,-0.7863973222287248,-0.07447876978010413,-0.02971361355253427,-0.7863973222287248,0.8568101446921702,-0.7863973222287248,1
1.8592250232311605,-0.23222847887405004,-0.38303407290082336,-0.3968782277395545,-0.3539946864708616,0.6951511637468263,-0.3484023076996031,-0.28580754307836664,0.40929151737857733,-0.10014736666582656,-0.125092823561551,-0.0952792403630034,-0.7863973222287248,-0.05558537264856827,-0.7863973222287248,-0.07447876978010413,-0.02971361355253427,-0.7863973222287248,0.8568101446921702,-0.7863973222287248,0
-1.0557134608236323,-0.15141204506568376,-0.36701592034877634,-0.6870999664887717,-0.11432991050020688,1.8156097218343903,-0.3484023076996031,1.9354883501419495,-0.9326478838626592,-0.09711659633225475,-0.12000143749854485,0.6578844359132943,-0.7575307427938665,-0.034706135835016194,-0.7575307427938665,-0.005844327669660164,-0.028239912301942036,-0.7575307427938665,-1.1592137251717594,-0.7575307427938665,1
0.9507520246930132,-0.23222847887405004,-0.38303407290082336,-0.3968782277395545,-0.3539946864708616,-0.4253073943407376,-0.3484023076996031,-0.28580754307836664,0.40929151737857733,-0.09821869463537178,-0.12336832183053278,-0.08154478594617644,0.7965763131788788,-0.05528923626473664,0.7965763131788788,-0.07350530721179342,-0.029700176578067842,0.7965763131788788,-1.1592137251717594,0.7965763131788788,0
0.8876994361592276,-0.23222847887405004,-0.38303407290082336,-0.3968782277395545,-0.3539946864708616,0.6951511637468263,-0.3484023076996031,-0.28580754307836664,0.40929151737857733,-0.10014736666582656,-0.125092823561551,-0.0952792403630034,-0.7863973222287248,-0.05558537264856827,-0.7863973222287248,-0.07447876978010413,-0.02971361355253427,-0.7863973222287248,0.8568101446921702,-0.7863973222287248,0
0.3214380899365005,-0.23222847887405004,-0.38303407290082336,-0.3968782277395545,-0.3539946864708616,0.6951511637468263,-0.3484023076996031,-0.28580754307836664,0.40929151737857733,-0.09821869463537178,-0.12336832183053278,-0.08158725516853334,0.8014867436681272,-0.05529015203460554,0.8014867436681272,-0.07350831753993015,-0.029700218127432607,0.8014867436681272,0.8568101446921702,0.8014867436681272,1
-0.1324671285146824,-0.23222847887405004,-0.38303407290082336,-0.3968782277395545,-0.3539946864708616,0.6951511637468263,-0.3484023076996031,-0.28580754307836664,0.40929151737857733,-0.10014736666582656,-0.125092823561551,-0.0952792403630034,-0.7863973222287248,-0.05558537264856827,-0.7863973222287248,-0.07447876978010413,-0.02971361355253427,-0.7863973222287248,0.8568101446921702,-0.7863973222287248,1
-1.041629907436892,-0.07059561125731748,-0.38303407290082336,-0.3968782277395545,4.462433693927226,-0.9855366733845196,4.305260137289969,4.348008846343841,-0.9326478838626592,-0.09904526836270953,-0.12139746270936912,-0.0952792403630034,-0.7863973222287248,-0.05558537264856827,-0.7863973222287248,-0.07447876978010413,-0.02971361355253427,-0.7863973222287248,0.8568101446921702,-0.7863973222287248,1
-0.8068836035966745,-0.23222847887405004,-0.38303407290082336,-0.3968782277395545,-0.3539946864708616,-0.4253073943407376,-0.3484023076996031,-0.28580754307836664,0.40929151737857733,-0.10014736666582656,-0.125092823561551,-0.0952792403630034,-0.7863973222287248,-0.05558537264856827,-0.7863973222287248,-0.07447876978010413,-0.02971361355253427,-0.7863973222287248,-1.1592137251717594,-0.7863973222287248,1
-1.0551357787055158,-0.016717988718406615,2.596342301779915,1.3444522047557486,-0.3539946864708616,-0.4253073943407376,-0.3484023076996031,-0.28580754307836664,0.40929151737857733,-0.09867790226167053,-0.12377891748077521,-0.0952792403630034,-0.7863973222287248,-0.05558537264856827,-0.7863973222287248,-0.07447876978010413,-0.02971361355253427,-0.7863973222287248,-1.1592137251717594,-0.7863973222287248,0
-1.0637623312033904,-0.016717988718406615,2.596342301779915,1.3444522047557486,-0.3539946864708616,-0.4253073943407376,-0.3484023076996031,-0.28580754307836664,0.40929151737857733,-0.09867790226167053,-0.12377891748077521,-0.0952792403630034,-0.7863973222287248,-0.05558537264856827,-0.7863973222287248,-0.07447876978010413,-0.02971361355253427,-0.7863973222287248,-1.1592137251717594,-0.7863973222287248,0
-1.113951196043123,-0.016717988718406615,2.596342301779915,1.3444522047557486,-0.3539946864708616,-0.4253073943407376,-0.3484023076996031,-0.28580754307836664,0.40929151737857733,-0.09867790226167053,-0.12377891748077521,-0.0952792403630034,-0.7863973222287248,-0.05558537264856827,-0.7863973222287248,-0.07447876978010413,-0.02971361355253427,-0.7863973222287248,-1.1592137251717594,-0.7863973222287248,0
-0.5538735196600728,0.14491487889832597,-0.4631248356610583,1.0542304660065314,-0.3539946864708616,-1.5457659524283016,-0.3484023076996031,-0.28580754307836664,-4.958466087586369,-0.0975758039585535,-0.12279348792019337,-0.0952792403630034,-0.7863973222287248,-0.05558537264856827,-0.7863973222287248,-0.07447876978010413,-0.02971361355253427,-0.7863973222287248,-1.1592137251717594,-0.7863973222287248,0
0.19665158959484688,0.14491487889832597,-0.4631248356610583,1.0542304660065314,-0.3539946864708616,-1.5457659524283016,-0.3484023076996031,-0.28580754307836664,-4.958466087586369,-0.0975758039585535,-0.12279348792019337,-0.0952792403630034,-0.7863973222287248,-0.05558537264856827,-0.7863973222287248,-0.07447876978010413,-0.02971361355253427,-0.7863973222287248,-1.1592137251717594,-0.7863973222287248,0
0.003184666370937551,-0.23222847887405004,-0.38303407290082336,-0.3968782277395545,-0.3539946864708616,0.6951511637468263,-0.3484023076996031,-0.28580754307836664,0.40929151737857733,-0.09821869463537178,-0.12336832183053278,-0.08159766880604204,0.80269348196086,-0.05529037622596523,0.80269348196086,-0.07350905450407474,-0.029700228315517045,0.80269348196086,0.8568101446921702,0.80269348196086,1
0.7666684067974682,-0.23222847887405004,-0.38303407290082336,-0.3968782277395545,-0.3539946864708616,0.6951511637468263,-0.3484023076996031,-0.28580754307836664,0.40929151737857733,-0.10014736666582656,-0.125092823561551,-0.0952792403630034,-0.7863973222287248,-0.05558537264856827,-0.7863973222287248,-0.07447876978010413,-0.02971361355253427,-0.7863973222287248,0.8568101446921702,-0.7863973222287248,0
1.9006458697102435,-0.23222847887405004,-0.38303407290082336,-0.3968782277395545,-0.3539946864708616,0.6951511637468263,-0.3484023076996031,-0.28580754307836664,0.40929151737857733,-0.10014736666582656,-0.125092823561551,-0.0952792403630034,-0.7863973222287248,-0.05558537264856827,-0.7863973222287248,-0.07447876978010413,-0.02971361355253427,-0.7863973222287248,0.8568101446921702,-0.7863973222287248,0
0.28532669007928774,-0.016717988718406615,-0.36701592034877634,-0.6870999664887717,-0.3539946864708616,0.6951511637468263,-0.3484023076996031,-0.28580754307836664,-0.9326478838626592,-0.09867790226167053,-0.12377891748077521,-0.0952792403630034,-0.7863973222287248,-0.05558537264856827,-0.7863973222287248,-0.07447876978010413,-0.02971361355253427,-0.7863973222287248,0.8568101446921702,-0.7863973222287248,0
0.18210281049736046,-0.515085997203332,-0.38303407290082336,-0.3968782277395545,1.7280670042550736,1.8156097218343903,1.646794800812728,1.8591916651139475,-0.9326478838626592,-0.10207603869628136,-0.12410739400096915,-0.0952792403630034,-0.7863973222287248,-0.05558537264856827,-0.7863973222287248,-0.07447876978010413,-0.02971361355253427,-0.7863973222287248,0.8568101446921702,-0.7863973222287248,1
-1.1343896108705693,-0.23222847887405004,-0.38303407290082336,-0.3968782277395545,-0.3539946864708616,-0.4253073943407376,-0.3484023076996031,-0.28580754307836664,0.40929151737857733,-0.09629002260491698,-0.12164382009951458,-0.07968495987587328,2.0019654651347754,-0.05524913511692935,2.0019654651347754,-0.07337348630606207,-0.029698357034701924,2.0019654651347754,-1.1592137251717594,2.0019654651347754,1
-1.1094572374454008,-0.016717988718406615,2.596342301779915,1.3444522047557486,-0.3539946864708616,-0.4253073943407376,-0.3484023076996031,-0.28580754307836664,0.40929151737857733,-0.09867790226167053,-0.12377891748077521,-0.0952792403630034,-0.7863973222287248,-0.05558537264856827,-0.7863973222287248,-0.07447876978010413,-0.02971361355253427,-0.7863973222287248,-1.1592137251717594,-0.7863973222287248,0
1.8971590047989095,-0.23222847887405004,-0.38303407290082336,-0.3968782277395545,-0.3539946864708616,0.6951511637468263,-0.3484023076996031,-0.28580754307836664,0.40929151737857733,-0.10014736666582656,-0.125092823561551,-0.0952792403630034,-0.7863973222287248,-0.05558537264856827,-0.7863973222287248,-0.07447876978010413,-0.02971361355253427,-0.7863973222287248,0.8568101446921702,-0.7863973222287248,0
-0.8076750961453648,-0.016717988718406615,2.596342301779915,1.3444522047557486,-0.3539946864708616,-0.4253073943407376,-0.3484023076996031,-0.28580754307836664,0.40929151737857733,-0.09867790226167053,-0.12377891748077521,-0.0952792403630034,-0.7863973222287248,-0.05558537264856827,-0.7863973222287248,-0.07447876978010413,-0.02971361355253427,-0.7863973222287248,-1.1592137251717594,-0.7863973222287248,0
-0.7817438662865778,-0.23222847887405004,-0.38303407290082336,-0.3968782277395545,-0.3539946864708616,-0.4253073943407376,-0.3484023076996031,-0.28580754307836664,0.40929151737857733,-0.10014736666582656,-0.125092823561551,-0.0952792403630034,-0.7863973222287248,-0.05558537264856827,-0.7863973222287248,-0.07447876978010413,-0.02971361355253427,-0.7863973222287248,-1.1592137251717594,-0.7863973222287248,1
0.4433139749192375,-0.23222847887405004,-0.38303407290082336,-0.3968782277395545,-0.3539946864708616,-0.4253073943407376,-0.3484023076996031,-0.28580754307836664,0.40929151737857733,-0.10014736666582656,-0.125092823561551,-0.0952792403630034,-0.7863973222287248,-0.05558537264856827,-0.7863973222287248,-0.07447876978010413,-0.02971361355253427,-0.7863973222287248,-1.1592137251717594,-0.7863973222287248,0
-0.38717444466315887,-0.23222847887405004,-0.38303407290082336,-0.3968782277395545,-0.3539946864708616,0.6951511637468263,-0.3484023076996031,-0.28580754307836664,0.40929151737857733,-0.09821869463537178,-0.12336832183053278,-0.08151404092115078,0.7930401894228086,-0.055288573228103925,0.7930401894228086,-0.07350312767095141,-0.029700146498961404,0.7930401894228086,0.8568101446921702,0.7930401894228086,1
-1.0406518232059085,4.18573656931664,-0.36701592034877634,-0.6870999664887717,-0.3539946864708616,-2.1059952314720833,-0.3484023076996031,-0.28580754307836664,0.40929151737857733,0.05818742288198608,0.08583016196798555,1.171561050311915,-0.717750117792842,0.5814415603588823,-0.717750117792842,1.4177529306105314,-0.02754466141005328,-0.717750117792842,0.8568101446921702,-0.717750117792842,0
1.2754591567325122,-0.23222847887405004,-0.38303407290082336,-0.3968782277395545,-0.3539946864708616,0.6951511637468263,-0.3484023076996031,-0.28580754307836664,0.40929151737857733,-0.10014736666582656,-0.125092823561551,-0.0952792403630034,-0.7863973222287248,-0.05558537264856827,-0.7863973222287248,-0.07447876978010413,-0.02971361355253427,-0.7863973222287248,0.8568101446921702,-0.7863973222287248,0
-0.12107393351063943,0.986752731068808,-0.38303407290082336,-0.3968782277395545,3.285992250140838,-2.1059952314720833,3.3792235513965485,1.4052746782384917,-0.9326478838626592,-0.07135504849689428,-0.09360013718795657,1.5527624524320465,-0.7600129654061816,0.1626973617363651,-0.7600129654061816,0.545721639859357,-0.026488921368096763,-0.7600129654061816,-1.1592137251717594,-0.7600129654061816,1
-1.0952332926201598,-0.12447323379622834,-0.639324513733575,4.24666959224792,-0.3539946864708616,0.6951511637468263,-0.3484023076996031,-0.28580754307836664,-0.9326478838626592,-0.09941263446374855,-0.1244358705211631,-0.0952792403630034,-0.7863973222287248,-0.05558537264856827,-0.7863973222287248,-0.07447876978010413,-0.02971361355253427,-0.7863973222287248,-1.1592137251717594,-0.7863973222287248,1
-0.26069930750382436,0.2107653146771871,-0.38303407290082336,-0.3968782277395545,4.119713064289189,-2.1059952314720833,4.297508526902168,1.2381945958353984,-0.9326478838626592,-0.057532898945301586,0.40420602916596615,-0.0356352377935511,2.1297403906993218,-0.0106550767642657,2.1297403906993218,-0.06362085415452158,-0.02957502722308657,2.1297403906993218,-1.1592137251717594,2.1297403906993218,1
-0.07868395633619171,-0.07059561125731748,-0.38303407290082336,-0.3968782277395545,2.5499087816814012,-0.9855366733845196,2.6211385239054894,1.100087938126483,-0.9326478838626592,-0.09904526836270953,-0.12139746270936912,-0.0952792403630034,-0.7863973222287248,-0.05558537264856827,-0.7863973222287248,-0.07447876978010413,-0.02971361355253427,-0.7863973222287248,0.8568101446921702,-0.7863973222287248,1
0.04333661778214295,-0.23222847887405004,-0.38303407290082336,-0.3968782277395545,-0.3539946864708616,0.6951511637468263,-0.3484023076996031,-0.28580754307836664,0.40929151737857733,-0.09821869463537178,-0.12336832183053278,-0.07973901161341843,0.6126322008554415,-0.05525030029238394,0.6126322008554415,-0.07337731648280656,-0.029698409915711627,0.6126322008554415,0.8568101446921702,0.6126322008554415,1
1.4658023704497807,-0.23222847887405004,-0.38303407290082336,-0.3968782277395545,-0.3539946864708616,0.6951511637468263,-0.3484023076996031,-0.28580754307836664,0.40929151737857733,-0.09821869463537178,-0.12336832183053278,-0.08152604848276794,0.7944187927826651,-0.055288832068851615,0.7944187927826651,-0.0735039785349208,-0.029700158246446524,0.7944187927826651,0.8568101446921702,0.7944187927826651,0
-1.0098319628993289,-0.016717988718406615,2.596342301779915,1.3444522047557486,-0.3539946864708616,-0.4253073943407376,-0.3484023076996031,-0.28580754307836664,0.40929151737857733,-0.09867790226167053,-0.12377891748077521,-0.0952792403630034,-0.7863973222287248,-0.05558537264856827,-0.7863973222287248,-0.07447876978010413,-0.02971361355253427,-0.7863973222287248,-1.1592137251717594,-0.7863973222287248,0
-1.1597628563896007,-0.23222847887405004,-0.38303407290082336,-0.3968782277395545,-0.3539946864708616,-0.4253073943407376,-0.3484023076996031,-0.28580754307836664,0.40929151737857733,-0.09821869463537178,-0.12336832183053278,-0.08295140626163684,0.9771936088458505,-0.0553195649031515,0.9771936088458505,-0.07360500382408637,-0.029701552731840625,0.9771936088458505,-1.1592137251717594,0.9771936088458505,1
-1.0166670919906202,-0.016717988718406615,2.596342301779915,1.3444522047557486,-0.3539946864708616,-0.4253073943407376,-0.3484023076996031,-0.28580754307836664,0.40929151737857733,-0.09867790226167053,-0.12377891748077521,-0.0952792403630034,-0.7863973222287248,-0.05558537264856827,-0.7863973222287248,-0.07447876978010413,-0.02971361355253427,-0.7863973222287248,-1.1592137251717594,-0.7863973222287248,0
-0.4525116173454038,-0.23222847887405004,-0.38303407290082336,-0.3968782277395545,-0.3539946864708616,0.6951511637468263,-0.3484023076996031,-0.28580754307836664,0.40929151737857733,-0.09629002260491698,-0.12164382009951458,-0.07977220065541042,2.0176499939212458,-0.05525101587134499,2.0176499939212458,-0.07337966874133096,-0.0296984423858991,2.0176499939212458,0.8568101446921702,2.0176499939212458,1
-0.4439835537393347,-0.23222847887405004,-0.38303407290082336,-0.3968782277395545,-0.3539946864708616,0.6951511637468263,-0.3484023076996031,-0.28580754307836664,0.40929151737857733,-0.10014736666582656,-0.125092823561551,-0.0952792403630034,-0.7863973222287248,-0.05558537264856827,-0.7863973222287248,-0.07447876978010413,-0.02971361355253427,-0.7863973222287248,0.8568101446921702,-0.7863973222287248,1
-0.06970033683784474,-0.23222847887405004,-0.38303407290082336,-0.3968782277395545,-0.3539946864708616,0.6951511637468263,-0.3484023076996031,-0.28580754307836664,0.40929151737857733,-0.10014736666582656,-0.125092823561551,-0.0952792403630034,-0.7863973222287248,-0.05558537264856827,-0.7863973222287248,-0.07447876978010413,-0.02971361355253427,-0.7863973222287248,0.8568101446921702,-0.7863973222287248,1
-0.5059387969476963,-0.23222847887405004,-0.38303407290082336,-0.3968782277395545,-0.3539946864708616,0.6951511637468263,-0.3484023076996031,-0.28580754307836664,0.40929151737857733,-0.10014736666582656,-0.125092823561551,-0.0952792403630034,-0.7863973222287248,-0.05558537264856827,-0.7863973222287248,-0.07447876978010413,-0.02971361355253427,-0.7863973222287248,0.8568101446921702,-0.7863973222287248,1
-0.40440928444624574,-0.07059561125731748,-0.38303407290082336,-0.3968782277395545,2.021916860010398,1.8156097218343903,1.944052207857977,2.0272375283401805,-0.9326478838626592,-0.09904526836270953,-0.12410739400096915,-0.0952792403630034,-0.7863973222287248,-0.05558537264856827,-0.7863973222287248,-0.07447876978010413,-0.02971361355253427,-0.7863973222287248,0.8568101446921702,-0.7863973222287248,1
-0.07540481345121065,-0.23222847887405004,-0.38303407290082336,-0.3968782277395545,-0.3539946864708616,0.6951511637468263,-0.3484023076996031,-0.28580754307836664,0.40929151737857733,-0.10014736666582656,-0.125092823561551,-0.0952792403630034,-0.7863973222287248,-0.05558537264856827,-0.7863973222287248,-0.07447876978010413,-0.02971361355253427,-0.7863973222287248,0.8568101446921702,-0.7863973222287248,1
0.1793830845178338,-0.23222847887405004,-0.38303407290082336,-0.3968782277395545,-0.3539946864708616,0.6951511637468263,-0.3484023076996031,-0.28580754307836664,0.40929151737857733,-0.09821869463537178,-0.12336832183053278,-0.08149721616667244,0.7911122316519675,-0.05528821051420073,0.7911122316519675,-0.07350193535407634,-0.029700130038620903,0.7911122316519675,0.8568101446921702,0.7911122316519675,1
-0.9048499670633198,-0.23222847887405004,-0.38303407290082336,-0.3968782277395545,-0.3539946864708616,-0.4253073943407376,-0.3484023076996031,-0.28580754307836664,0.40929151737857733,-0.10014736666582656,-0.125092823561551,-0.0952792403630034,-0.7863973222287248,-0.05558537264856827,-0.7863973222287248,-0.07447876978010413,-0.02971361355253427,-0.7863973222287248,-1.1592137251717594,-0.7863973222287248,1
-1.179651524130061,-0.23222847887405004,-0.5592337509733402,2.7955608985018343,-0.3539946864708616,-0.4253073943407376,-0.3484023076996031,-0.28580754307836664,0.40929151737857733,-0.10014736666582656,-0.125092823561551,-0.0952792403630034,-0.7863973222287248,-0.05558537264856827,-0.7863973222287248,-0.07447876978010413,-0.02971361355253427,-0.7863973222287248,-1.1592137251717594,-0.7863973222287248,1
-0.5465448716854805,-0.23222847887405004,-0.38303407290082336,-0.3968782277395545,-0.3539946864708616,0.6951511637468263,-0.3484023076996031,-0.28580754307836664,0.40929151737857733,-0.10014736666582656,-0.125092823561551,-0.0952792403630034,-0.7863973222287248,-0.05558537264856827,-0.7863973222287248,-0.07447876978010413,-0.02971361355253427,-0.7863973222287248,0.8568101446921702,-0.7863973222287248,1
1.8885292290282123,-0.23222847887405004,-0.38303407290082336,-0.3968782277395545,-0.3539946864708616,0.6951511637468263,-0.3484023076996031,-0.28580754307836664,0.40929151737857733,-0.09821869463537178,-0.12336832183053278,-0.0815500636060023,0.7971839789519234,-0.05528934988672612,0.7971839789519234,-0.07350568071116646,-0.029700181741416757,0.7971839789519234,0.8568101446921702,0.7971839789519234,0
1.9731415731903261,-0.23222847887405004,-0.38303407290082336,-0.3968782277395545,-0.3539946864708616,0.6951511637468263,-0.3484023076996031,-0.28580754307836664,0.40929151737857733,-0.10014736666582656,-0.125092823561551,-0.0952792403630034,-0.7863973222287248,-0.05558537264856827,-0.7863973222287248,-0.07447876978010413,-0.02971361355253427,-0.7863973222287248,0.8568101446921702,-0.7863973222287248,0
-0.5990971117871167,-0.23222847887405004,-0.38303407290082336,-0.3968782277395545,-0.3539946864708616,-0.4253073943407376,-0.3484023076996031,-0.28580754307836664,0.40929151737857733,-0.09821869463537178,-0.12336832183053278,-0.08155941462743865,0.7982642736595581,-0.05528955167099666,0.7982642736595581,-0.07350634401849704,-0.02970019088990074,0.7982642736595581,-1.1592137251717594,0.7982642736595581,1
-0.9237641319870441,-0.23222847887405004,-0.38303407290082336,-0.3968782277395545,-0.3539946864708616,-0.4253073943407376,-0.3484023076996031,-0.28580754307836664,0.40929151737857733,-0.09821869463537178,-0.12336832183053278,-0.07974212862056389,0.6129145506085731,-0.055250367888693946,0.6129145506085731,-0.07337753868609244,-0.029698412965206287,0.6129145506085731,-1.1592137251717594,0.6129145506085731,1
-0.3540331116413707,-0.515085997203332,-0.38303407290082336,-0.3968782277395545,2.0620346594663554,1.8156097218343903,2.093467306637335,1.1145746504735718,-0.9326478838626592,-0.10207603869628136,-0.12410739400096915,-0.0952792403630034,-0.7863973222287248,-0.05558537264856827,-0.7863973222287248,-0.07447876978010413,-0.02971361355253427,-0.7863973222287248,0.8568101446921702,-0.7863973222287248,1
0.3912018906286151,-0.23222847887405004,-0.38303407290082336,-0.3968782277395545,-0.3539946864708616,-0.4253073943407376,-0.3484023076996031,-0.28580754307836664,0.40929151737857733,-0.10014736666582656,-0.125092823561551,-0.0952792403630034,-0.7863973222287248,-0.05558537264856827,-0.7863973222287248,-0.07447876978010413,-0.02971361355253427,-0.7863973222287248,-1.1592137251717594,-0.7863973222287248,0
-0.6398367732763315,0.14491487889832597,-0.4631248356610583,1.0542304660065314,-0.3539946864708616,-1.5457659524283016,-0.3484023076996031,-0.28580754307836664,-4.958466087586369,-0.0975758039585535,-0.12279348792019337,-0.0952792403630034,-0.7863973222287248,-0.05558537264856827,-0.7863973222287248,-0.07447876978010413,-0.02971361355253427,-0.7863973222287248,-1.1592137251717594,-0.7863973222287248,0
2.089271079013002,-0.23222847887405004,-0.38303407290082336,-0.3968782277395545,-0.3539946864708616,0.6951511637468263,-0.3484023076996031,-0.28580754307836664,0.40929151737857733,-0.09821869463537178,-0.12336832183053278,-0.08154453800242623,0.7965462367921323,-0.05528923061182219,0.7965462367921323,-0.07350528862947485,-0.029700176335494405,0.7965462367921323,0.8568101446921702,0.7965462367921323,0
-1.162295274403985,-0.12447323379622834,-0.5912700560774341,3.3760043760002687,-0.3539946864708616,0.6951511637468263,-0.3484023076996031,-0.28580754307836664,-0.9326478838626592,-0.09941263446374855,-0.1244358705211631,-0.0952792403630034,-0.7863973222287248,-0.05558537264856827,-0.7863973222287248,-0.07447876978010413,-0.02971361355253427,-0.7863973222287248,-1.1592137251717594,-0.7863973222287248,1
2.235667116641024,-0.23222847887405004,-0.38303407290082336,-0.3968782277395545,-0.3539946864708616,0.6951511637468263,-0.3484023076996031,-0.28580754307836664,0.40929151737857733,-0.10014736666582656,-0.125092823561551,-0.0952792403630034,-0.7863973222287248,-0.05558537264856827,-0.7863973222287248,-0.07447876978010413,-0.02971361355253427,-0.7863973222287248,0.8568101446921702,-0.7863973222287248,0
1.0063327086823077,-0.23222847887405004,-0.38303407290082336,-0.3968782277395545,-0.3539946864708616,0.6951511637468263,-0.3484023076996031,-0.28580754307836664,0.40929151737857733,-0.10014736666582656,-0.125092823561551,-0.0952792403630034,-0.7863973222287248,-0.05558537264856827,-0.7863973222287248,-0.07447876978010413,-0.02971361355253427,-0.7863973222287248,0.8568101446921702,-0.7863973222287248,0
-1.079503004962434,-0.016717988718406615,2.596342301779915,1.3444522047557486,-0.3539946864708616,-0.4253073943407376,-0.3484023076996031,-0.28580754307836664,0.40929151737857733,-0.09867790226167053,-0.12377891748077521,-0.0952792403630034,-0.7863973222287248,-0.05558537264856827,-0.7863973222287248,-0.07447876978010413,-0.02971361355253427,-0.7863973222287248,-1.1592137251717594,-0.7863973222287248,0
2.064282835525573,-0.23222847887405004,-0.38303407290082336,-0.3968782277395545,-0.3539946864708616,0.6951511637468263,-0.3484023076996031,-0.28580754307836664,0.40929151737857733,-0.09821869463537178,-0.12336832183053278,-0.0815390123988502,0.7959115636513968,-0.05528911182106413,0.7959115636513968,-0.07350489813927254,-0.029700170929572046,0.7959115636513968,0.8568101446921702,0.7959115636513968,0
0.33966999544608234,-0.016717988718406615,2.596342301779915,1.3444522047557486,-0.3539946864708616,-0.4253073943407376,-0.3484023076996031,-0.28580754307836664,0.40929151737857733,-0.09867790226167053,-0.12377891748077521,-0.0952792403630034,-0.7863973222287248,-0.05558537264856827,-0.7863973222287248,-0.07447876978010413,-0.02971361355253427,-0.7863973222287248,-1.1592137251717594,-0.7863973222287248,0
1.4944486704495725,-0.23222847887405004,-0.38303407290082336,-0.3968782277395545,-0.3539946864708616,0.6951511637468263,-0.3484023076996031,-0.28580754307836664,0.40929151737857733,-0.10014736666582656,-0.125092823561551,-0.0952792403630034,-0.7863973222287248,-0.05558537264856827,-0.7863973222287248,-0.07447876978010413,-0.02971361355253427,-0.7863973222287248,0.8568101446921702,-0.7863973222287248,0
0.2598936349423235,-0.016717988718406615,2.596342301779915,1.3444522047557486,-0.3539946864708616,-0.4253073943407376,-0.3484023076996031,-0.28580754307836664,0.40929151737857733,-0.09867790226167053,-0.12377891748077521,-0.0952792403630034,-0.7863973222287248,-0.05558537264856827,-0.7863973222287248,-0.07447876978010413,-0.02971361355253427,-0.7863973222287248,-1.1592137251717594,-0.7863973222287248,0
0.4879025823002054,-0.23222847887405004,-0.38303407290082336,-0.3968782277395545,-0.3539946864708616,-0.4253073943407376,-0.3484023076996031,-0.28580754307836664,0.40929151737857733,-0.10014736666582656,-0.125092823561551,-0.0952792403630034,-0.7863973222287248,-0.05558537264856827,-0.7863973222287248,-0.07447876978010413,-0.02971361355253427,-0.7863973222287248,-1.1592137251717594,-0.7863973222287248,0
0.36187548006322906,-0.23222847887405004,-0.38303407290082336,-0.3968782277395545,-0.3539946864708616,0.6951511637468263,-0.3484023076996031,-0.28580754307836664,0.40929151737857733,-0.10014736666582656,-0.125092823561551,-0.0952792403630034,-0.7863973222287248,-0.05558537264856827,-0.7863973222287248,-0.07447876978010413,-0.02971361355253427,-0.7863973222287248,0.8568101446921702,-0.7863973222287248,1
1.6194321485748369,-0.23222847887405004,-0.38303407290082336,-0.3968782277395545,-0.3539946864708616,0.6951511637468263,-0.3484023076996031,-0.28580754307836664,0.40929151737857733,-0.09821869463537178,-0.12336832183053278,-0.08156483396940747,0.7988878983316926,-0.055289668031933435,0.7988878983316926,-0.07350672652136579,-0.02970019619186305,0.7988878983316926,0.8568101446921702,0.7988878983316926,0
0.6086657218762543,-0.23222847887405004,-0.38303407290082336,-0.3968782277395545,-0.3539946864708616,0.6951511637468263,-0.3484023076996031,-0.28580754307836664,0.40929151737857733,-0.10014736666582656,-0.125092823561551,-0.0952792403630034,-0.7863973222287248,-0.05558537264856827,-0.7863973222287248,-0.07447876978010413,-0.02971361355253427,-0.7863973222287248,0.8568101446921702,-0.7863973222287248,0
-0.9571651175417737,-0.23222847887405004,-0.38303407290082336,-0.3968782277395545,-0.3539946864708616,-0.4253073943407376,-0.3484023076996031,-0.28580754307836664,0.40929151737857733,-0.09821869463537178,-0.12336832183053278,-0.0821657787788379,0.8715364898125016,-0.055302625464247544,0.8715364898125016,-0.07354932032620669,-0.029700784120572483,0.8715364898125016,-1.1592137251717594,0.8715364898125016,1
0.5813373823195304,-0.23222847887405004,-0.38303407290082336,-0.3968782277395545,-0.3539946864708616,-0.4253073943407376,-0.3484023076996031,-0.28580754307836664,0.40929151737857733,-0.09821869463537178,-0.12336832183053278,-0.08160273394265341,0.8032815060119477,-0.055290485338351854,0.8032815060119477,-0.0735094131794349,-0.02970023327094587,0.8032815060119477,-1.1592137251717594,0.8032815060119477,0
-0.3042851188955014,-0.07059561125731748,-0.38303407290082336,-0.3968782277395545,1.9369921676555792,-0.9855366733845196,1.871029791161298,1.8678836925222013,-0.9326478838626592,-0.09904526836270953,-0.12139746270936912,-0.0952792403630034,-0.7495850524584512,-0.05558537264856827,-0.7495850524584512,-0.07447876978010413,-0.02913580732875065,-0.7495850524584512,0.8568101446921702,-0.7495850524584512,1
1.606054850077697,-0.23222847887405004,-0.38303407290082336,-0.3968782277395545,-0.3539946864708616,0.6951511637468263,-0.3484023076996031,-0.28580754307836664,0.40929151737857733,-0.10014736666582656,-0.125092823561551,-0.0952792403630034,-0.7863973222287248,-0.05558537264856827,-0.7863973222287248,-0.07447876978010413,-0.02971361355253427,-0.7863973222287248,0.8568101446921702,-0.7863973222287248,0
1.4349846589917492,-0.23222847887405004,-0.38303407290082336,-0.3968782277395545,-0.3539946864708616,0.6951511637468263,-0.3484023076996031,-0.28580754307836664,0.40929151737857733,-0.10014736666582656,-0.125092823561551,-0.0952792403630034,-0.7863973222287248,-0.05558537264856827,-0.7863973222287248,-0.07447876978010413,-0.02971361355253427,-0.7863973222287248,0.8568101446921702,-0.7863973222287248,0
0.24702919496542092,7.450945259146465,-0.36701592034877634,-0.6870999664887717,-0.3539946864708616,-0.4253073943407376,-0.3484023076996031,-0.28580754307836664,0.40929151737857733,0.22382361368794904,0.16458240768448373,-0.05079203924370873,1.6571433739073342,-0.0285674861897243,1.6571433739073342,0.01433470461386739,-0.0296700899172022,1.6571433739073342,-1.1592137251717594,1.6571433739073342,0
-1.125528117598061,-0.23222847887405004,-0.38303407290082336,-0.3968782277395545,-0.3539946864708616,-0.4253073943407376,-0.3484023076996031,-0.28580754307836664,0.40929151737857733,-0.10014736666582656,-0.125092823561551,-0.0952792403630034,-0.7863973222287248,-0.05558537264856827,-0.7863973222287248,-0.07447876978010413,-0.02971361355253427,-0.7863973222287248,-1.1592137251717594,-0.7863973222287248,1
1.0598949076017297,-0.23222847887405004,-0.38303407290082336,-0.3968782277395545,-0.3539946864708616,0.6951511637468263,-0.3484023076996031,-0.28580754307836664,0.40929151737857733,-0.09821869463537178,-0.12336832183053278,-0.0815236753068731,0.7941438086752672,-0.05528878049481502,0.7941438086752672,-0.073503809000217,-0.02970015592467218,0.7941438086752672,0.8568101446921702,0.7941438086752672,0
0.6836648339153165,-0.23222847887405004,-0.38303407290082336,-0.3968782277395545,-0.3539946864708616,0.6951511637468263,-0.3484023076996031,-0.28580754307836664,0.40929151737857733,-0.09821869463537178,-0.12336832183053278,-0.08162547392660097,0.8059294556532749,-0.055290975687198936,0.8059294556532749,-0.07351102505921092,-0.02970025551839556,0.8059294556532749,0.8568101446921702,0.8059294556532749,0
1.3029912787599172,-0.23222847887405004,-0.38303407290082336,-0.3968782277395545,-0.3539946864708616,0.6951511637468263,-0.3484023076996031,-0.28580754307836664,0.40929151737857733,-0.10014736666582656,-0.125092823561551,-0.0952792403630034,-0.7863973222287248,-0.05558537264856827,-0.7863973222287248,-0.07447876978010413,-0.02971361355253427,-0.7863973222287248,0.8568101446921702,-0.7863973222287248,0
-1.1014499114709135,-0.016717988718406615,0.48194616490971365,2.505339159752617,-0.3539946864708616,1.8156097218343903,-0.3484023076996031,-0.28580754307836664,-0.9326478838626592,-0.09867790226167053,-0.12156170096946609,-0.0952792403630034,-0.7553781328281421,-0.05558537264856827,-0.7553781328281421,-0.07447876978010413,-0.02902789746015884,-0.7553781328281421,0.8568101446921702,-0.7553781328281421,0
1.401651362166297,-0.23222847887405004,-0.38303407290082336,-0.3968782277395545,-0.3539946864708616,0.6951511637468263,-0.3484023076996031,-0.28580754307836664,0.40929151737857733,-0.10014736666582656,-0.125092823561551,-0.0952792403630034,-0.7863973222287248,-0.05558537264856827,-0.7863973222287248,-0.07447876978010413,-0.02971361355253427,-0.7863973222287248,0.8568101446921702,-0.7863973222287248,0
-0.7699527761596412,-0.23222847887405004,-0.38303407290082336,-0.3968782277395545,-0.3539946864708616,-0.4253073943407376,-0.3484023076996031,-0.28580754307836664,0.40929151737857733,-0.09821869463537178,-0.12336832183053278,-0.0816154853355212,0.8047638422158896,-0.0552907600263531,0.8047638422158896,-0.07351031613665926,-0.029700245746151304,0.8047638422158896,-1.1592137251717594,0.8047638422158896,1
-1.0382150289519319,-0.016717988718406615,2.596342301779915,1.3444522047557486,-0.3539946864708616,-0.4253073943407376,-0.3484023076996031,-0.28580754307836664,0.40929151737857733,-0.09867790226167053,-0.12377891748077521,-0.0952792403630034,-0.7863973222287248,-0.05558537264856827,-0.7863973222287248,-0.07447876978010413,-0.02971361355253427,-0.7863973222287248,-1.1592137251717594,-0.7863973222287248,0
0.13828277461389907,-0.23222847887405004,-0.38303407290082336,-0.3968782277395545,-0.3539946864708616,0.6951511637468263,-0.3484023076996031,-0.28580754307836664,0.40929151737857733,-0.10014736666582656,-0.125092823561551,-0.0952792403630034,-0.7863973222287248,-0.05558537264856827,-0.7863973222287248,-0.07447876978010413,-0.02971361355253427,-0.7863973222287248,0.8568101446921702,-0.7863973222287248,1
-0.8443477036151557,-0.016717988718406615,2.596342301779915,1.3444522047557486,-0.3539946864708616,-0.4253073943407376,-0.3484023076996031,-0.28580754307836664,0.40929151737857733,-0.09867790226167053,-0.12377891748077521,-0.0952792403630034,-0.7863973222287248,-0.05558537264856827,-0.7863973222287248,-0.07447876978010413,-0.02971361355253427,-0.7863973222287248,-1.1592137251717594,-0.7863973222287248,0
-1.0691197687761766,3.350633419963522,-0.36701592034877634,-0.6870999664887717,-0.3539946864708616,-2.1059952314720833,-0.3484023076996031,-0.28580754307836664,0.40929151737857733,0.08243358555056063,0.16593737333028374,1.6063359064830365,-0.7097362952343885,0.7856530239393431,-0.7097362952343885,1.573805856701835,-0.02693901485940918,-0.7097362952343885,-1.1592137251717594,-0.7097362952343885,0
-0.03714456504551748,-0.23222847887405004,-0.38303407290082336,-0.3968782277395545,-0.3539946864708616,0.6951511637468263,-0.3484023076996031,-0.28580754307836664,0.40929151737857733,-0.09821869463537178,-0.12336832183053278,-0.0815614690185118,0.7985018157344754,-0.055289595996483115,0.7985018157344754,-0.07350648972569222,-0.02970019289979495,0.7985018157344754,0.8568101446921702,0.7985018157344754,1
-0.04698772396325661,-0.23222847887405004,-0.38303407290082336,-0.3968782277395545,-0.3539946864708616,0.6951511637468263,-0.3484023076996031,-0.28580754307836664,0.40929151737857733,-0.09821869463537178,-0.12336832183053278,-0.081535859971169,0.7955451227761366,-0.05528904318372684,0.7955451227761366,-0.0735046725139111,-0.029700167845424036,0.7955451227761366,0.8568101446921702,0.7955451227761366,1
1.7034686013259581,-0.23222847887405004,-0.38303407290082336,-0.3968782277395545,-0.3539946864708616,0.6951511637468263,-0.3484023076996031,-0.28580754307836664,0.40929151737857733,-0.09821869463537178,-0.12336832183053278,-0.08155969799172462,0.7982943500463046,-0.055289557323911116,0.7982943500463046,-0.07350636260081561,-0.029700191167127528,0.7982943500463046,0.8568101446921702,0.7982943500463046,0
-0.15187337975600873,-0.23222847887405004,-0.38303407290082336,-0.3968782277395545,-0.3539946864708616,0.6951511637468263,-0.3484023076996031,-0.28580754307836664,0.40929151737857733,-0.10014736666582656,-0.125092823561551,-0.0952792403630034,-0.7863973222287248,-0.05558537264856827,-0.7863973222287248,-0.07447876978010413,-0.02971361355253427,-0.7863973222287248,0.8568101446921702,-0.7863973222287248,1
-0.3726317539698931,-0.23222847887405004,-0.38303407290082336,-0.3968782277395545,-0.3539946864708616,0.6951511637468263,-0.3484023076996031,-0.28580754307836664,0.40929151737857733,-0.09821869463537178,-0.12336832183053278,-0.08153504529884688,0.7954512107930297,-0.05528902563400729,0.7954512107930297,-0.07350461482429242,-0.029700167048397026,0.7954512107930297,0.8568101446921702,0.7954512107930297,1
-1.0543955003805643,-0.23222847887405004,-0.38303407290082336,-0.3968782277395545,-0.3539946864708616,-0.4253073943407376,-0.3484023076996031,-0.28580754307836664,0.40929151737857733,-0.09821869463537178,-0.12336832183053278,-0.08268603560784381,0.9400314709032178,-0.05531384326498472,0.9400314709032178,-0.07358619559622626,-0.029701293108954196,0.9400314709032178,-1.1592137251717594,0.9400314709032178,1
-1.0712836592644965,-0.07059561125731748,-0.38303407290082336,-0.3968782277395545,2.4493537778502352,-0.9855366733845196,2.516323270400872,1.0691829517860263,-0.9326478838626592,-0.09904526836270953,-0.12139746270936912,-0.0952792403630034,-0.7863973222287248,-0.05558537264856827,-0.7863973222287248,-0.07447876978010413,-0.02971361355253427,-0.7863973222287248,0.8568101446921702,-0.7863973222287248,1
-1.1787232215571175,-0.016717988718406615,-0.38303407290082336,-0.3968782277395545,-0.3539946864708616,0.6951511637468263,-0.3484023076996031,-0.28580754307836664,-0.9326478838626592,-0.09867790226167053,-0.12377891748077521,-0.0952792403630034,-0.7863973222287248,-0.05558537264856827,-0.7863973222287248,-0.07447876978010413,-0.02971361355253427,-0.7863973222287248,-1.1592137251717594,-0.7863973222287248,1
-1.0766253386145939,-0.07059561125731748,-0.38303407290082336,-0.3968782277395545,2.005973942304524,-0.9855366733845196,2.001908430317653,1.3820959384831493,-0.9326478838626592,-0.09904526836270953,-0.12410739400096915,-0.0952792403630034,-0.7863973222287248,-0.05558537264856827,-0.7863973222287248,-0.07447876978010413,-0.02971361355253427,-0.7863973222287248,0.8568101446921702,-0.7863973222287248,1
-1.1466165591114226,-0.23222847887405004,-0.38303407290082336,-0.3968782277395545,-0.3539946864708616,-0.4253073943407376,-0.3484023076996031,-0.28580754307836664,0.40929151737857733,-0.09629002260491698,-0.12164382009951458,-0.07967344820175652,1.9999073809559689,-0.055248886716003164,1.9999073809559689,-0.07337266975998136,-0.02969834577236368,1.9999073809559689,-1.1592137251717594,1.9999073809559689,1
2.0712207512057668,-0.23222847887405004,-0.38303407290082336,-0.3968782277395545,-0.3539946864708616,0.6951511637468263,-0.3484023076996031,-0.28580754307836664,0.40929151737857733,-0.10014736666582656,-0.125092823561551,-0.0952792403630034,-0.7863973222287248,-0.05558537264856827,-0.7863973222287248,-0.07447876978010413,-0.02971361355253427,-0.7863973222287248,0.8568101446921702,-0.7863973222287248,0
0.10264161444737872,-0.23222847887405004,-0.38303407290082336,-0.3968782277395545,-0.3539946864708616,0.6951511637468263,-0.3484023076996031,-0.28580754307836664,0.40929151737857733,-0.10014736666582656,-0.125092823561551,-0.0952792403630034,-0.7863973222287248,-0.05558537264856827,-0.7863973222287248,-0.07447876978010413,-0.02971361355253427,-0.7863973222287248,0.8568101446921702,-0.7863973222287248,1
0.30341892043321833,-0.23222847887405004,-0.38303407290082336,-0.3968782277395545,-0.3539946864708616,-0.4253073943407376,-0.3484023076996031,-0.28580754307836664,0.40929151737857733,-0.10014736666582656,-0.125092823561551,-0.0952792403630034,-0.7863973222287248,-0.05558537264856827,-0.7863973222287248,-0.07447876978010413,-0.02971361355253427,-0.7863973222287248,-1.1592137251717594,-0.7863973222287248,0
-0.9150616535071233,-0.016717988718406615,2.596342301779915,1.3444522047557486,-0.3539946864708616,-0.4253073943407376,-0.3484023076996031,-0.28580754307836664,0.40929151737857733,-0.09867790226167053,-0.12377891748077521,-0.0952792403630034,-0.7863973222287248,-0.05558537264856827,-0.7863973222287248,-0.07447876978010413,-0.02971361355253427,-0.7863973222287248,-1.1592137251717594,-0.7863973222287248,0
0.007275357724394702,-0.23222847887405004,-0.38303407290082336,-0.3968782277395545,-0.3539946864708616,0.6951511637468263,-0.3484023076996031,-0.28580754307836664,0.40929151737857733,-0.10014736666582656,-0.125092823561551,-0.0952792403630034,-0.7863973222287248,-0.05558537264856827,-0.7863973222287248,-0.07447876978010413,-0.02971361355253427,-0.7863973222287248,0.8568101446921702,-0.7863973222287248,1
-1.1675363160137286,2.3463703960633584,-0.36701592034877634,-0.6870999664887717,-0.3539946864708616,-2.1059952314720833,-0.3484023076996031,-0.28580754307836664,0.40929151737857733,0.2296096297793134,7.695974181821289,0.018069520183441268,2.282539483840889,0.6309181997611787,2.282539483840889,0.006804426607696731,-0.028653192640232115,2.282539483840889,0.8568101446921702,2.282539483840889,0
0.5315274311071798,-0.23222847887405004,-0.38303407290082336,-0.3968782277395545,-0.3539946864708616,-0.4253073943407376,-0.3484023076996031,-0.28580754307836664,0.40929151737857733,-0.09821869463537178,-0.12336832183053278,-0.08154042922027994,0.7960729940537308,-0.05528914203131183,0.7960729940537308,-0.07350499744670966,-0.029700172315705986,0.7960729940537308,-1.1592137251717594,0.7960729940537308,0
-1.0805340941242798,-0.23222847887405004,-0.38303407290082336,-0.3968782277395545,-0.3539946864708616,-0.4253073943407376,-0.3484023076996031,-0.28580754307836664,0.40929151737857733,-0.10014736666582656,-0.125092823561551,-0.0952792403630034,-0.7863973222287248,-0.05558537264856827,-0.7863973222287248,-0.07447876978010413,-0.02971361355253427,-0.7863973222287248,-1.1592137251717594,-0.7863973222287248,1
1.0392946128502978,-0.23222847887405004,-0.38303407290082336,-0.3968782277395545,-0.3539946864708616,0.6951511637468263,-0.3484023076996031,-0.28580754307836664,0.40929151737857733,-0.09821869463537178,-0.12336832183053278,-0.08150879868186067,0.792439889295498,-0.055288460369837505,0.792439889295498,-0.07350275668209669,-0.029700141370265838,0.792439889295498,0.8568101446921702,0.792439889295498,0
-0.7936875246604564,-0.016717988718406615,2.596342301779915,1.3444522047557486,-0.3539946864708616,-0.4253073943407376,-0.3484023076996031,-0.28580754307836664,0.40929151737857733,-0.09867790226167053,-0.12377891748077521,-0.0952792403630034,-0.7863973222287248,-0.05558537264856827,-0.7863973222287248,-0.07447876978010413,-0.02971361355253427,-0.7863973222287248,-1.1592137251717594,-0.7863973222287248,0
-1.003673362959384,3.7367562445534257,-0.36701592034877634,-0.6870999664887717,-0.3539946864708616,-2.1059952314720833,-0.3484023076996031,-0.28580754307836664,0.40929151737857733,-0.01510211427529611,4.270785267498934,-0.08091093545903998,2.239881346573165,0.33242529432217155,2.239881346573165,-0.059166551910584,-0.0291161866028706,2.239881346573165,0.8568101446921702,2.239881346573165,0
0.9715048876913872,-0.23222847887405004,-0.38303407290082336,-0.3968782277395545,-0.3539946864708616,0.6951511637468263,-0.3484023076996031,-0.28580754307836664,0.40929151737857733,-0.10014736666582656,-0.125092823561551,-0.0952792403630034,-0.7863973222287248,-0.05558537264856827,-0.7863973222287248,-0.07447876978010413,-0.02971361355253427,-0.7863973222287248,0.8568101446921702,-0.7863973222287248,0
0.10618828897664559,-0.23222847887405004,-0.38303407290082336,-0.3968782277395545,-0.3539946864708616,0.6951511637468263,-0.3484023076996031,-0.28580754307836664,0.40929151737857733,-0.09821869463537178,-0.12336832183053278,-0.08154085426670887,0.7961202569471899,-0.055289150875497656,0.7961202569471899,-0.07350502651940832,-0.029700172731546164,0.7961202569471899,0.8568101446921702,0.7961202569471899,1
1.9855046151725833,-0.23222847887405004,-0.38303407290082336,-0.3968782277395545,-0.3539946864708616,0.6951511637468263,-0.3484023076996031,-0.28580754307836664,0.40929151737857733,-0.10014736666582656,-0.125092823561551,-0.0952792403630034,-0.7863973222287248,-0.05558537264856827,-0.7863973222287248,-0.07447876978010413,-0.02971361355253427,-0.7863973222287248,0.8568101446921702,-0.7863973222287248,0
0.06102665531608294,-0.515085997203332,-0.38303407290082336,-0.3968782277395545,2.032441269737805,1.8156097218343903,2.0918945161238685,0.8538138282259696,-0.9326478838626592,-0.10207603869628136,-0.12410739400096915,-0.0952792403630034,-0.7863973222287248,-0.05558537264856827,-0.7863973222287248,-0.07447876978010413,-0.02971361355253427,-0.7863973222287248,0.8568101446921702,-0.7863973222287248,1
-0.6031347982097113,-0.23222847887405004,-0.38303407290082336,-0.3968782277395545,-0.3539946864708616,0.6951511637468263,-0.3484023076996031,-0.28580754307836664,0.40929151737857733,-0.10014736666582656,-0.125092823561551,-0.0952792403630034,-0.7863973222287248,-0.05558537264856827,-0.7863973222287248,-0.07447876978010413,-0.02971361355253427,-0.7863973222287248,0.8568101446921702,-0.7863973222287248,1
-0.9654371100291489,-0.016717988718406615,2.596342301779915,1.3444522047557486,-0.3539946864708616,-0.4253073943407376,-0.3484023076996031,-0.28580754307836664,0.40929151737857733,-0.09867790226167053,-0.12377891748077521,-0.0952792403630034,-0.7863973222287248,-0.05558537264856827,-0.7863973222287248,-0.07447876978010413,-0.02971361355253427,-0.7863973222287248,-1.1592137251717594,-0.7863973222287248,0
-0.4644327128095235,-0.23222847887405004,-0.38303407290082336,-0.3968782277395545,-0.3539946864708616,-0.4253073943407376,-0.3484023076996031,-0.28580754307836664,0.40929151737857733,-0.09821869463537178,-0.12336832183053278,-0.08750485781365377,2.010122303981228,-0.05541774424864328,2.010122303981228,-0.0739277399788975,-0.029706007558394462,2.010122303981228,-1.1592137251717594,2.010122303981228,1
1.93793985255197,-0.23222847887405004,-0.38303407290082336,-0.3968782277395545,-0.3539946864708616,0.6951511637468263,-0.3484023076996031,-0.28580754307836664,0.40929151737857733,-0.09821869463537178,-0.12336832183053278,-0.08155109080153886,0.7973018292836652,-0.05528937190968075,0.7973018292836652,-0.07350575310524955,-0.02970018274636386,0.7973018292836652,0.8568101446921702,0.7973018292836652,0
-0.9962734448412671,0.15688769213827622,-0.38303407290082336,-0.3968782277395545,1.1164008151473592,-2.1059952314720833,1.0966551476379032,0.9194869241994398,-0.9326478838626592,-0.06083919385465266,0.40124974048422063,-0.027262177349058656,1.7707566179408873,-0.00462692439236385,1.7707566179408873,-0.06301483819672685,-0.029555571932291917,1.7707566179408873,-1.1592137251717594,1.7707566179408873,1
0.6555743694067315,-0.23222847887405004,-0.38303407290082336,-0.3968782277395545,-0.3539946864708616,0.6951511637468263,-0.3484023076996031,-0.28580754307836664,0.40929151737857733,-0.09821869463537178,-0.12336832183053278,-0.08149664943810053,0.7910453270365514,-0.05528819789004034,0.7910453270365514,-0.07350189385580638,-0.02970012948416733,0.7910453270365514,0.8568101446921702,0.7910453270365514,1
0.26092221711419605,-0.016717988718406615,-0.36701592034877634,-0.6870999664887717,-0.3539946864708616,0.6951511637468263,-0.3484023076996031,-0.28580754307836664,-0.9326478838626592,-0.09867790226167053,-0.12377891748077521,-0.0952792403630034,-0.7863973222287248,-0.05558537264856827,-0.7863973222287248,-0.07447876978010413,-0.02971361355253427,-0.7863973222287248,0.8568101446921702,-0.7863973222287248,0
0.3368471247362286,-0.016717988718406615,2.596342301779915,1.3444522047557486,-0.3539946864708616,-0.4253073943407376,-0.3484023076996031,-0.28580754307836664,0.40929151737857733,-0.0952797658270597,-0.12074050966898123,-0.08679311756841654,1.775579888288952,-0.05526298924194669,1.775579888288952,-0.07341902772838436,-0.029705311234011145,1.775579888288952,-1.1592137251717594,1.775579888288952,0
1.449661652719295,-0.23222847887405004,-0.38303407290082336,-0.3968782277395545,-0.3539946864708616,0.6951511637468263,-0.3484023076996031,-0.28580754307836664,0.40929151737857733,-0.09821869463537178,-0.12336832183053278,-0.0815075943836454,0.7922987144189323,-0.055288433837280035,0.7922987144189323,-0.0735026694640007,-0.02970014019205199,0.7922987144189323,0.8568101446921702,0.7922987144189323,0
0.6902231196852786,-0.23222847887405004,-0.38303407290082336,-0.3968782277395545,-0.3539946864708616,0.6951511637468263,-0.3484023076996031,-0.28580754307836664,0.40929151737857733,-0.10014736666582656,-0.125092823561551,-0.0952792403630034,-0.7863973222287248,-0.05558537264856827,-0.7863973222287248,-0.07447876978010413,-0.02971361355253427,-0.7863973222287248,0.8568101446921702,-0.7863973222287248,0
-0.427738258712823,-0.23222847887405004,-0.38303407290082336,-0.3968782277395545,-0.3539946864708616,0.6951511637468263,-0.3484023076996031,-0.28580754307836664,0.40929151737857733,-0.10014736666582656,-0.125092823561551,-0.0952792403630034,-0.7863973222287248,-0.05558537264856827,-0.7863973222287248,-0.07447876978010413,-0.02971361355253427,-0.7863973222287248,0.8568101446921702,-0.7863973222287248,1
1.578081855956429,-0.23222847887405004,-0.38303407290082336,-0.3968782277395545,-0.3539946864708616,0.6951511637468263,-0.3484023076996031,-0.28580754307836664,0.40929151737857733,-0.09821869463537178,-0.12336832183053278,-0.08152994474169976,0.7948674833686202,-0.055288916210221674,0.7948674833686202,-0.0735042551252983,-0.029700162058314848,0.7948674833686202,0.8568101446921702,0.7948674833686202,0
-0.9398618727465601,-0.23222847887405004,-0.38303407290082336,-0.3968782277395545,-0.3539946864708616,-0.4253073943407376,-0.3484023076996031,-0.28580754307836664,0.40929151737857733,-0.10014736666582656,-0.125092823561551,-0.0952792403630034,-0.7863973222287248,-0.05558537264856827,-0.7863973222287248,-0.07447876978010413,-0.02971361355253427,-0.7863973222287248,-1.1592137251717594,-0.7863973222287248,1
-0.6410168492708719,-0.23222847887405004,-0.38303407290082336,-0.3968782277395545,-0.3539946864708616,0.6951511637468263,-0.3484023076996031,-0.28580754307836664,0.40929151737857733,-0.09629002260491698,-0.12164382009951458,-0.07978537709470715,2.0200346217275875,-0.05525129996041346,2.0200346217275875,-0.07338060260184026,-0.029698455276944716,2.0200346217275875,0.8568101446921702,2.0200346217275875,1
-1.0343252549377577,-0.23222847887405004,-0.38303407290082336,-0.3968782277395545,-0.3539946864708616,-0.4253073943407376,-0.3484023076996031,-0.28580754307836664,0.40929151737857733,-0.10014736666582656,-0.125092823561551,-0.0952792403630034,-0.7863973222287248,-0.05558537264856827,-0.7863973222287248,-0.07447876978010413,-0.02971361355253427,-0.7863973222287248,-1.1592137251717594,-0.7863973222287248,1
-0.5183892254375916,-0.23222847887405004,-0.38303407290082336,-0.3968782277395545,-0.3539946864708616,0.6951511637468263,-0.3484023076996031,-0.28580754307836664,0.40929151737857733,-0.09629002260491698,-0.12164382009951458,-0.07971581116250619,2.0074939960618576,-0.055249800440185286,2.0074939960618576,-0.07337567336351547,-0.029698387217768404,2.0074939960618576,0.8568101446921702,2.0074939960618576,1
-1.0737179465285,-0.23222847887405004,-0.38303407290082336,-0.3968782277395545,-0.3539946864708616,-0.4253073943407376,-0.3484023076996031,-0.28580754307836664,0.40929151737857733,-0.09821869463537178,-0.12336832183053278,-0.08277759769274169,0.952672760393977,-0.055315817023140125,0.952672760393977,-0.07359268375434555,-0.029701382687859886,0.952672760393977,-1.1592137251717594,0.952672760393977,1
-0.36840210374363425,-0.23222847887405004,-0.38303407290082336,-0.3968782277395545,-0.3539946864708616,0.6951511637468263,-0.3484023076996031,-0.28580754307836664,0.40929151737857733,-0.10014736666582656,-0.125092823561551,-0.0952792403630034,-0.7863973222287248,-0.05558537264856827,-0.7863973222287248,-0.07447876978010413,-0.02971361355253427,-0.7863973222287248,0.8568101446921702,-0.7863973222287248,1
-0.9882353187042514,-0.06386090843995362,-0.38303407290082336,-0.3968782277395545,1.1199436857486647,-2.1059952314720833,1.0655363639071647,1.2198447601957523,-0.9326478838626592,-0.08976927431147458,-0.10497363669967189,-0.0711360010508768,1.9151380056162612,-0.053936912530661546,1.9151380056162612,-0.07174898065524266,-0.029658499515713466,1.9151380056162612,0.8568101446921702,1.9151380056162612,1
-0.2203876250171819,-0.23222847887405004,-0.38303407290082336,-0.3968782277395545,-0.3539946864708616,0.6951511637468263,-0.3484023076996031,-0.28580754307836664,0.40929151737857733,-0.09821869463537178,-0.12336832183053278,-0.07974304955449323,0.6129974141230791,-0.0552503877273097,0.6129974141230791,-0.07337760389979428,-0.029698413866193343,0.6129974141230791,0.8568101446921702,0.6129974141230791,1
0.029367311509896746,-0.23222847887405004,-0.38303407290082336,-0.3968782277395545,-0.3539946864708616,0.6951511637468263,-0.3484023076996031,-0.28580754307836664,0.40929151737857733,-0.10014736666582656,-0.125092823561551,-0.0952792403630034,-0.7863973222287248,-0.05558537264856827,-0.7863973222287248,-0.07447876978010413,-0.02971361355253427,-0.7863973222287248,0.8568101446921702,-0.7863973222287248,1
-0.7042345410014658,-0.016717988718406615,2.596342301779915,1.3444522047557486,-0.3539946864708616,-0.4253073943407376,-0.3484023076996031,-0.28580754307836664,0.40929151737857733,-0.09867790226167053,-0.12377891748077521,-0.0952792403630034,-0.7863973222287248,-0.05558537264856827,-0.7863973222287248,-0.07447876978010413,-0.02971361355253427,-0.7863973222287248,-1.1592137251717594,-0.7863973222287248,0
-0.5813497716252172,-0.23222847887405004,-0.38303407290082336,-0.3968782277395545,-0.3539946864708616,0.6951511637468263,-0.3484023076996031,-0.28580754307836664,0.40929151737857733,-0.09821869463537178,-0.12336832183053278,-0.08751126893062341,2.012436958153098,-0.05541788287574411,2.012436958153098,-0.07392819567532988,-0.02970601383065053,2.012436958153098,0.8568101446921702,2.012436958153098,1
-0.9160067887270299,-0.06386090843995362,-0.38303407290082336,-0.3968782277395545,1.0942057728509467,-2.1059952314720833,1.0411581109484274,1.190871335501574,-0.9326478838626592,-0.08976927431147458,-0.10497363669967189,-0.06118134284434926,1.1264406193322578,-0.05325722305520915,1.1264406193322578,-0.07062343993596808,-0.029635775028028093,1.1264406193322578,0.8568101446921702,1.1264406193322578,1
1.261570432280834,-0.23222847887405004,-0.38303407290082336,-0.3968782277395545,-0.3539946864708616,-0.4253073943407376,-0.3484023076996031,-0.28580754307836664,0.40929151737857733,-0.10014736666582656,-0.125092823561551,-0.0952792403630034,-0.7863973222287248,-0.05558537264856827,-0.7863973222287248,-0.07447876978010413,-0.02971361355253427,-0.7863973222287248,-1.1592137251717594,-0.7863973222287248,1
-0.2841615103804074,-0.23222847887405004,-0.38303407290082336,-0.3968782277395545,-0.3539946864708616,0.6951511637468263,-0.3484023076996031,-0.28580754307836664,0.40929151737857733,-0.10014736666582656,-0.125092823561551,-0.0952792403630034,-0.7863973222287248,-0.05558537264856827,-0.7863973222287248,-0.07447876978010413,-0.02971361355253427,-0.7863973222287248,0.8568101446921702,-0.7863973222287248,1
-1.1772079251890142,0.2796089352456031,2.612360454331962,1.0542304660065314,-0.3539946864708616,-2.1059952314720833,-0.3484023076996031,-0.28580754307836664,-2.2745872851038955,-0.09665738870595598,-0.11729150620694481,-0.0952792403630034,-0.7863316452209311,-0.05558537264856827,-0.7863316452209311,-0.07447876978010413,0.2941494403617665,-0.7863316452209311,0.8568101446921702,-0.7863316452209311,0
0.9015115183460101,-0.23222847887405004,-0.38303407290082336,-0.3968782277395545,-0.3539946864708616,0.6951511637468263,-0.3484023076996031,-0.28580754307836664,0.40929151737857733,-0.10014736666582656,-0.125092823561551,-0.0952792403630034,-0.7863973222287248,-0.05558537264856827,-0.7863973222287248,-0.07447876978010413,-0.02971361355253427,-0.7863973222287248,0.8568101446921702,-0.7863973222287248,1
2.014665922541161,-0.23222847887405004,-0.38303407290082336,-0.3968782277395545,-0.3539946864708616,0.6951511637468263,-0.3484023076996031,-0.28580754307836664,0.40929151737857733,-0.10014736666582656,-0.125092823561551,-0.0952792403630034,-0.7863973222287248,-0.05558537264856827,-0.7863973222287248,-0.07447876978010413,-0.02971361355253427,-0.7863973222287248,0.8568101446921702,-0.7863973222287248,0
1.992363023456483,-0.23222847887405004,-0.38303407290082336,-0.3968782277395545,-0.3539946864708616,0.6951511637468263,-0.3484023076996031,-0.28580754307836664,0.40929151737857733,-0.10014736666582656,-0.125092823561551,-0.0952792403630034,-0.7863973222287248,-0.05558537264856827,-0.7863973222287248,-0.07447876978010413,-0.02971361355253427,-0.7863973222287248,0.8568101446921702,-0.7863973222287248,0
0.5489649789366734,-0.23222847887405004,-0.38303407290082336,-0.3968782277395545,-0.3539946864708616,0.6951511637468263,-0.3484023076996031,-0.28580754307836664,0.40929151737857733,-0.10014736666582656,-0.125092823561551,-0.0952792403630034,-0.7863973222287248,-0.05558537264856827,-0.7863973222287248,-0.07447876978010413,-0.02971361355253427,-0.7863973222287248,0.8568101446921702,-0.7863973222287248,1
-0.6600577962589566,-0.016717988718406615,2.596342301779915,1.3444522047557486,-0.3539946864708616,-0.4253073943407376,-0.3484023076996031,-0.28580754307836664,0.40929151737857733,-0.09867790226167053,-0.12377891748077521,-0.0952792403630034,-0.7863973222287248,-0.05558537264856827,-0.7863973222287248,-0.07447876978010413,-0.02971361355253427,-0.7863973222287248,-1.1592137251717594,-0.7863973222287248,0
1.8308967528165436,-0.23222847887405004,-0.38303407290082336,-0.3968782277395545,-0.3539946864708616,0.6951511637468263,-0.3484023076996031,-0.28580754307836664,0.40929151737857733,-0.10014736666582656,-0.125092823561551,-0.0952792403630034,-0.7863973222287248,-0.05558537264856827,-0.7863973222287248,-0.07447876978010413,-0.02971361355253427,-0.7863973222287248,0.8568101446921702,-0.7863973222287248,0
0.8263870568082864,-0.23222847887405004,-0.38303407290082336,-0.3968782277395545,-0.3539946864708616,0.6951511637468263,-0.3484023076996031,-0.28580754307836664,0.40929151737857733,-0.10014736666582656,-0.125092823561551,-0.0952792403630034,-0.7863973222287248,-0.05558537264856827,-0.7863973222287248,-0.07447876978010413,-0.02971361355253427,-0.7863973222287248,0.8568101446921702,-0.7863973222287248,1
-1.0179578336854074,-0.016717988718406615,2.596342301779915,1.3444522047557486,-0.3539946864708616,-0.4253073943407376,-0.3484023076996031,-0.28580754307836664,0.40929151737857733,-0.09867790226167053,-0.12377891748077521,-0.0952792403630034,-0.7863973222287248,-0.05558537264856827,-0.7863973222287248,-0.07447876978010413,-0.02971361355253427,-0.7863973222287248,-1.1592137251717594,-0.7863973222287248,0
-0.9477187793226539,-0.07059561125731748,-0.38303407290082336,-0.3968782277395545,1.9409518465629203,1.8156097218343903,1.905406498098504,1.6090544319208775,-0.9326478838626592,-0.09904526836270953,-0.12410739400096915,-0.0952792403630034,-0.7863973222287248,-0.05558537264856827,-0.7863973222287248,-0.07447876978010413,-0.02971361355253427,-0.7863973222287248,0.8568101446921702,-0.7863973222287248,1
-1.0999722199524085,-0.016717988718406615,2.596342301779915,1.3444522047557486,-0.3539946864708616,-0.4253073943407376,-0.3484023076996031,-0.28580754307836664,0.40929151737857733,-0.0952797658270597,-0.12074050966898123,-0.08708186577580053,1.8658194831936827,-0.05527395808942225,1.8658194831936827,-0.07345508463668052,-0.02970559372810753,1.8658194831936827,-1.1592137251717594,1.8658194831936827,0
0.9501138166741145,-0.23222847887405004,-0.38303407290082336,-0.3968782277395545,-0.3539946864708616,-0.4253073943407376,-0.3484023076996031,-0.28580754307836664,0.40929151737857733,-0.09821869463537178,-0.12336832183053278,-0.08150915288721812,0.7924797865432233,-0.05528846789796484,0.7924797865432233,-0.07350278142863431,-0.02970014171679932,0.7924797865432233,-1.1592137251717594,0.7924797865432233,0
0.14587537281852975,-0.23222847887405004,-0.38303407290082336,-0.3968782277395545,-0.3539946864708616,0.6951511637468263,-0.3484023076996031,-0.28580754307836664,0.40929151737857733,-0.10014736666582656,-0.125092823561551,-0.0952792403630034,-0.7863973222287248,-0.05558537264856827,-0.7863973222287248,-0.07447876978010413,-0.02971361355253427,-0.7863973222287248,0.8568101446921702,-0.7863973222287248,1
-0.15782569023529938,-0.23222847887405004,-0.38303407290082336,-0.3968782277395545,-0.3539946864708616,0.6951511637468263,-0.3484023076996031,-0.28580754307836664,0.40929151737857733,-0.09821869463537178,-0.12336832183053278,-0.08750645173776225,2.0107054176018266,-0.05541777917306251,2.0107054176018266,-0.07392785478280776,-0.029706009117795144,2.0107054176018266,0.8568101446921702,2.0107054176018266,1
-1.0035512367335453,-0.23222847887405004,-0.38303407290082336,-0.3968782277395545,-0.3539946864708616,-0.4253073943407376,-0.3484023076996031,-0.28580754307836664,0.40929151737857733,-0.10014736666582656,-0.125092823561551,-0.0952792403630034,-0.7863973222287248,-0.05558537264856827,-0.7863973222287248,-0.07447876978010413,-0.02971361355253427,-0.7863973222287248,-1.1592137251717594,-0.7863973222287248,1
1.811355124116663,-0.23222847887405004,-0.38303407290082336,-0.3968782277395545,-0.3539946864708616,0.6951511637468263,-0.3484023076996031,-0.28580754307836664,0.40929151737857733,-0.10014736666582656,-0.125092823561551,-0.0952792403630034,-0.7863973222287248,-0.05558537264856827,-0.7863973222287248,-0.07447876978010413,-0.02971361355253427,-0.7863973222287248,0.8568101446921702,-0.7863973222287248,0
-0.6262041199433471,-0.23222847887405004,-0.38303407290082336,-0.3968782277395545,-0.3539946864708616,0.6951511637468263,-0.3484023076996031,-0.28580754307836664,0.40929151737857733,-0.10014736666582656,-0.125092823561551,-0.0952792403630034,-0.7863973222287248,-0.05558537264856827,-0.7863973222287248,-0.07447876978010413,-0.02971361355253427,-0.7863973222287248,0.8568101446921702,-0.7863973222287248,1
-0.4288191295327086,-0.23222847887405004,-0.38303407290082336,-0.3968782277395545,-0.3539946864708616,0.6951511637468263,-0.3484023076996031,-0.28580754307836664,0.40929151737857733,-0.09821869463537178,-0.12336832183053278,-0.08152087708454935,0.7938252444972774,-0.05528872070166356,0.7938252444972774,-0.07350361244755423,-0.029700153187057654,0.7938252444972774,0.8568101446921702,0.7938252444972774,1
-1.0855770835261385,0.0034861197336849567,-0.38303407290082336,-0.3968782277395545,1.5143485453351553,-2.1059952314720833,1.4088540645610883,1.9238989802642785,-0.9326478838626592,-0.0985401399737809,-0.12094580749410244,-0.0952792403630034,-0.7855079205063598,-0.05558537264856827,-0.7855079205063598,-0.07447876978010413,-0.005798257830625704,-0.7855079205063598,0.8568101446921702,-0.7855079205063598,1
-1.0684199604322215,-0.016717988718406615,2.596342301779915,1.3444522047557486,-0.3539946864708616,-0.4253073943407376,-0.3484023076996031,-0.28580754307836664,0.40929151737857733,-0.09867790226167053,-0.12377891748077521,-0.0952792403630034,-0.7863973222287248,-0.05558537264856827,-0.7863973222287248,-0.07447876978010413,-0.02971361355253427,-0.7863973222287248,-1.1592137251717594,-0.7863973222287248,0
0.41702281292858007,-0.23222847887405004,-0.38303407290082336,-0.3968782277395545,-0.3539946864708616,-0.4253073943407376,-0.3484023076996031,-0.28580754307836664,0.40929151737857733,-0.10014736666582656,-0.125092823561551,-0.0952792403630034,-0.7863973222287248,-0.05558537264856827,-0.7863973222287248,-0.07447876978010413,-0.02971361355253427,-0.7863973222287248,-1.1592137251717594,-0.7863973222287248,0
1.8862535984153714,-0.23222847887405004,-0.38303407290082336,-0.3968782277395545,-0.3539946864708616,0.6951511637468263,-0.3484023076996031,-0.28580754307836664,0.40929151737857733,-0.09821869463537178,-0.12336832183053278,-0.0815332034309882,0.7952425174972366,-0.055288986511384204,0.7952425174972366,-0.0735044862200032,-0.029700165246422904,0.7952425174972366,0.8568101446921702,0.7952425174972366,0
2.2316201185413855,-0.23222847887405004,-0.38303407290082336,-0.3968782277395545,-0.3539946864708616,0.6951511637468263,-0.3484023076996031,-0.28580754307836664,0.40929151737857733,-0.10014736666582656,-0.125092823561551,-0.0952792403630034,-0.7863973222287248,-0.05558537264856827,-0.7863973222287248,-0.07447876978010413,-0.02971361355253427,-0.7863973222287248,0.8568101446921702,-0.7863973222287248,0
-0.9192114381956636,-0.23222847887405004,-0.38303407290082336,-0.3968782277395545,-0.3539946864708616,-0.4253073943407376,-0.3484023076996031,-0.28580754307836664,0.40929151737857733,-0.10014736666582656,-0.125092823561551,-0.0952792403630034,-0.7863973222287248,-0.05558537264856827,-0.7863973222287248,-0.07447876978010413,-0.02971361355253427,-0.7863973222287248,-1.1592137251717594,-0.7863973222287248,1
0.625840035758559,-0.23222847887405004,-0.38303407290082336,-0.3968782277395545,-0.3539946864708616,0.6951511637468263,-0.3484023076996031,-0.28580754307836664,0.40929151737857733,-0.09821869463537178,-0.12336832183053278,-0.08160004198193688,0.8029696936758804,-0.055290427486329854,0.8029696936758804,-0.07350922300767282,-0.029700230637291387,0.8029696936758804,0.8568101446921702,0.8029696936758804,0
-0.9649668703384564,-0.23222847887405004,-0.38303407290082336,-0.3968782277395545,-0.3539946864708616,-0.4253073943407376,-0.3484023076996031,-0.28580754307836664,0.40929151737857733,-0.10014736666582656,-0.125092823561551,-0.0952792403630034,-0.7863973222287248,-0.05558537264856827,-0.7863973222287248,-0.07447876978010413,-0.02971361355253427,-0.7863973222287248,-1.1592137251717594,-0.7863973222287248,1
0.6351868106615992,-0.23222847887405004,-0.38303407290082336,-0.3968782277395545,-0.3539946864708616,0.6951511637468263,-0.3484023076996031,-0.28580754307836664,0.40929151737857733,-0.09821869463537178,-0.12336832183053278,-0.08154584856224877,0.7966960049220543,-0.05528925863545802,0.7966960049220543,-0.07350538074905896,-0.029700177617668293,0.7966960049220543,0.8568101446921702,0.7966960049220543,1
-1.1494705881252294,-0.12447323379622834,-0.5111792933171992,1.924895682254183,-0.3539946864708616,0.6951511637468263,-0.3484023076996031,-0.28580754307836664,-0.9326478838626592,-0.09941263446374855,-0.1244358705211631,-0.0952792403630034,-0.7863973222287248,-0.05558537264856827,-0.7863973222287248,-0.07447876978010413,-0.02971361355253427,-0.7863973222287248,-1.1592137251717594,-0.7863973222287248,1
-1.071149714371641,-0.515085997203332,-0.38303407290082336,-0.3968782277395545,1.1990330618189808,1.8156097218343903,1.1365366213722432,1.3424989247344392,-0.9326478838626592,-0.10207603869628136,-0.12410739400096915,-0.0952792403630034,-0.7863973222287248,-0.05558537264856827,-0.7863973222287248,-0.07447876978010413,-0.02971361355253427,-0.7863973222287248,0.8568101446921702,-0.7863973222287248,1
-0.6111356776385533,0.3477042899227932,-0.38303407290082336,-0.3968782277395545,1.9477249815360045,-2.1059952314720833,1.9008004687376365,1.7114271991736396,-0.9326478838626592,-0.04912939938403427,0.4117199295654026,-0.02876854189317378,1.8286720765425177,-0.004790898984320324,1.8286720765425177,-0.06009792688719543,-0.02955907202444321,1.8286720765425177,-1.1592137251717594,1.8286720765425177,1
2.2749731380069775,-0.23222847887405004,-0.38303407290082336,-0.3968782277395545,-0.3539946864708616,0.6951511637468263,-0.3484023076996031,-0.28580754307836664,0.40929151737857733,-0.10014736666582656,-0.125092823561551,-0.0952792403630034,-0.7863973222287248,-0.05558537264856827,-0.7863973222287248,-0.07447876978010413,-0.02971361355253427,-0.7863973222287248,0.8568101446921702,-0.7863973222287248,0
0.46656451621379524,-0.23222847887405004,-0.38303407290082336,-0.3968782277395545,-0.3539946864708616,-0.4253073943407376,-0.3484023076996031,-0.28580754307836664,0.40929151737857733,-0.10014736666582656,-0.125092823561551,-0.0952792403630034,-0.7863973222287248,-0.05558537264856827,-0.7863973222287248,-0.07447876978010413,-0.02971361355253427,-0.7863973222287248,-1.1592137251717594,-0.7863973222287248,0
-0.3815086473236656,-0.23222847887405004,-0.38303407290082336,-0.3968782277395545,-0.3539946864708616,0.6951511637468263,-0.3484023076996031,-0.28580754307836664,0.40929151737857733,-0.09821869463537178,-0.12336832183053278,-0.08157716031584634,0.8003168336040638,-0.05528993436444069,0.8003168336040638,-0.07350760201232434,-0.029700208251228304,0.8003168336040638,0.8568101446921702,0.8003168336040638,1
-0.609021926949698,-0.23222847887405004,-0.38303407290082336,-0.3968782277395545,-0.3539946864708616,0.6951511637468263,-0.3484023076996031,-0.28580754307836664,0.40929151737857733,-0.10014736666582656,-0.125092823561551,-0.0952792403630034,-0.7863973222287248,-0.05558537264856827,-0.7863973222287248,-0.07447876978010413,-0.02971361355253427,-0.7863973222287248,0.8568101446921702,-0.7863973222287248,1
-1.1297298327931895,0.14491487889832597,-0.4631248356610583,1.0542304660065314,-0.3539946864708616,-1.5457659524283016,-0.3484023076996031,-0.28580754307836664,-4.958466087586369,-0.0975758039585535,-0.12279348792019337,-0.0952792403630034,-0.7863973222287248,-0.05558537264856827,-0.7863973222287248,-0.07447876978010413,-0.02971361355253427,-0.7863973222287248,-1.1592137251717594,-0.7863973222287248,0
-1.0173586630818061,-0.016717988718406615,2.596342301779915,1.3444522047557486,-0.3539946864708616,-0.4253073943407376,-0.3484023076996031,-0.28580754307836664,0.40929151737857733,-0.09867790226167053,-0.12377891748077521,-0.0952792403630034,-0.7863973222287248,-0.05558537264856827,-0.7863973222287248,-0.07447876978010413,-0.02971361355253427,-0.7863973222287248,-1.1592137251717594,-0.7863973222287248,0
1.5119460278969987,-0.23222847887405004,-0.38303407290082336,-0.3968782277395545,-0.3539946864708616,0.6951511637468263,-0.3484023076996031,-0.28580754307836664,0.40929151737857733,-0.09821869463537178,-0.12336832183053278,-0.08151358045418611,0.7929855608836157,-0.05528856296330228,0.7929855608836157,-0.07350309392838981,-0.029700146048467876,0.7929855608836157,0.8568101446921702,0.7929855608836157,0
0.32419649518989985,-0.016717988718406615,2.596342301779915,1.3444522047557486,-0.3539946864708616,-0.4253073943407376,-0.3484023076996031,-0.28580754307836664,0.40929151737857733,-0.0952797658270597,-0.12074050966898123,-0.08732389429653836,1.9465150426387479,-0.05528315335146637,1.9465150426387479,-0.07348531139669541,-0.029705830514437342,1.9465150426387479,-1.1592137251717594,1.9465150426387479,0
-0.7865888034805516,-0.23222847887405004,-0.38303407290082336,-0.3968782277395545,-0.3539946864708616,-0.4253073943407376,-0.3484023076996031,-0.28580754307836664,0.40929151737857733,-0.09821869463537178,-0.12336832183053278,-0.07977779710005796,0.6161351792057089,-0.055251137191935695,0.6161351792057089,-0.0733800675476252,-0.029698447861128154,0.6161351792057089,-1.1592137251717594,0.6161351792057089,1
-1.0147506772268005,-0.016717988718406615,2.596342301779915,1.3444522047557486,-0.3539946864708616,-0.4253073943407376,-0.3484023076996031,-0.28580754307836664,0.40929151737857733,-0.09867790226167053,-0.12377891748077521,-0.0952792403630034,-0.7863973222287248,-0.05558537264856827,-0.7863973222287248,-0.07447876978010413,-0.02971361355253427,-0.7863973222287248,-1.1592137251717594,-0.7863973222287248,0
-0.7015520617301128,-0.23222847887405004,-0.38303407290082336,-0.3968782277395545,-0.3539946864708616,0.6951511637468263,-0.3484023076996031,-0.28580754307836664,0.40929151737857733,-0.10014736666582656,-0.125092823561551,-0.0952792403630034,-0.7863973222287248,-0.05558537264856827,-0.7863973222287248,-0.07447876978010413,-0.02971361355253427,-0.7863973222287248,0.8568101446921702,-0.7863973222287248,1
1.6906654035326873,-0.23222847887405004,-0.38303407290082336,-0.3968782277395545,-0.3539946864708616,0.6951511637468263,-0.3484023076996031,-0.28580754307836664,0.40929151737857733,-0.09821869463537178,-0.12336832183053278,-0.08150798400953857,0.7923453635085802,-0.0552884426132763,0.7923453635085802,-0.07350269831254594,-0.029700140573238828,0.7923453635085802,0.8568101446921702,0.7923453635085802,0
0.09481980573091014,-0.23222847887405004,-0.38303407290082336,-0.3968782277395545,-0.3539946864708616,0.6951511637468263,-0.3484023076996031,-0.28580754307836664,0.40929151737857733,-0.10014736666582656,-0.125092823561551,-0.0952792403630034,-0.7863973222287248,-0.05558537264856827,-0.7863973222287248,-0.07447876978010413,-0.02971361355253427,-0.7863973222287248,0.8568101446921702,-0.7863973222287248,1
-0.9478255054672284,-0.23222847887405004,-0.38303407290082336,-0.3968782277395545,-0.3539946864708616,-0.4253073943407376,-0.3484023076996031,-0.28580754307836664,0.40929151737857733,-0.09629002260491698,-0.12164382009951458,-0.07970337855446008,2.005264046815928,-0.05524953237566322,2.005264046815928,-0.07337479217906002,-0.029698375054443105,2.005264046815928,-1.1592137251717594,2.005264046815928,1
0.47979139531254145,-0.23222847887405004,-0.38303407290082336,-0.3968782277395545,-0.3539946864708616,0.6951511637468263,-0.3484023076996031,-0.28580754307836664,0.40929151737857733,-0.10014736666582656,-0.125092823561551,-0.0952792403630034,-0.7863973222287248,-0.05558537264856827,-0.7863973222287248,-0.07447876978010413,-0.02971361355253427,-0.7863973222287248,0.8568101446921702,-0.7863973222287248,1
1.5834847774901581,-0.23222847887405004,-0.38303407290082336,-0.3968782277395545,-0.3539946864708616,0.6951511637468263,-0.3484023076996031,-0.28580754307836664,0.40929151737857733,-0.09821869463537178,-0.12336832183053278,-0.081527146519376,0.7945446225639523,-0.055288855687441935,0.7945446225639523,-0.07350405617419394,-0.029700159320700324,0.7945446225639523,0.8568101446921702,0.7945446225639523,0
0.6918447840565318,-0.23222847887405004,-0.38303407290082336,-0.3968782277395545,-0.3539946864708616,0.6951511637468263,-0.3484023076996031,-0.28580754307836664,0.40929151737857733,-0.09821869463537178,-0.12336832183053278,-0.08161073898373152,0.8042120325896603,-0.05529065785111762,0.8042120325896603,-0.07350998026517377,-0.029700241102602616,0.8042120325896603,0.8568101446921702,0.8042120325896603,0
-0.7855956773097289,-0.23222847887405004,-0.38303407290082336,-0.3968782277395545,-0.3539946864708616,-0.4253073943407376,-0.3484023076996031,-0.28580754307836664,0.40929151737857733,-0.10014736666582656,-0.125092823561551,-0.0952792403630034,-0.7863973222287248,-0.05558537264856827,-0.7863973222287248,-0.07447876978010413,-0.02971361355253427,-0.7863973222287248,-1.1592137251717594,-0.7863973222287248,1
-0.7056427530835698,-0.041411881089533226,-0.38303407290082336,-0.3968782277395545,1.096498218534144,1.8156097218343903,1.0609303345462975,1.0421410887381268,-0.9326478838626592,-0.09238675778137752,-0.08740014286929587,-0.06542036630056788,0.6698700200495553,-0.05019733755981403,0.6698700200495553,-0.07092637129922627,-0.029625977070986804,0.6698700200495553,0.8568101446921702,0.6698700200495553,1
-0.21927810288331653,-0.07059561125731748,-0.38303407290082336,-0.3968782277395545,2.033066482196859,-0.9855366733845196,2.0779640858617325,0.9793653352340744,-0.9326478838626592,-0.09904526836270953,-0.12139746270936912,-0.0952792403630034,-0.7863973222287248,-0.05558537264856827,-0.7863973222287248,-0.07447876978010413,-0.02971361355253427,-0.7863973222287248,0.8568101446921702,-0.7863973222287248,1
0.5528662134764395,-0.23222847887405004,-0.38303407290082336,-0.3968782277395545,-0.3539946864708616,-0.4253073943407376,-0.3484023076996031,-0.28580754307836664,0.40929151737857733,-0.10014736666582656,-0.125092823561551,-0.0952792403630034,-0.7863973222287248,-0.05558537264856827,-0.7863973222287248,-0.07447876978010413,-0.02971361355253427,-0.7863973222287248,-1.1592137251717594,-0.7863973222287248,0
0.45841751508365663,-0.23222847887405004,-0.38303407290082336,-0.3968782277395545,-0.3539946864708616,-0.4253073943407376,-0.3484023076996031,-0.28580754307836664,0.40929151737857733,-0.09821869463537178,-0.12336832183053278,-0.08178132428387397,0.8243171764240771,-0.05529433650281554,0.8243171764240771,-0.07352207276689017,-0.029700407993128643,0.8243171764240771,-1.1592137251717594,0.8243171764240771,0
-0.06732621733319866,-0.23222847887405004,-0.38303407290082336,-0.3968782277395545,-0.3539946864708616,0.6951511637468263,-0.3484023076996031,-0.28580754307836664,0.40929151737857733,-0.09821869463537178,-0.12336832183053278,-0.08750808108240647,2.011283620791936,-0.055417813822450514,2.011283620791936,-0.07392796868263257,-0.02970601071184917,2.011283620791936,0.8568101446921702,2.011283620791936,1
-0.8875366943082134,-0.15141204506568376,-0.36701592034877634,-0.6870999664887717,-0.11901900394311099,1.8156097218343903,-0.3484023076996031,1.8920282131006827,-0.9326478838626592,-0.09711659633225475,-0.12000143749854485,0.9459500541529686,-0.765516944180818,-0.026720368206191312,-0.765516944180818,0.02040656985702936,-0.02767625975317704,-0.765516944180818,-1.1592137251717594,-0.765516944180818,1
-0.46437934973723616,0.3690843178950132,-0.38303407290082336,-0.3968782277395545,1.8072605824018988,-2.1059952314720833,1.7216146923819404,1.9499750624890388,-0.9326478838626592,-0.05987485783942526,0.40211199134972975,-0.049036101604742324,2.03450934320227,-0.009435025261875809,2.03450934320227,-0.06422977691893157,-0.029585429187990963,2.03450934320227,-1.1592137251717594,2.03450934320227,1
0.4434164033667151,-0.23222847887405004,-0.38303407290082336,-0.3968782277395545,-0.3539946864708616,0.6951511637468263,-0.3484023076996031,-0.28580754307836664,0.40929151737857733,-0.10014736666582656,-0.125092823561551,-0.0952792403630034,-0.7863973222287248,-0.05558537264856827,-0.7863973222287248,-0.07447876978010413,-0.02971361355253427,-0.7863973222287248,0.8568101446921702,-0.7863973222287248,1
1.7808486375567367,-0.23222847887405004,-0.38303407290082336,-0.3968782277395545,-0.3539946864708616,0.6951511637468263,-0.3484023076996031,-0.28580754307836664,0.40929151737857733,-0.09821869463537178,-0.12336832183053278,-0.0815390123988502,0.7959109498475856,-0.0552891117165068,0.7959109498475856,-0.07350489779557062,-0.029700170929572046,0.7959109498475856,0.8568101446921702,0.7959109498475856,0
-0.4484982845396919,-0.23222847887405004,-0.38303407290082336,-0.3968782277395545,-0.3539946864708616,0.6951511637468263,-0.3484023076996031,-0.28580754307836664,0.40929151737857733,-0.09821869463537178,-0.12336832183053278,-0.07971308378125391,0.6103028153921041,-0.055249741444851674,0.6103028153921041,-0.07337547943344772,-0.029698384549460572,0.6103028153921041,0.8568101446921702,0.6103028153921041,1
1.7330532318585865,-0.23222847887405004,-0.38303407290082336,-0.3968782277395545,-0.3539946864708616,0.6951511637468263,-0.3484023076996031,-0.28580754307836664,0.40929151737857733,-0.09821869463537178,-0.12336832183053278,-0.08156104397208289,0.7984514838219607,-0.055289586631783655,0.7984514838219607,-0.07350645894195579,-0.02970019248395477,0.7984514838219607,0.8568101446921702,0.7984514838219607,0
2.3381073827856054,0.6769564014700706,-0.36701592034877634,-0.6870999664887717,-0.3539946864708616,-2.1059952314720833,-0.3484023076996031,-0.28580754307836664,0.40929151737857733,-0.07769211373981717,-0.09930741672632636,1.2476539246343894,-0.7540185573864314,0.09057235047838039,-0.7540185573864314,0.32665261997934697,-0.027085921457814494,-0.7540185573864314,0.8568101446921702,-0.7540185573864314,0
-0.8590630184751493,-0.016717988718406615,2.596342301779915,1.3444522047557486,-0.3539946864708616,-0.4253073943407376,-0.3484023076996031,-0.28580754307836664,0.40929151737857733,-0.09867790226167053,-0.12377891748077521,-0.0952792403630034,-0.7863973222287248,-0.05558537264856827,-0.7863973222287248,-0.07447876978010413,-0.02971361355253427,-0.7863973222287248,-1.1592137251717594,-0.7863973222287248,0
-0.21300203255605485,-0.23222847887405004,-0.38303407290082336,-0.3968782277395545,-0.3539946864708616,0.6951511637468263,-0.3484023076996031,-0.28580754307836664,0.40929151737857733,-0.10014736666582656,-0.125092823561551,-0.0952792403630034,-0.7863973222287248,-0.05558537264856827,-0.7863973222287248,-0.07447876978010413,-0.02971361355253427,-0.7863973222287248,0.8568101446921702,-0.7863973222287248,1
0.635592943037262,-0.23222847887405004,-0.38303407290082336,-0.3968782277395545,-0.3539946864708616,0.6951511637468263,-0.3484023076996031,-0.28580754307836664,0.40929151737857733,-0.09821869463537178,-0.12336832183053278,-0.08158116283638539,0.8007796416776756,-0.05529002048103498,0.8007796416776756,-0.07350788509567928,-0.029700212167056678,0.8007796416776756,0.8568101446921702,0.8007796416776756,0
0.6412021540316453,-0.23222847887405004,-0.38303407290082336,-0.3968782277395545,-0.3539946864708616,-0.4253073943407376,-0.3484023076996031,-0.28580754307836664,0.40929151737857733,-0.10014736666582656,-0.125092823561551,-0.0952792403630034,-0.7863973222287248,-0.05558537264856827,-0.7863973222287248,-0.07447876978010413,-0.02971361355253427,-0.7863973222287248,-1.1592137251717594,-0.7863973222287248,0
-1.0150884045903366,-0.016717988718406615,2.596342301779915,1.3444522047557486,-0.3539946864708616,-0.4253073943407376,-0.3484023076996031,-0.28580754307836664,0.40929151737857733,-0.09867790226167053,-0.12377891748077521,-0.0952792403630034,-0.7863973222287248,-0.05558537264856827,-0.7863973222287248,-0.07447876978010413,-0.02971361355253427,-0.7863973222287248,-1.1592137251717594,-0.7863973222287248,0
2.258267989391091,-0.23222847887405004,-0.38303407290082336,-0.3968782277395545,-0.3539946864708616,0.6951511637468263,-0.3484023076996031,-0.28580754307836664,0.40929151737857733,-0.10014736666582656,-0.125092823561551,-0.0952792403630034,-0.7863973222287248,-0.05558537264856827,-0.7863973222287248,-0.07447876978010413,-0.02971361355253427,-0.7863973222287248,0.8568101446921702,-0.7863973222287248,0
0.2835614109967111,-0.23222847887405004,-0.38303407290082336,-0.3968782277395545,-0.3539946864708616,0.6951511637468263,-0.3484023076996031,-0.28580754307836664,0.40929151737857733,-0.10014736666582656,-0.125092823561551,-0.0952792403630034,-0.7863973222287248,-0.05558537264856827,-0.7863973222287248,-0.07447876978010413,-0.02971361355253427,-0.7863973222287248,0.8568101446921702,-0.7863973222287248,1
-0.29542004420874557,-0.23222847887405004,-0.38303407290082336,-0.3968782277395545,-0.3539946864708616,0.6951511637468263,-0.3484023076996031,-0.28580754307836664,0.40929151737857733,-0.09821869463537178,-0.12336832183053278,-0.08150196251846212,0.7916548342210296,-0.0552883126894362,0.7916548342210296,-0.07350227122556183,-0.02970013468216959,0.7916548342210296,0.8568101446921702,0.7916548342210296,1
0.2998281945087076,-0.016717988718406615,2.596342301779915,1.3444522047557486,-0.3539946864708616,-0.4253073943407376,-0.3484023076996031,-0.28580754307836664,0.40929151737857733,-0.09867790226167053,-0.12377891748077521,-0.0952792403630034,-0.7863973222287248,-0.05558537264856827,-0.7863973222287248,-0.07447876978010413,-0.02971361355253427,-0.7863973222287248,-1.1592137251717594,-0.7863973222287248,0
0.638768941191916,-0.23222847887405004,-0.38303407290082336,-0.3968782277395545,-0.3539946864708616,0.6951511637468263,-0.3484023076996031,-0.28580754307836664,0.40929151737857733,-0.10014736666582656,-0.125092823561551,-0.0952792403630034,-0.7863973222287248,-0.05558537264856827,-0.7863973222287248,-0.07447876978010413,-0.02971361355253427,-0.7863973222287248,0.8568101446921702,-0.7863973222287248,1
-0.31788052552031204,-0.23222847887405004,-0.38303407290082336,-0.3968782277395545,-0.3539946864708616,0.6951511637468263,-0.3484023076996031,-0.28580754307836664,0.40929151737857733,-0.10014736666582656,-0.125092823561551,-0.0952792403630034,-0.7863973222287248,-0.05558537264856827,-0.7863973222287248,-0.07447876978010413,-0.02971361355253427,-0.7863973222287248,0.8568101446921702,-0.7863973222287248,1
-1.1139135911935245,-0.23222847887405004,-0.8155241918060918,7.439108718489309,-0.3539946864708616,-0.4253073943407376,-0.3484023076996031,-0.28580754307836664,0.40929151737857733,-0.10014736666582656,-0.125092823561551,-0.0952792403630034,-0.7863973222287248,-0.05558537264856827,-0.7863973222287248,-0.07447876978010413,-0.02971361355253427,-0.7863973222287248,-1.1592137251717594,-0.7863973222287248,1
1.4210228736894228,-0.23222847887405004,-0.38303407290082336,-0.3968782277395545,-0.3539946864708616,0.6951511637468263,-0.3484023076996031,-0.28580754307836664,0.40929151737857733,-0.09821869463537178,-0.12336832183053278,-0.08153883529617147,0.7958906943218176,-0.05528910793653224,0.7958906943218176,-0.07350488536999934,-0.029700170756305305,0.7958906943218176,0.8568101446921702,0.7958906943218176,0
0.26277130129016346,-0.23222847887405004,-0.38303407290082336,-0.3968782277395545,-0.3539946864708616,-0.4253073943407376,-0.3484023076996031,-0.28580754307836664,0.40929151737857733,-0.09821869463537178,-0.12336832183053278,-0.08283483727850378,0.9606761482876406,-0.05531705187695926,0.9606761482876406,-0.07359674297852704,-0.029701438687670948,0.9606761482876406,-1.1592137251717594,0.9606761482876406,0
-0.4210277628373435,-0.07059561125731748,-0.38303407290082336,-0.3968782277395545,2.843237627054181,-0.9855366733845196,2.9180589044121388,1.266202239706437,-0.9326478838626592,-0.09904526836270953,-0.12139746270936912,-0.0952792403630034,-0.7863973222287248,-0.05558537264856827,-0.7863973222287248,-0.07447876978010413,-0.02971361355253427,-0.7863973222287248,0.8568101446921702,-0.7863973222287248,1
0.07917189060087601,-0.23222847887405004,-0.38303407290082336,-0.3968782277395545,-0.3539946864708616,0.6951511637468263,-0.3484023076996031,-0.28580754307836664,0.40929151737857733,-0.10014736666582656,-0.125092823561551,-0.0952792403630034,-0.7863973222287248,-0.05558537264856827,-0.7863973222287248,-0.07447876978010413,-0.02971361355253427,-0.7863973222287248,0.8568101446921702,-0.7863973222287248,1
-0.06602150812284632,-0.23222847887405004,-0.38303407290082336,-0.3968782277395545,-0.3539946864708616,0.6951511637468263,-0.3484023076996031,-0.28580754307836664,0.40929151737857733,-0.10014736666582656,-0.125092823561551,-0.0952792403630034,-0.7863973222287248,-0.05558537264856827,-0.7863973222287248,-0.07447876978010413,-0.02971361355253427,-0.7863973222287248,0.8568101446921702,-0.7863973222287248,1
-0.9629394317329651,-0.06386090843995362,-0.38303407290082336,-0.3968782277395545,1.3232419370176853,-2.1059952314720833,1.2533724880869292,1.489297609851608,-0.9326478838626592,-0.09284596540767627,-0.11043455884789621,-0.08036630930144228,2.1293622875516496,-0.05456714210042947,2.1293622875516496,-0.07279261760497603,-0.029677138754805984,2.1293622875516496,0.8568101446921702,2.1293622875516496,1
-0.9910549661412824,-0.15141204506568376,-0.36701592034877634,-0.6870999664887717,-0.09192646405077613,1.8156097218343903,-0.3484023076996031,2.1431312271168923,-0.9326478838626592,-0.09711659633225475,-0.12000143749854485,0.5065172204288501,-0.7502700575117014,-0.03890234528472104,-0.7502700575117014,-0.01963815055365228,-0.028536089758102526,-0.7502700575117014,-1.1592137251717594,-0.7502700575117014,1
-0.7899714492372845,-0.07059561125731748,-0.38303407290082336,-0.3968782277395545,1.8326858890700901,-0.9855366733845196,1.8328334501199584,1.229502568427145,-0.9326478838626592,-0.09904526836270953,-0.12139746270936912,-0.0952792403630034,-0.7863973222287248,-0.05558537264856827,-0.7863973222287248,-0.07447876978010413,-0.02971361355253427,-0.7863973222287248,0.8568101446921702,-0.7863973222287248,1
0.6921520693989646,-0.23222847887405004,-0.38303407290082336,-0.3968782277395545,-0.3539946864708616,0.6951511637468263,-0.3484023076996031,-0.28580754307836664,0.40929151737857733,-0.09821869463537178,-0.12336832183053278,-0.08161449356052038,0.8046502885108257,-0.05529073904442574,0.8046502885108257,-0.07351024716465174,-0.029700244775857546,0.8046502885108257,0.8568101446921702,0.8046502885108257,0
-0.9156242936854004,-0.515085997203332,-0.38303407290082336,-0.3968782277395545,1.9261551516986453,1.8156097218343903,1.8965314659153691,1.5482102400631035,-0.9326478838626592,-0.10207603869628136,-0.12410739400096915,-0.0952792403630034,-0.7863973222287248,-0.05558537264856827,-0.7863973222287248,-0.07447876978010413,-0.02971361355253427,-0.7863973222287248,0.8568101446921702,-0.7863973222287248,1
0.05412670262691243,0.7712422409131647,-0.38303407290082336,-0.3968782277395545,4.9640624902414565,-2.1059952314720833,5.205345679711185,1.2594417739444623,-0.9326478838626592,-0.07576344170936238,-0.0975418554302839,1.238626646894708,-0.7537994294258488,0.09917690505525939,-0.7537994294258488,0.35547081110661727,-0.027103584962575318,-0.7537994294258488,-1.1592137251717594,-0.7537994294258488,1
0.5333346127364519,-0.23222847887405004,-0.38303407290082336,-0.3968782277395545,-0.3539946864708616,-0.4253073943407376,-0.3484023076996031,-0.28580754307836664,0.40929151737857733,-0.10014736666582656,-0.125092823561551,-0.0952792403630034,-0.7863973222287248,-0.05558537264856827,-0.7863973222287248,-0.07447876978010413,-0.02971361355253427,-0.7863973222287248,-1.1592137251717594,-0.7863973222287248,0
0.4378788206572812,-0.23222847887405004,-0.38303407290082336,-0.3968782277395545,-0.3539946864708616,-0.4253073943407376,-0.3484023076996031,-0.28580754307836664,0.40929151737857733,-0.09821869463537178,-0.12336832183053278,-0.08195261799473132,0.8450189375629374,-0.055298029601608054,0.8450189375629374,-0.07353421275924461,-0.029700575576721643,0.8450189375629374,-1.1592137251717594,0.8450189375629374,0
0.8569243435307411,-0.23222847887405004,-0.38303407290082336,-0.3968782277395545,-0.3539946864708616,0.6951511637468263,-0.3484023076996031,-0.28580754307836664,0.40929151737857733,-0.10014736666582656,-0.125092823561551,-0.0952792403630034,-0.7863973222287248,-0.05558537264856827,-0.7863973222287248,-0.07447876978010413,-0.02971361355253427,-0.7863973222287248,0.8568101446921702,-0.7863973222287248,1
0.31607492210091825,-0.23222847887405004,-0.38303407290082336,-0.3968782277395545,-0.3539946864708616,-0.4253073943407376,-0.3484023076996031,-0.28580754307836664,0.40929151737857733,-0.09821869463537178,-0.12336832183053278,-0.0826655271176481,0.9372220908595563,-0.05531340069201579,0.9372220908595563,-0.07358474076580848,-0.029701273044665456,0.9372220908595563,-1.1592137251717594,0.9372220908595563,0
-1.021127027152991,0.18436097615802052,-0.38303407290082336,-0.3968782277395545,1.1157756026883054,-2.1059952314720833,1.0967674898174367,0.9127264584374649,-0.9326478838626592,-0.06869164426436147,-0.0803789572501503,-0.05261857001041267,2.2713977170607844,-0.05207760166978988,2.2713977170607844,-0.06699156121738942,-0.029630140220306925,2.2713977170607844,-1.1592137251717594,2.2713977170607844,1
-0.14012705730716546,0.17062921344033957,-0.38303407290082336,-0.3968782277395545,2.763523038524811,-2.1059952314720833,2.875818244907598,0.8905134995052617,-0.9326478838626592,-0.05064478455082018,0.4103649639196026,0.05524850842431131,0.6579382877644926,0.036335147557641,0.6579382877644926,-0.04859367578199841,-0.02940435196230105,0.6579382877644926,-1.1592137251717594,0.6579382877644926,1
0.5326648882721755,-0.23222847887405004,-0.38303407290082336,-0.3968782277395545,-0.3539946864708616,-0.4253073943407376,-0.3484023076996031,-0.28580754307836664,0.40929151737857733,-0.09821869463537178,-0.12336832183053278,-0.08156802181762443,0.7992561806183862,-0.05528973673973327,0.7992561806183862,-0.07350695237835242,-0.02970019931066441,0.7992561806183862,-1.1592137251717594,0.7992561806183862,0
-0.9917504767881407,-0.016717988718406615,2.596342301779915,1.3444522047557486,-0.3539946864708616,-0.4253073943407376,-0.3484023076996031,-0.28580754307836664,0.40929151737857733,-0.09867790226167053,-0.12377891748077521,-0.0952792403630034,-0.7863973222287248,-0.05558537264856827,-0.7863973222287248,-0.07447876978010413,-0.02971361355253427,-0.7863973222287248,-1.1592137251717594,-0.7863973222287248,0
0.9813007719410598,-0.23222847887405004,-0.38303407290082336,-0.3968782277395545,-0.3539946864708616,-0.4253073943407376,-0.3484023076996031,-0.28580754307836664,0.40929151737857733,-0.09821869463537178,-0.12336832183053278,-0.08150724017828795,0.7922606585826405,-0.055288426693287214,0.7922606585826405,-0.073502645980194,-0.029700139845518506,0.7922606585826405,-1.1592137251717594,0.7922606585826405,0
0.7348360806831293,-0.23222847887405004,-0.38303407290082336,-0.3968782277395545,-0.3539946864708616,0.6951511637468263,-0.3484023076996031,-0.28580754307836664,0.40929151737857733,-0.09821869463537178,-0.12336832183053278,-0.08151435970597247,0.7930776314552892,-0.055288580269812405,0.7930776314552892,-0.07350315081852797,-0.029700146810841543,0.7930776314552892,0.8568101446921702,0.7930776314552892,1
0.20926640499870094,-0.23222847887405004,-0.38303407290082336,-0.3968782277395545,-0.3539946864708616,0.6951511637468263,-0.3484023076996031,-0.28580754307836664,0.40929151737857733,-0.09821869463537178,-0.12336832183053278,-0.08151474933186564,0.7931205977220701,-0.05528858835027517,0.7931205977220701,-0.07350317738070833,-0.029700147192028375,0.7931205977220701,0.8568101446921702,0.7931205977220701,1
-0.6842352075607588,-0.016717988718406615,2.596342301779915,1.3444522047557486,-0.3539946864708616,-0.4253073943407376,-0.3484023076996031,-0.28580754307836664,0.40929151737857733,-0.09867790226167053,-0.12377891748077521,-0.0952792403630034,-0.7863973222287248,-0.05558537264856827,-0.7863973222287248,-0.07447876978010413,-0.02971361355253427,-0.7863973222287248,-1.1592137251717594,-0.7863973222287248,0
-0.7638722510502912,-0.23222847887405004,-0.38303407290082336,-0.3968782277395545,-0.3539946864708616,-0.4253073943407376,-0.3484023076996031,-0.28580754307836664,0.40929151737857733,-0.09821869463537178,-0.12336832183053278,-0.08753624040832284,2.0214653984113924,-0.055418421434609524,2.0214653984113924,-0.07392996603157431,-0.02970603826126117,2.0214653984113924,-1.1592137251717594,2.0214653984113924,1
-0.00438895033818155,-0.23222847887405004,-0.38303407290082336,-0.3968782277395545,-0.3539946864708616,0.6951511637468263,-0.3484023076996031,-0.28580754307836664,0.40929151737857733,-0.10014736666582656,-0.125092823561551,-0.0952792403630034,-0.7863973222287248,-0.05558537264856827,-0.7863973222287248,-0.07447876978010413,-0.02971361355253427,-0.7863973222287248,0.8568101446921702,-0.7863973222287248,1
0.31263461557480116,-0.23222847887405004,-0.38303407290082336,-0.3968782277395545,-0.3539946864708616,0.6951511637468263,-0.3484023076996031,-0.28580754307836664,0.40929151737857733,-0.09821869463537178,-0.12336832183053278,-0.08150830279436025,0.7923821917372494,-0.05528844955042745,0.7923821917372494,-0.0735027211164206,-0.02970014088511896,0.7923821917372494,0.8568101446921702,0.7923821917372494,1
1.430475658454188,-0.23222847887405004,-0.38303407290082336,-0.3968782277395545,-0.3539946864708616,0.6951511637468263,-0.3484023076996031,-0.28580754307836664,0.40929151737857733,-0.09821869463537178,-0.12336832183053278,-0.08153862277295701,0.7958636869541268,-0.05528910287232097,0.7958636869541268,-0.07350486872287196,-0.029700170548385217,0.7958636869541268,0.8568101446921702,0.7958636869541268,0
-0.9164208002140372,-0.23222847887405004,-0.38303407290082336,-0.3968782277395545,-0.3539946864708616,-0.4253073943407376,-0.3484023076996031,-0.28580754307836664,0.40929151737857733,-0.09821869463537178,-0.12336832183053278,-0.08749958015382793,2.0082360848695457,-0.05541763111307266,2.0082360848695457,-0.07392736807848553,-0.029706002395045544,2.0082360848695457,-1.1592137251717594,2.0082360848695457,1
-0.7677903182370205,-0.23222847887405004,-0.38303407290082336,-0.3968782277395545,-0.3539946864708616,-0.4253073943407376,-0.3484023076996031,-0.28580754307836664,0.40929151737857733,-0.09821869463537178,-0.12336832183053278,-0.08753174200028337,2.0198369769003954,-0.055418324546337876,2.0198369769003954,-0.0739296475394507,-0.02970603386028592,2.0198369769003954,-1.1592137251717594,2.0198369769003954,1
-0.9800632476743806,-0.23222847887405004,-0.38303407290082336,-0.3968782277395545,-0.3539946864708616,-0.4253073943407376,-0.3484023076996031,-0.28580754307836664,0.40929151737857733,-0.10014736666582656,-0.125092823561551,-0.0952792403630034,-0.7863973222287248,-0.05558537264856827,-0.7863973222287248,-0.07447876978010413,-0.02971361355253427,-0.7863973222287248,-1.1592137251717594,-0.7863973222287248,1
-1.1007909312493795,-0.12447323379622834,-0.735433429045857,5.988000024743223,-0.3539946864708616,0.6951511637468263,-0.3484023076996031,-0.28580754307836664,-0.9326478838626592,-0.09941263446374855,-0.1244358705211631,-0.0952792403630034,-0.7863973222287248,-0.05558537264856827,-0.7863973222287248,-0.07447876978010413,-0.02971361355253427,-0.7863973222287248,-1.1592137251717594,-0.7863973222287248,1
0.2996605843219261,-0.23222847887405004,-0.38303407290082336,-0.3968782277395545,-0.3539946864708616,-0.4253073943407376,-0.3484023076996031,-0.28580754307836664,0.40929151737857733,-0.09821869463537178,-0.12336832183053278,-0.08271883502394263,0.9445367908771034,-0.055314550036127716,0.9445367908771034,-0.0735885189016005,-0.029701325197954844,0.9445367908771034,-1.1592137251717594,0.9445367908771034,0
-0.5732930221341148,-0.23222847887405004,-0.38303407290082336,-0.3968782277395545,-0.3539946864708616,0.6951511637468263,-0.3484023076996031,-0.28580754307836664,0.40929151737857733,-0.09821869463537178,-0.12336832183053278,-0.08155626219975745,0.7978978327842977,-0.055289483242774023,0.7978978327842977,-0.07350611908053943,-0.02970018780575273,0.7978978327842977,0.8568101446921702,0.7978978327842977,1
0.801075769755736,-0.23222847887405004,-0.38303407290082336,-0.3968782277395545,-0.3539946864708616,0.6951511637468263,-0.3484023076996031,-0.28580754307836664,0.40929151737857733,-0.09821869463537178,-0.12336832183053278,-0.08153865819349276,0.7958679835808046,-0.05528910367013882,0.7958679835808046,-0.07350487134546699,-0.029700170583038563,0.7958679835808046,0.8568101446921702,0.7958679835808046,0
1.3638244648845472,-0.23222847887405004,-0.38303407290082336,-0.3968782277395545,-0.3539946864708616,0.6951511637468263,-0.3484023076996031,-0.28580754307836664,0.40929151737857733,-0.10014736666582656,-0.125092823561551,-0.0952792403630034,-0.7863973222287248,-0.05558537264856827,-0.7863973222287248,-0.07447876978010413,-0.02971361355253427,-0.7863973222287248,0.8568101446921702,-0.7863973222287248,0
-0.5561358990401979,-0.23222847887405004,-0.38303407290082336,-0.3968782277395545,-0.3539946864708616,-0.4253073943407376,-0.3484023076996031,-0.28580754307836664,0.40929151737857733,-0.10014736666582656,-0.125092823561551,-0.0952792403630034,-0.7863973222287248,-0.05558537264856827,-0.7863973222287248,-0.07447876978010413,-0.02971361355253427,-0.7863973222287248,-1.1592137251717594,-0.7863973222287248,1
1.7571518520469445,-0.23222847887405004,-0.38303407290082336,-0.3968782277395545,-0.3539946864708616,0.6951511637468263,-0.3484023076996031,-0.28580754307836664,0.40929151737857733,-0.10014736666582656,-0.125092823561551,-0.0952792403630034,-0.7863973222287248,-0.05558537264856827,-0.7863973222287248,-0.07447876978010413,-0.02971361355253427,-0.7863973222287248,0.8568101446921702,-0.7863973222287248,0
-0.35843073019583577,-0.23222847887405004,-0.38303407290082336,-0.3968782277395545,-0.3539946864708616,0.6951511637468263,-0.3484023076996031,-0.28580754307836664,0.40929151737857733,-0.10014736666582656,-0.125092823561551,-0.0952792403630034,-0.7863973222287248,-0.05558537264856827,-0.7863973222287248,-0.07447876978010413,-0.02971361355253427,-0.7863973222287248,0.8568101446921702,-0.7863973222287248,1
0.9734245257280297,-0.23222847887405004,-0.38303407290082336,-0.3968782277395545,-0.3539946864708616,0.6951511637468263,-0.3484023076996031,-0.28580754307836664,0.40929151737857733,-0.09821869463537178,-0.12336832183053278,-0.08154099594885185,0.7961398986691469,-0.05528915458500967,0.7961398986691469,-0.0735050387133544,-0.02970017287015956,0.7961398986691469,0.8568101446921702,0.7961398986691469,0
-0.8879843710891467,-0.016717988718406615,2.596342301779915,1.3444522047557486,-0.3539946864708616,-0.4253073943407376,-0.3484023076996031,-0.28580754307836664,0.40929151737857733,-0.09867790226167053,-0.12377891748077521,-0.0952792403630034,-0.7863973222287248,-0.05558537264856827,-0.7863973222287248,-0.07447876978010413,-0.02971361355253427,-0.7863973222287248,-1.1592137251717594,-0.7863973222287248,0
-0.5609443058088475,-0.23222847887405004,-0.38303407290082336,-0.3968782277395545,-0.3539946864708616,0.6951511637468263,-0.3484023076996031,-0.28580754307836664,0.40929151737857733,-0.09821869463537178,-0.12336832183053278,-0.08751176481812382,2.012609437024033,-0.05541789319509739,2.012609437024033,-0.07392822959721419,-0.029706014315797405,2.012609437024033,0.8568101446921702,2.012609437024033,1
0.6895132833814307,-0.23222847887405004,-0.38303407290082336,-0.3968782277395545,-0.3539946864708616,0.6951511637468263,-0.3484023076996031,-0.28580754307836664,0.40929151737857733,-0.09821869463537178,-0.12336832183053278,-0.08158636965513975,0.8013817832164196,-0.055290132507388776,0.8013817832164196,-0.07350825334986226,-0.029700217261098897,0.8013817832164196,0.8568101446921702,0.8013817832164196,0
-0.9061296063739399,-0.016717988718406615,2.596342301779915,1.3444522047557486,-0.3539946864708616,-0.4253073943407376,-0.3484023076996031,-0.28580754307836664,0.40929151737857733,-0.09867790226167053,-0.12377891748077521,-0.0952792403630034,-0.7863973222287248,-0.05558537264856827,-0.7863973222287248,-0.07447876978010413,-0.02971361355253427,-0.7863973222287248,-1.1592137251717594,-0.7863973222287248,0
-0.7248581149455062,0.14780119742357484,-0.38303407290082336,-0.3968782277395545,1.1149419860762335,-2.1059952314720833,1.0501454853110956,1.305799253455147,-0.9326478838626592,-0.07043663324429676,-0.08193922072107154,-0.047177479832654454,1.9255112900247984,-0.05176602566277057,1.9255112900247984,-0.06648307699067932,-0.029619493741376023,1.9255112900247984,-1.1592137251717594,1.9255112900247984,1
-1.0614673609536134,-0.016717988718406615,2.596342301779915,1.3444522047557486,-0.3539946864708616,-0.4253073943407376,-0.3484023076996031,-0.28580754307836664,0.40929151737857733,-0.09867790226167053,-0.12377891748077521,-0.0952792403630034,-0.7863973222287248,-0.05558537264856827,-0.7863973222287248,-0.07447876978010413,-0.02971361355253427,-0.7863973222287248,-1.1592137251717594,-0.7863973222287248,0
1.4418111926888466,-0.23222847887405004,-0.38303407290082336,-0.3968782277395545,-0.3539946864708616,0.6951511637468263,-0.3484023076996031,-0.28580754307836664,0.40929151737857733,-0.10014736666582656,-0.125092823561551,-0.0952792403630034,-0.7863973222287248,-0.05558537264856827,-0.7863973222287248,-0.07447876978010413,-0.02971361355253427,-0.7863973222287248,0.8568101446921702,-0.7863973222287248,0
0.5063436424018393,-0.23222847887405004,-0.38303407290082336,-0.3968782277395545,-0.3539946864708616,-0.4253073943407376,-0.3484023076996031,-0.28580754307836664,0.40929151737857733,-0.10014736666582656,-0.125092823561551,-0.0952792403630034,-0.7863973222287248,-0.05558537264856827,-0.7863973222287248,-0.07447876978010413,-0.02971361355253427,-0.7863973222287248,-1.1592137251717594,-0.7863973222287248,0
0.5935958470057614,-0.23222847887405004,-0.38303407290082336,-0.3968782277395545,-0.3539946864708616,0.6951511637468263,-0.3484023076996031,-0.28580754307836664,0.40929151737857733,-0.10014736666582656,-0.125092823561551,-0.0952792403630034,-0.7863973222287248,-0.05558537264856827,-0.7863973222287248,-0.07447876978010413,-0.02971361355253427,-0.7863973222287248,0.8568101446921702,-0.7863973222287248,1
-0.23565340324701128,-0.23222847887405004,-0.38303407290082336,-0.3968782277395545,-0.3539946864708616,0.6951511637468263,-0.3484023076996031,-0.28580754307836664,0.40929151737857733,-0.09821869463537178,-0.12336832183053278,-0.08153132614259377,0.7950258447518985,-0.05528894589768276,0.7950258447518985,-0.07350435271422588,-0.02970016340979544,0.7950258447518985,0.8568101446921702,0.7950258447518985,1
-0.7667495592567064,-0.016717988718406615,2.596342301779915,1.3444522047557486,-0.3539946864708616,-0.4253073943407376,-0.3484023076996031,-0.28580754307836664,0.40929151737857733,-0.09867790226167053,-0.12377891748077521,-0.0952792403630034,-0.7863973222287248,-0.05558537264856827,-0.7863973222287248,-0.07447876978010413,-0.02971361355253427,-0.7863973222287248,-1.1592137251717594,-0.7863973222287248,0
-0.787302221198647,-0.016717988718406615,2.596342301779915,1.3444522047557486,-0.3539946864708616,-0.4253073943407376,-0.3484023076996031,-0.28580754307836664,0.40929151737857733,-0.09867790226167053,-0.12377891748077521,-0.0952792403630034,-0.7863973222287248,-0.05558537264856827,-0.7863973222287248,-0.07447876978010413,-0.02971361355253427,-0.7863973222287248,-1.1592137251717594,-0.7863973222287248,0
0.423277394770357,0.9768611363058048,-0.36701592034877634,-0.6870999664887717,-0.3539946864708616,-2.1059952314720833,-0.3484023076996031,-0.28580754307836664,0.40929151737857733,0.22345624758691002,11.003814859304358,0.12436892112667748,2.282050896007209,0.9247227177389322,2.282050896007209,0.007642404295821213,-0.028153922859392017,2.282050896007209,0.8568101446921702,2.282050896007209,0
-0.8808419566554228,0.11797606762887053,-0.38303407290082336,-0.3968782277395545,1.5225805093793647,-2.1059952314720833,1.5168148990926396,1.0720802942554442,-0.9326478838626592,-0.06322707351140622,-0.0700730064290653,-0.03445130638631239,2.0729807246740983,-0.05081930425292932,2.0729807246740983,-0.06482959983152882,-0.029594592676875878,2.0729807246740983,-1.1592137251717594,2.0729807246740983,1
0.792155899430994,-0.23222847887405004,-0.38303407290082336,-0.3968782277395545,-0.3539946864708616,0.6951511637468263,-0.3484023076996031,-0.28580754307836664,0.40929151737857733,-0.10014736666582656,-0.125092823561551,-0.0952792403630034,-0.7863973222287248,-0.05558537264856827,-0.7863973222287248,-0.07447876978010413,-0.02971361355253427,-0.7863973222287248,0.8568101446921702,-0.7863973222287248,1
-0.9261930471296764,-0.016717988718406615,2.596342301779915,1.3444522047557486,-0.3539946864708616,-0.4253073943407376,-0.3484023076996031,-0.28580754307836664,0.40929151737857733,-0.09867790226167053,-0.12377891748077521,-0.0952792403630034,-0.7863973222287248,-0.05558537264856827,-0.7863973222287248,-0.07447876978010413,-0.02971361355253427,-0.7863973222287248,-1.1592137251717594,-0.7863973222287248,0
0.44496572317016947,-0.23222847887405004,-0.38303407290082336,-0.3968782277395545,-0.3539946864708616,-0.4253073943407376,-0.3484023076996031,-0.28580754307836664,0.40929151737857733,-0.10014736666582656,-0.125092823561551,-0.0952792403630034,-0.7863973222287248,-0.05558537264856827,-0.7863973222287248,-0.07447876978010413,-0.02971361355253427,-0.7863973222287248,-1.1592137251717594,-0.7863973222287248,0
-0.5057181818300522,-0.07059561125731748,-0.38303407290082336,-0.3968782277395545,4.753782699846335,-0.9855366733845196,4.822146505322921,2.6047744605774623,-0.9326478838626592,-0.09904526836270953,-0.12139746270936912,-0.0952792403630034,-0.7863973222287248,-0.05558537264856827,-0.7863973222287248,-0.07447876978010413,-0.02971361355253427,-0.7863973222287248,0.8568101446921702,-0.7863973222287248,1
-1.0815282947193767,-0.23222847887405004,-0.38303407290082336,-0.3968782277395545,-0.3539946864708616,-0.4253073943407376,-0.3484023076996031,-0.28580754307836664,0.40929151737857733,-0.10014736666582656,-0.125092823561551,-0.0952792403630034,-0.7863973222287248,-0.05558537264856827,-0.7863973222287248,-0.07447876978010413,-0.02971361355253427,-0.7863973222287248,-1.1592137251717594,-0.7863973222287248,1
0.313422526709244,-0.23222847887405004,-0.38303407290082336,-0.3968782277395545,-0.3539946864708616,-0.4253073943407376,-0.3484023076996031,-0.28580754307836664,0.40929151737857733,-0.10014736666582656,-0.125092823561551,-0.0952792403630034,-0.7863973222287248,-0.05558537264856827,-0.7863973222287248,-0.07447876978010413,-0.02971361355253427,-0.7863973222287248,-1.1592137251717594,-0.7863973222287248,0
0.3581647767614282,-0.016717988718406615,2.596342301779915,1.3444522047557486,-0.3539946864708616,-0.4253073943407376,-0.3484023076996031,-0.28580754307836664,0.40929151737857733,-0.09867790226167053,-0.12377891748077521,-0.0952792403630034,-0.7863973222287248,-0.05558537264856827,-0.7863973222287248,-0.07447876978010413,-0.02971361355253427,-0.7863973222287248,-1.1592137251717594,-0.7863973222287248,0
-0.816136545446431,-0.23222847887405004,-0.38303407290082336,-0.3968782277395545,-0.3539946864708616,-0.4253073943407376,-0.3484023076996031,-0.28580754307836664,0.40929151737857733,-0.10014736666582656,-0.125092823561551,-0.0952792403630034,-0.7863973222287248,-0.05558537264856827,-0.7863973222287248,-0.07447876978010413,-0.02971361355253427,-0.7863973222287248,-1.1592137251717594,-0.7863973222287248,1
1.0086369906091281,-0.23222847887405004,-0.38303407290082336,-0.3968782277395545,-0.3539946864708616,0.6951511637468263,-0.3484023076996031,-0.28580754307836664,0.40929151737857733,-0.10014736666582656,-0.125092823561551,-0.0952792403630034,-0.7863973222287248,-0.05558537264856827,-0.7863973222287248,-0.07447876978010413,-0.02971361355253427,-0.7863973222287248,0.8568101446921702,-0.7863973222287248,0
-0.9419240510702518,-0.15141204506568376,-0.36701592034877634,-0.6870999664887717,-0.0723364736670878,1.8156097218343903,-0.3484023076996031,2.324698021867075,-0.9326478838626592,-0.09711659633225475,-0.12000143749854485,0.504073238883059,-0.7501227445970239,-0.03897009533946264,-0.7501227445970239,-0.01986085923077804,-0.028540871781572226,-0.7501227445970239,-1.1592137251717594,-0.7501227445970239,1
1.251981553774665,-0.23222847887405004,-0.38303407290082336,-0.3968782277395545,-0.3539946864708616,0.6951511637468263,-0.3484023076996031,-0.28580754307836664,0.40929151737857733,-0.10014736666582656,-0.125092823561551,-0.0952792403630034,-0.7863973222287248,-0.05558537264856827,-0.7863973222287248,-0.07447876978010413,-0.02971361355253427,-0.7863973222287248,0.8568101446921702,-0.7863973222287248,0
-1.0191909146108102,0.15838428453305367,2.6443967594360562,0.473786988508097,-0.3539946864708616,-2.1059952314720833,-0.3484023076996031,-0.28580754307836664,-2.2745872851038955,-0.09289188617030615,-0.11072197580306592,-0.08606267528030653,1.572533587558527,-0.05465799415729639,1.572533587558527,-0.0729234186873613,-0.029686562698257684,1.572533587558527,0.8568101446921702,1.572533587558527,0
0.36434880474253,-0.23222847887405004,-0.38303407290082336,-0.3968782277395545,-0.3539946864708616,-0.4253073943407376,-0.3484023076996031,-0.28580754307836664,0.40929151737857733,-0.10014736666582656,-0.125092823561551,-0.0952792403630034,-0.7863973222287248,-0.05558537264856827,-0.7863973222287248,-0.07447876978010413,-0.02971361355253427,-0.7863973222287248,-1.1592137251717594,-0.7863973222287248,0
1.0235127528274084,-0.23222847887405004,-0.38303407290082336,-0.3968782277395545,-0.3539946864708616,0.6951511637468263,-0.3484023076996031,-0.28580754307836664,0.40929151737857733,-0.10014736666582656,-0.125092823561551,-0.0952792403630034,-0.7863973222287248,-0.05558537264856827,-0.7863973222287248,-0.07447876978010413,-0.02971361355253427,-0.7863973222287248,0.8568101446921702,-0.7863973222287248,0
-0.2159545504616669,-0.23222847887405004,-0.38303407290082336,-0.3968782277395545,-0.3539946864708616,0.6951511637468263,-0.3484023076996031,-0.28580754307836664,0.40929151737857733,-0.10014736666582656,-0.125092823561551,-0.0952792403630034,-0.7863973222287248,-0.05558537264856827,-0.7863973222287248,-0.07447876978010413,-0.02971361355253427,-0.7863973222287248,0.8568101446921702,-0.7863973222287248,1
0.5832426946991829,-0.23222847887405004,-0.38303407290082336,-0.3968782277395545,-0.3539946864708616,0.6951511637468263,-0.3484023076996031,-0.28580754307836664,0.40929151737857733,-0.09821869463537178,-0.12336832183053278,-0.08151368671579334,0.7929984507636502,-0.05528856539085059,0.7929984507636502,-0.07350310190825159,-0.02970014615242792,0.7929984507636502,0.8568101446921702,0.7929984507636502,1
0.6674073620803634,-0.23222847887405004,-0.38303407290082336,-0.3968782277395545,-0.3539946864708616,0.6951511637468263,-0.3484023076996031,-0.28580754307836664,0.40929151737857733,-0.09821869463537178,-0.12336832183053278,-0.0815839256381734,0.8010975920518545,-0.05529007965138847,0.8010975920518545,-0.07350807960107414,-0.029700214870017855,0.8010975920518545,0.8568101446921702,0.8010975920518545,0
-0.38678621935873336,-0.23222847887405004,-0.38303407290082336,-0.3968782277395545,-0.3539946864708616,0.6951511637468263,-0.3484023076996031,-0.28580754307836664,0.40929151737857733,-0.09629002260491698,-0.12164382009951458,-0.07970079285535078,2.0047993973308826,-0.055249476501138435,2.0047993973308826,-0.07337460850774716,-0.029698372524748672,2.0047993973308826,0.8568101446921702,2.0047993973308826,1
-0.9669832065597805,-0.23222847887405004,-0.38303407290082336,-0.3968782277395545,-0.3539946864708616,-0.4253073943407376,-0.3484023076996031,-0.28580754307836664,0.40929151737857733,-0.10014736666582656,-0.125092823561551,-0.0952792403630034,-0.7863973222287248,-0.05558537264856827,-0.7863973222287248,-0.07447876978010413,-0.02971361355253427,-0.7863973222287248,-1.1592137251717594,-0.7863973222287248,1
-1.1835552656598003,0.2796089352456031,2.612360454331962,1.0542304660065314,-0.3539946864708616,-2.1059952314720833,-0.3484023076996031,-0.28580754307836664,-2.2745872851038955,-0.09665738870595598,-0.11729150620694481,-0.0952792403630034,-0.7863967084249137,-0.05558537264856827,-0.7863967084249137,-0.07447876978010413,34.623634814653236,-0.7863967084249137,0.8568101446921702,-0.7863967084249137,0
1.990353850063654,-0.23222847887405004,-0.38303407290082336,-0.3968782277395545,-0.3539946864708616,0.6951511637468263,-0.3484023076996031,-0.28580754307836664,0.40929151737857733,-0.10014736666582656,-0.125092823561551,-0.0952792403630034,-0.7863973222287248,-0.05558537264856827,-0.7863973222287248,-0.07447876978010413,-0.02971361355253427,-0.7863973222287248,0.8568101446921702,-0.7863973222287248,0
-0.705793888764813,0.20552720425460067,-0.38303407290082336,-0.3968782277395545,1.102541938971665,-2.1059952314720833,1.0549761990310296,1.1493427601065855,-0.9326478838626592,-0.07259490908790094,-0.086578951568811,-0.04091913163367804,1.213346031934789,-0.051086776798700786,1.213346031934789,-0.06466302618693327,-0.029607248114375206,1.213346031934789,-1.1592137251717594,1.213346031934789,1
-0.29396240861002637,-0.23222847887405004,-0.38303407290082336,-0.3968782277395545,-0.3539946864708616,0.6951511637468263,-0.3484023076996031,-0.28580754307836664,0.40929151737857733,-0.10014736666582656,-0.125092823561551,-0.0952792403630034,-0.7863973222287248,-0.05558537264856827,-0.7863973222287248,-0.07447876978010413,-0.02971361355253427,-0.7863973222287248,0.8568101446921702,-0.7863973222287248,1
-1.0895248764511216,-0.016717988718406615,2.596342301779915,1.3444522047557486,-0.3539946864708616,-0.4253073943407376,-0.3484023076996031,-0.28580754307836664,0.40929151737857733,-0.09867790226167053,-0.12377891748077521,-0.0952792403630034,-0.7863973222287248,-0.05558537264856827,-0.7863973222287248,-0.07447876978010413,-0.02971361355253427,-0.7863973222287248,-1.1592137251717594,-0.7863973222287248,0
-0.056379982827239605,0.19121596076770248,-0.38303407290082336,-0.3968782277395545,5.071703235275233,-2.1059952314720833,5.3656579699052775,0.8789241296275906,-0.9326478838626592,-0.06354851884981536,0.3988272261477903,-0.038058073279503016,1.87326185440395,-0.006859475426388392,1.87326185440395,-0.06433953784796029,-0.02956966035505545,1.87326185440395,-1.1592137251717594,1.87326185440395,1
-0.43628888522865117,-0.515085997203332,-0.38303407290082336,-0.3968782277395545,2.0192076060211646,1.8156097218343903,1.9855064721057836,1.6457541032001695,-0.9326478838626592,-0.10207603869628136,-0.12410739400096915,-0.0952792403630034,-0.7863973222287248,-0.05558537264856827,-0.7863973222287248,-0.07447876978010413,-0.02971361355253427,-0.7863973222287248,0.8568101446921702,-0.7863973222287248,1
0.42638892746855656,-0.23222847887405004,-0.38303407290082336,-0.3968782277395545,-0.3539946864708616,0.6951511637468263,-0.3484023076996031,-0.28580754307836664,0.40929151737857733,-0.09821869463537178,-0.12336832183053278,-0.08154421921760453,0.7965087947596518,-0.05528922360420849,0.7965087947596518,-0.073505265593975,-0.029700176023614265,0.7965087947596518,0.8568101446921702,0.7965087947596518,1
0.03459187861410204,-0.016717988718406615,2.596342301779915,1.3444522047557486,-0.3539946864708616,-0.4253073943407376,-0.3484023076996031,-0.28580754307836664,0.40929151737857733,-0.09867790226167053,-0.12377891748077521,-0.0952792403630034,-0.7863973222287248,-0.05558537264856827,-0.7863973222287248,-0.07447876978010413,-0.02971361355253427,-0.7863973222287248,-1.1592137251717594,-0.7863973222287248,0
0.671671393883398,-0.23222847887405004,-0.38303407290082336,-0.3968782277395545,-0.3539946864708616,0.6951511637468263,-0.3484023076996031,-0.28580754307836664,0.40929151737857733,-0.09821869463537178,-0.12336832183053278,-0.08161339552391232,0.8045220035142941,-0.05529071525081555,0.8045220035142941,-0.07351016895005148,-0.02970024370160375,0.8045220035142941,0.8568101446921702,0.8045220035142941,0
-1.0432963394862385,-0.23222847887405004,-0.38303407290082336,-0.3968782277395545,-0.3539946864708616,-0.4253073943407376,-0.3484023076996031,-0.28580754307836664,0.40929151737857733,-0.09821869463537178,-0.12336832183053278,-0.07969002501248465,0.6082367517637529,-0.05524924422931598,0.6082367517637529,-0.07337384498142221,-0.029698361990130748,0.6082367517637529,-1.1592137251717594,0.6082367517637529,1
0.05251864762979962,-0.23222847887405004,-0.38303407290082336,-0.3968782277395545,-0.3539946864708616,0.6951511637468263,-0.3484023076996031,-0.28580754307836664,0.40929151737857733,-0.09821869463537178,-0.12336832183053278,-0.08154758416850022,0.7968979463759245,-0.05528929636928709,0.7968979463759245,-0.07350550478809016,-0.02970017931568237,0.7968979463759245,0.8568101446921702,0.7968979463759245,1
-1.164044437122448,-0.0840650168920452,2.596342301779915,1.3444522047557486,-0.3539946864708616,-0.4253073943407376,-0.3484023076996031,-0.28580754307836664,0.40929151737857733,-0.0991371098879693,-0.12418951313101764,-0.0952792403630034,-0.7863973222287248,-0.05558537264856827,-0.7863973222287248,-0.07447876978010413,-0.02971361355253427,-0.7863973222287248,-1.1592137251717594,-0.7863973222287248,0
-0.7091031155294728,-0.23222847887405004,-0.38303407290082336,-0.3968782277395545,-0.3539946864708616,-0.4253073943407376,-0.3484023076996031,-0.28580754307836664,0.40929151737857733,-0.09629002260491698,-0.12164382009951458,-0.07979200073489125,2.021239518608887,-0.05525144334032656,2.021239518608887,-0.07338107392176606,-0.029698461757120872,2.021239518608887,-1.1592137251717594,2.021239518608887,1
0.5706755121048201,-0.23222847887405004,-0.38303407290082336,-0.3968782277395545,-0.3539946864708616,-0.4253073943407376,-0.3484023076996031,-0.28580754307836664,0.40929151737857733,-0.09821869463537178,-0.12336832183053278,-0.0815872197479976,0.8014787642185822,-0.05529015054352718,0.8014787642185822,-0.07350831263844201,-0.029700218092779257,0.8014787642185822,-1.1592137251717594,0.8014787642185822,0
-0.9613965584751563,-0.06386090843995362,-0.38303407290082336,-0.3968782277395545,1.107647840720605,-2.1059952314720833,0.9865598116952182,1.784826541732224,-0.9326478838626592,-0.08976927431147458,-0.10497363669967189,-0.07173485604869834,1.9838490456485043,-0.05397779976770707,1.9838490456485043,-0.07181668842253748,-0.029659866521002262,1.9838490456485043,0.8568101446921702,1.9838490456485043,1
0.8202682105664886,-0.23222847887405004,-0.38303407290082336,-0.3968782277395545,-0.3539946864708616,0.6951511637468263,-0.3484023076996031,-0.28580754307836664,0.40929151737857733,-0.10014736666582656,-0.125092823561551,-0.0952792403630034,-0.7863973222287248,-0.05558537264856827,-0.7863973222287248,-0.07447876978010413,-0.02971361355253427,-0.7863973222287248,0.8568101446921702,-0.7863973222287248,0
1.1807672803123264,-0.23222847887405004,-0.38303407290082336,-0.3968782277395545,-0.3539946864708616,0.6951511637468263,-0.3484023076996031,-0.28580754307836664,0.40929151737857733,-0.09821869463537178,-0.12336832183053278,-0.081506956814002,0.7922268993730268,-0.05528842034711224,0.7922268993730268,-0.07350262511898233,-0.02970013956829172,0.7922268993730268,0.8568101446921702,0.7922268993730268,0
0.8537870246499598,-0.23222847887405004,-0.38303407290082336,-0.3968782277395545,-0.3539946864708616,0.6951511637468263,-0.3484023076996031,-0.28580754307836664,0.40929151737857733,-0.10014736666582656,-0.125092823561551,-0.0952792403630034,-0.7863973222287248,-0.05558537264856827,-0.7863973222287248,-0.07447876978010413,-0.02971361355253427,-0.7863973222287248,0.8568101446921702,-0.7863973222287248,1
-1.093160011912301,0.14491487889832597,-0.4631248356610583,1.0542304660065314,-0.3539946864708616,-1.5457659524283016,-0.3484023076996031,-0.28580754307836664,-4.958466087586369,-0.0975758039585535,-0.12279348792019337,-0.0952792403630034,-0.7863973222287248,-0.05558537264856827,-0.7863973222287248,-0.07447876978010413,-0.02971361355253427,-0.7863973222287248,-1.1592137251717594,-0.7863973222287248,0
1.3704586766365556,-0.23222847887405004,-0.38303407290082336,-0.3968782277395545,-0.3539946864708616,0.6951511637468263,-0.3484023076996031,-0.28580754307836664,0.40929151737857733,-0.09821869463537178,-0.12336832183053278,-0.08156741966851677,0.7991892760029701,-0.05528972425422498,0.7991892760029701,-0.07350691133586111,-0.029700198721557488,0.7991892760029701,0.8568101446921702,0.7991892760029701,0
-0.2765474236902919,-0.07059561125731748,-0.38303407290082336,-0.3968782277395545,2.455918508670301,-0.9855366733845196,2.5263217243793403,1.0440726503844053,-0.9326478838626592,-0.09904526836270953,-0.12410739400096915,-0.0952792403630034,-0.7863973222287248,-0.05558537264856827,-0.7863973222287248,-0.07447876978010413,-0.02971361355253427,-0.7863973222287248,0.8568101446921702,-0.7863973222287248,1
1.1171567074387854,-0.23222847887405004,-0.38303407290082336,-0.3968782277395545,-0.3539946864708616,-0.4253073943407376,-0.3484023076996031,-0.28580754307836664,0.40929151737857733,-0.09821869463537178,-0.12336832183053278,-0.08149360327202655,0.7906973002756261,-0.0552881323394171,0.7906973002756261,-0.07350167837712314,-0.029700126503979365,0.7906973002756261,-1.1592137251717594,0.7906973002756261,0
0.31205693345668467,-0.016717988718406615,2.596342301779915,1.3444522047557486,-0.3539946864708616,-0.4253073943407376,-0.3484023076996031,-0.28580754307836664,0.40929151737857733,-0.09867790226167053,-0.12377891748077521,-0.0952792403630034,-0.7863973222287248,-0.05558537264856827,-0.7863973222287248,-0.07447876978010413,-0.02971361355253427,-0.7863973222287248,-1.1592137251717594,-0.7863973222287248,0
-1.1369266847234751,-0.23222847887405004,-0.5752519035253871,3.0857826372510515,-0.3539946864708616,-0.4253073943407376,-0.3484023076996031,-0.28580754307836664,0.40929151737857733,-0.10014736666582656,-0.125092823561551,-0.0952792403630034,-0.7863973222287248,-0.05558537264856827,-0.7863973222287248,-0.07447876978010413,-0.02971361355253427,-0.7863973222287248,-1.1592137251717594,-0.7863973222287248,1
-1.0309307905140082,-0.016717988718406615,2.596342301779915,1.3444522047557486,-0.3539946864708616,-0.4253073943407376,-0.3484023076996031,-0.28580754307836664,0.40929151737857733,-0.09867790226167053,-0.12377891748077521,-0.0952792403630034,-0.7863973222287248,-0.05558537264856827,-0.7863973222287248,-0.07447876978010413,-0.02971361355253427,-0.7863973222287248,-1.1592137251717594,-0.7863973222287248,0
-1.1827841871723206,-0.016717988718406615,-0.38303407290082336,-0.3968782277395545,-0.3539946864708616,0.6951511637468263,-0.3484023076996031,-0.28580754307836664,-0.9326478838626592,-0.09867790226167053,-0.12377891748077521,-0.0952792403630034,-0.7863973222287248,-0.05558537264856827,-0.7863973222287248,-0.07447876978010413,-0.02971361355253427,-0.7863973222287248,-1.1592137251717594,-0.7863973222287248,1
-1.1127818642913248,-0.23222847887405004,-0.38303407290082336,-0.3968782277395545,-0.3539946864708616,-0.4253073943407376,-0.3484023076996031,-0.28580754307836664,0.40929151737857733,-0.10014736666582656,-0.125092823561551,-0.0952792403630034,-0.7863973222287248,-0.05558537264856827,-0.7863973222287248,-0.07447876978010413,-0.02971361355253427,-0.7863973222287248,-1.1592137251717594,-0.7863973222287248,1
-0.022238718947558574,-0.23222847887405004,-0.38303407290082336,-0.3968782277395545,-0.3539946864708616,0.6951511637468263,-0.3484023076996031,-0.28580754307836664,0.40929151737857733,-0.09821869463537178,-0.12336832183053278,-0.07968882071426937,0.6081305637044228,-0.05524921866732323,0.6081305637044228,-0.0733737609537766,-0.029698360811916902,0.6081305637044228,0.8568101446921702,0.6081305637044228,1
-0.898466454308634,-0.23222847887405004,-0.38303407290082336,-0.3968782277395545,-0.3539946864708616,-0.4253073943407376,-0.3484023076996031,-0.28580754307836664,0.40929151737857733,-0.09821869463537178,-0.12336832183053278,-0.07964833504191411,0.6045164868643358,-0.0552483452113488,0.6045164868643358,-0.07337088972030915,-0.029698321203139647,0.6045164868643358,-1.1592137251717594,0.6045164868643358,1
-1.1085475582265443,-0.016717988718406615,-0.38303407290082336,-0.3968782277395545,-0.3539946864708616,0.6951511637468263,-0.3484023076996031,-0.28580754307836664,-0.9326478838626592,-0.09867790226167053,-0.12377891748077521,-0.0952792403630034,-0.7863973222287248,-0.05558537264856827,-0.7863973222287248,-0.07447876978010413,-0.02971361355253427,-0.7863973222287248,-1.1592137251717594,-0.7863973222287248,1
-1.138401511110582,-0.23222847887405004,-0.38303407290082336,-0.3968782277395545,-0.3539946864708616,-0.4253073943407376,-0.3484023076996031,-0.28580754307836664,0.40929151737857733,-0.10014736666582656,-0.125092823561551,-0.0952792403630034,-0.7863973222287248,-0.05558537264856827,-0.7863973222287248,-0.07447876978010413,-0.02971361355253427,-0.7863973222287248,-1.1592137251717594,-0.7863973222287248,1
-1.0020065727686127,-0.016717988718406615,2.596342301779915,1.3444522047557486,-0.3539946864708616,-0.4253073943407376,-0.3484023076996031,-0.28580754307836664,0.40929151737857733,-0.09867790226167053,-0.12377891748077521,-0.0952792403630034,-0.7863973222287248,-0.05558537264856827,-0.7863973222287248,-0.07447876978010413,-0.02971361355253427,-0.7863973222287248,-1.1592137251717594,-0.7863973222287248,0
-1.1224069150813931,-0.016717988718406615,2.596342301779915,1.3444522047557486,-0.3539946864708616,-0.4253073943407376,-0.3484023076996031,-0.28580754307836664,0.40929151737857733,-0.09867790226167053,-0.12377891748077521,-0.0952792403630034,-0.7863973222287248,-0.05558537264856827,-0.7863973222287248,-0.07447876978010413,-0.02971361355253427,-0.7863973222287248,-1.1592137251717594,-0.7863973222287248,0
-0.8265197816326882,-0.23222847887405004,-0.38303407290082336,-0.3968782277395545,-0.3539946864708616,-0.4253073943407376,-0.3484023076996031,-0.28580754307836664,0.40929151737857733,-0.09821869463537178,-0.12336832183053278,-0.08155179921225374,0.7973822375829267,-0.05528938692729467,0.7973822375829267,-0.07350580247130455,-0.02970018343943083,0.7973822375829267,-1.1592137251717594,0.7973822375829267,1
-0.9223444593793481,0.14491487889832597,-0.4631248356610583,1.0542304660065314,-0.3539946864708616,-1.5457659524283016,-0.3484023076996031,-0.28580754307836664,-4.958466087586369,-0.0975758039585535,-0.11876965054781756,-0.0952792403630034,-0.7255988271260947,-0.05558537264856827,-0.7255988271260947,-0.07447876978010413,-0.02936376346558085,-0.7255988271260947,-1.1592137251717594,-0.7255988271260947,0
-1.0734070797718198,-0.23222847887405004,-0.38303407290082336,-0.3968782277395545,-0.3539946864708616,-0.4253073943407376,-0.3484023076996031,-0.28580754307836664,0.40929151737857733,-0.10014736666582656,-0.125092823561551,-0.0952792403630034,-0.7863973222287248,-0.05558537264856827,-0.7863973222287248,-0.07447876978010413,-0.02971361355253427,-0.7863973222287248,-1.1592137251717594,-0.7863973222287248,1
1.1945485623365806,-0.23222847887405004,-0.38303407290082336,-0.3968782277395545,-0.3539946864708616,0.6951511637468263,-0.3484023076996031,-0.28580754307836664,0.40929151737857733,-0.10014736666582656,-0.125092823561551,-0.0952792403630034,-0.7863973222287248,-0.05558537264856827,-0.7863973222287248,-0.07447876978010413,-0.02971361355253427,-0.7863973222287248,0.8568101446921702,-0.7863973222287248,0
0.28884757842597286,0.14491487889832597,-0.4631248356610583,1.0542304660065314,-0.3539946864708616,-1.5457659524283016,-0.3484023076996031,-0.28580754307836664,-4.958466087586369,-0.0975758039585535,-0.12279348792019337,-0.0952792403630034,-0.7863973222287248,-0.05558537264856827,-0.7863973222287248,-0.07447876978010413,-0.02971361355253427,-0.7863973222287248,-1.1592137251717594,-0.7863973222287248,0
-0.5414395656757158,-0.016717988718406615,2.596342301779915,1.3444522047557486,-0.3539946864708616,-0.4253073943407376,-0.3484023076996031,-0.28580754307836664,0.40929151737857733,-0.09867790226167053,-0.12377891748077521,-0.0952792403630034,-0.7863973222287248,-0.05558537264856827,-0.7863973222287248,-0.07447876978010413,-0.02971361355253427,-0.7863973222287248,-1.1592137251717594,-0.7863973222287248,0
0.19814718818458923,-0.23222847887405004,-0.38303407290082336,-0.3968782277395545,-0.3539946864708616,-0.4253073943407376,-0.3484023076996031,-0.28580754307836664,0.40929151737857733,-0.09821869463537178,-0.12336832183053278,-0.08288137986247122,0.9672340282060322,-0.05531805529086857,0.9672340282060322,-0.07360004141105532,-0.029701484222170782,0.9672340282060322,-1.1592137251717594,0.9672340282060322,0
-0.2909081785397863,-0.515085997203332,-0.38303407290082336,-0.3968782277395545,1.8176807900527967,1.8156097218343903,1.7312761198218085,1.9634959940129888,-0.9326478838626592,-0.10207603869628136,-0.12410739400096915,-0.0952792403630034,-0.7863973222287248,-0.05558537264856827,-0.7863973222287248,-0.07447876978010413,-0.02971361355253427,-0.7863973222287248,0.8568101446921702,-0.7863973222287248,1
1.3213195243127558,-0.23222847887405004,-0.38303407290082336,-0.3968782277395545,-0.3539946864708616,0.6951511637468263,-0.3484023076996031,-0.28580754307836664,0.40929151737857733,-0.09821869463537178,-0.12336832183053278,-0.08155679350779363,0.7979610545768469,-0.055289495069116575,0.7979610545768469,-0.07350615795621433,-0.02970018832555296,0.7979610545768469,0.8568101446921702,0.7979610545768469,0
-1.173512980109902,-0.016717988718406615,2.596342301779915,1.3444522047557486,-0.3539946864708616,-0.4253073943407376,-0.3484023076996031,-0.28580754307836664,0.40929151737857733,-0.09867790226167053,-0.12377891748077521,-0.0952792403630034,-0.7863973222287248,-0.05558537264856827,-0.7863973222287248,-0.07447876978010413,-0.02971361355253427,-0.7863973222287248,-1.1592137251717594,-0.7863973222287248,0
0.5438854591094905,-0.23222847887405004,-0.38303407290082336,-0.3968782277395545,-0.3539946864708616,-0.4253073943407376,-0.3484023076996031,-0.28580754307836664,0.40929151737857733,-0.10014736666582656,-0.125092823561551,-0.0952792403630034,-0.7863973222287248,-0.05558537264856827,-0.7863973222287248,-0.07447876978010413,-0.02971361355253427,-0.7863973222287248,-1.1592137251717594,-0.7863973222287248,0
-0.6463893287834976,0.3280987753265144,-0.38303407290082336,-0.3968782277395545,5.455166876828281,-2.1059952314720833,5.71762601838327,1.4072062398847702,-0.9326478838626592,-0.07332964128997894,0.05552820298009419,-0.060092798939868776,1.6851518556141962,-0.039540282804509,1.6851518556141962,-0.06704152327392507,-0.029636158813861935,1.6851518556141962,-1.1592137251717594,1.6851518556141962,1
0.9945527209395383,-0.23222847887405004,-0.38303407290082336,-0.3968782277395545,-0.3539946864708616,0.6951511637468263,-0.3484023076996031,-0.28580754307836664,0.40929151737857733,-0.09821869463537178,-0.12336832183053278,-0.08152240016758631,0.7939983371720233,-0.055288753198534484,0.7939983371720233,-0.07350371927160272,-0.029700154677151636,0.7939983371720233,0.8568101446921702,0.7939983371720233,0
0.32251502120071396,-0.23222847887405004,-0.38303407290082336,-0.3968782277395545,-0.3539946864708616,-0.4253073943407376,-0.3484023076996031,-0.28580754307836664,0.40929151737857733,-0.09821869463537178,-0.12336832183053278,-0.08263857208994703,0.9335490888535987,-0.055312819891991445,0.9335490888535987,-0.07358283155399174,-0.029701246673467307,0.9335490888535987,-1.1592137251717594,0.9335490888535987,0
1.7757078755459221,-0.23222847887405004,-0.38303407290082336,-0.3968782277395545,-0.3539946864708616,0.6951511637468263,-0.3484023076996031,-0.28580754307836664,0.40929151737857733,-0.09821869463537178,-0.12336832183053278,-0.08154025211760124,0.7960521247241515,-0.05528913814677994,0.7960521247241515,-0.07350498467743646,-0.029700172142439245,0.7960521247241515,0.8568101446921702,0.7960521247241515,0
0.8302334957100663,-0.23222847887405004,-0.38303407290082336,-0.3968782277395545,-0.3539946864708616,0.6951511637468263,-0.3484023076996031,-0.28580754307836664,0.40929151737857733,-0.10014736666582656,-0.125092823561551,-0.0952792403630034,-0.7863973222287248,-0.05558537264856827,-0.7863973222287248,-0.07447876978010413,-0.02971361355253427,-0.7863973222287248,0.8568101446921702,-0.7863973222287248,1
0.10117789044443884,-0.23222847887405004,-0.38303407290082336,-0.3968782277395545,-0.3539946864708616,0.6951511637468263,-0.3484023076996031,-0.28580754307836664,0.40929151737857733,-0.10014736666582656,-0.125092823561551,-0.0952792403630034,-0.7863973222287248,-0.05558537264856827,-0.7863973222287248,-0.07447876978010413,-0.02971361355253427,-0.7863973222287248,0.8568101446921702,-0.7863973222287248,1
0.4104219083290731,-0.23222847887405004,-0.38303407290082336,-0.3968782277395545,-0.3539946864708616,-0.4253073943407376,-0.3484023076996031,-0.28580754307836664,0.40929151737857733,-0.09821869463537178,-0.12336832183053278,-0.08210506798057292,0.863895859971231,-0.055301316372455334,0.863895859971231,-0.07354501706619615,-0.029700724724733278,0.863895859971231,-1.1592137251717594,0.863895859971231,0
0.47817116350698724,-0.23222847887405004,-0.38303407290082336,-0.3968782277395545,-0.3539946864708616,-0.4253073943407376,-0.3484023076996031,-0.28580754307836664,0.40929151737857733,-0.10014736666582656,-0.125092823561551,-0.0952792403630034,-0.7863973222287248,-0.05558537264856827,-0.7863973222287248,-0.07447876978010413,-0.02971361355253427,-0.7863973222287248,-1.1592137251717594,-0.7863973222287248,0
2.3518481948288628,0.14491487889832597,-0.4631248356610583,1.0542304660065314,-0.3539946864708616,-1.5457659524283016,-0.3484023076996031,-0.28580754307836664,-4.958466087586369,-0.0975758039585535,-0.12279348792019337,-0.0952792403630034,-0.7863973222287248,-0.05558537264856827,-0.7863973222287248,-0.07447876978010413,-0.02971361355253427,-0.7863973222287248,-1.1592137251717594,-0.7863973222287248,0
0.2374986935114857,5.736962981310492,-0.36701592034877634,-0.6870999664887717,-0.3539946864708616,-2.1059952314720833,-0.3484023076996031,-0.28580754307836664,0.40929151737857733,0.15370260915212827,0.18063669760896275,2.8121900042275603,-0.7490086906797757,1.759728091288573,-0.7490086906797757,4.480739959252653,-0.024593522099694405,-0.7490086906797757,-1.1592137251717594,-0.7490086906797757,0
-0.36640940485634343,0.8453239719041671,-0.38303407290082336,-0.3968782277395545,1.6185506218441355,-2.1059952314720833,1.571525540525382,1.4912291714978865,-0.9326478838626592,-0.07424805654257648,-0.09618688978448388,2.1654137843463577,-0.7671631660023385,0.2194708167587168,-0.7671631660023385,0.6961619164980177,-0.025290157981959792,-0.7671631660023385,-1.1592137251717594,-0.7671631660023385,1
-0.6218691761382128,-0.23222847887405004,-0.38303407290082336,-0.3968782277395545,-0.3539946864708616,0.6951511637468263,-0.3484023076996031,-0.28580754307836664,0.40929151737857733,-0.09821869463537178,-0.12336832183053278,-0.08161991290248918,0.8052794374172605,-0.05529085547582506,0.8052794374172605,-0.07351062989914568,-0.02970025007781986,0.8052794374172605,0.8568101446921702,0.8052794374172605,1
-1.0103201096612586,-0.23222847887405004,-0.38303407290082336,-0.3968782277395545,-0.3539946864708616,-0.4253073943407376,-0.3484023076996031,-0.28580754307836664,0.40929151737857733,-0.10014736666582656,-0.125092823561551,-0.0952792403630034,-0.7863973222287248,-0.05558537264856827,-0.7863973222287248,-0.07447876978010413,-0.02971361355253427,-0.7863973222287248,-1.1592137251717594,-0.7863973222287248,1
-0.42811215836025857,-0.23222847887405004,-0.38303407290082336,-0.3968782277395545,-0.3539946864708616,0.6951511637468263,-0.3484023076996031,-0.28580754307836664,0.40929151737857733,-0.10014736666582656,-0.125092823561551,-0.0952792403630034,-0.7863973222287248,-0.05558537264856827,-0.7863973222287248,-0.07447876978010413,-0.02971361355253427,-0.7863973222287248,0.8568101446921702,-0.7863973222287248,1
-0.10989132566434753,-0.23222847887405004,-0.38303407290082336,-0.3968782277395545,-0.3539946864708616,0.6951511637468263,-0.3484023076996031,-0.28580754307836664,0.40929151737857733,-0.09629002260491698,-0.12164382009951458,-0.07973791357681036,2.0114646929162263,-0.055250276707888395,2.0114646929162263,-0.07337723895561014,-0.029698408841457823,2.0114646929162263,0.8568101446921702,2.0114646929162263,1
0.36116815074935427,-0.016717988718406615,2.596342301779915,1.3444522047557486,-0.3539946864708616,-0.4253073943407376,-0.3484023076996031,-0.28580754307836664,0.40929151737857733,-0.09867790226167053,-0.12377891748077521,-0.0952792403630034,-0.7863973222287248,-0.05558537264856827,-0.7863973222287248,-0.07447876978010413,-0.02971361355253427,-0.7863973222287248,-1.1592137251717594,-0.7863973222287248,0
0.12320000665211527,-0.23222847887405004,-0.38303407290082336,-0.3968782277395545,-0.3539946864708616,0.6951511637468263,-0.3484023076996031,-0.28580754307836664,0.40929151737857733,-0.09821869463537178,-0.12336832183053278,-0.08154606108546322,0.7967199432706892,-0.05528926310869311,0.7967199432706892,-0.07350539545352335,-0.029700177825588387,0.7967199432706892,0.8568101446921702,0.7967199432706892,1
-1.0140934877123902,-0.23222847887405004,-0.38303407290082336,-0.3968782277395545,-0.3539946864708616,-0.4253073943407376,-0.3484023076996031,-0.28580754307836664,0.40929151737857733,-0.09821869463537178,-0.12336832183053278,-0.07966310540531932,0.6058337098430768,-0.05524866408618439,0.6058337098430768,-0.0733719379289501,-0.02969833565358594,0.6058337098430768,-1.1592137251717594,0.6058337098430768,1
0.7912884809002574,-0.23222847887405004,-0.38303407290082336,-0.3968782277395545,-0.3539946864708616,0.6951511637468263,-0.3484023076996031,-0.28580754307836664,0.40929151737857733,-0.10014736666582656,-0.125092823561551,-0.0952792403630034,-0.7863973222287248,-0.05558537264856827,-0.7863973222287248,-0.07447876978010413,-0.02971361355253427,-0.7863973222287248,0.8568101446921702,-0.7863973222287248,0
0.04921658369363476,-0.23222847887405004,-0.38303407290082336,-0.3968782277395545,-0.3539946864708616,0.6951511637468263,-0.3484023076996031,-0.28580754307836664,0.40929151737857733,-0.10014736666582656,-0.125092823561551,-0.0952792403630034,-0.7863973222287248,-0.05558537264856827,-0.7863973222287248,-0.07447876978010413,-0.02971361355253427,-0.7863973222287248,0.8568101446921702,-0.7863973222287248,1
1.6316870318468206,-0.23222847887405004,-0.38303407290082336,-0.3968782277395545,-0.3539946864708616,0.6951511637468263,-0.3484023076996031,-0.28580754307836664,0.40929151737857733,-0.10014736666582656,-0.125092823561551,-0.0952792403630034,-0.7863973222287248,-0.05558537264856827,-0.7863973222287248,-0.07447876978010413,-0.02971361355253427,-0.7863973222287248,0.8568101446921702,-0.7863973222287248,0
0.933082043078859,-0.23222847887405004,-0.38303407290082336,-0.3968782277395545,-0.3539946864708616,0.6951511637468263,-0.3484023076996031,-0.28580754307836664,0.40929151737857733,-0.10014736666582656,-0.125092823561551,-0.0952792403630034,-0.7863973222287248,-0.05558537264856827,-0.7863973222287248,-0.07447876978010413,-0.02971361355253427,-0.7863973222287248,0.8568101446921702,-0.7863973222287248,1
-0.1514493403091086,-0.07059561125731748,-0.38303407290082336,-0.3968782277395545,3.1941902207364263,1.8156097218343903,3.3237265147070727,1.031517499683595,-0.9326478838626592,-0.09904526836270953,-0.12410739400096915,-0.0952792403630034,-0.7863973222287248,-0.05558537264856827,-0.7863973222287248,-0.07447876978010413,-0.02971361355253427,-0.7863973222287248,0.8568101446921702,-0.7863973222287248,1
-1.0917962093668654,-0.016717988718406615,2.596342301779915,1.3444522047557486,-0.3539946864708616,-0.4253073943407376,-0.3484023076996031,-0.28580754307836664,0.40929151737857733,-0.09867790226167053,-0.12377891748077521,-0.0952792403630034,-0.7863973222287248,-0.05558537264856827,-0.7863973222287248,-0.07447876978010413,-0.02971361355253427,-0.7863973222287248,-1.1592137251717594,-0.7863973222287248,0
-0.7767703563211199,-0.23222847887405004,-0.38303407290082336,-0.3968782277395545,-0.3539946864708616,-0.4253073943407376,-0.3484023076996031,-0.28580754307836664,0.40929151737857733,-0.09821869463537178,-0.12336832183053278,-0.08162299448909889,0.8056415816658428,-0.05529092248343188,0.8056415816658428,-0.07351085016724038,-0.029700253092661173,0.8056415816658428,-1.1592137251717594,0.8056415816658428,1
-1.115820336138876,-0.23222847887405004,-0.38303407290082336,-0.3968782277395545,-0.3539946864708616,-0.4253073943407376,-0.3484023076996031,-0.28580754307836664,0.40929151737857733,-0.10014736666582656,-0.125092823561551,-0.0952792403630034,-0.7863973222287248,-0.05558537264856827,-0.7863973222287248,-0.07447876978010413,-0.02971361355253427,-0.7863973222287248,-1.1592137251717594,-0.7863973222287248,1
-0.8147759661738182,-0.016717988718406615,2.596342301779915,1.3444522047557486,-0.3539946864708616,-0.4253073943407376,-0.3484023076996031,-0.28580754307836664,0.40929151737857733,-0.09867790226167053,-0.12377891748077521,-0.0952792403630034,-0.7863973222287248,-0.05558537264856827,-0.7863973222287248,-0.07447876978010413,-0.02971361355253427,-0.7863973222287248,-1.1592137251717594,-0.7863973222287248,0
0.3741941125088176,-0.23222847887405004,-0.38303407290082336,-0.3968782277395545,-0.3539946864708616,-0.4253073943407376,-0.3484023076996031,-0.28580754307836664,0.40929151737857733,-0.09821869463537178,-0.12336832183053278,-0.08239884590403254,0.9015379924941878,-0.05530765103021317,0.9015379924941878,-0.07356584041836427,-0.029701012139605142,0.9015379924941878,-1.1592137251717594,0.9015379924941878,0
1.4191505103208468,-0.23222847887405004,-0.38303407290082336,-0.3968782277395545,-0.3539946864708616,0.6951511637468263,-0.3484023076996031,-0.28580754307836664,0.40929151737857733,-0.09821869463537178,-0.12336832183053278,-0.08155403070600559,0.7976418765950458,-0.055289435448711996,0.7976418765950458,-0.0735059619714069,-0.029700185622591784,0.7976418765950458,0.8568101446921702,0.7976418765950458,0
-1.028512619614118,-0.016717988718406615,2.596342301779915,1.3444522047557486,-0.3539946864708616,-0.4253073943407376,-0.3484023076996031,-0.28580754307836664,0.40929151737857733,-0.09867790226167053,-0.12377891748077521,-0.0952792403630034,-0.7863973222287248,-0.05558537264856827,-0.7863973222287248,-0.07447876978010413,-0.02971361355253427,-0.7863973222287248,-1.1592137251717594,-0.7863973222287248,0
-1.1880861128242712,0.14491487889832597,-0.4631248356610583,1.0542304660065314,-0.3539946864708616,-1.5457659524283016,-0.3484023076996031,-0.28580754307836664,-4.958466087586369,-0.0975758039585535,-0.12279348792019337,-0.0952792403630034,-0.7863973222287248,-0.05558537264856827,-0.7863973222287248,-0.07447876978010413,-0.02971361355253427,-0.7863973222287248,-1.1592137251717594,-0.7863973222287248,0
1.5359923594373437,-0.23222847887405004,-0.38303407290082336,-0.3968782277395545,-0.3539946864708616,0.6951511637468263,-0.3484023076996031,-0.28580754307836664,0.40929151737857733,-0.10014736666582656,-0.125092823561551,-0.0952792403630034,-0.7863973222287248,-0.05558537264856827,-0.7863973222287248,-0.07447876978010413,-0.02971361355253427,-0.7863973222287248,0.8568101446921702,-0.7863973222287248,0
1.8971375163134245,-0.23222847887405004,-0.38303407290082336,-0.3968782277395545,-0.3539946864708616,0.6951511637468263,-0.3484023076996031,-0.28580754307836664,0.40929151737857733,-0.10014736666582656,-0.125092823561551,-0.0952792403630034,-0.7863973222287248,-0.05558537264856827,-0.7863973222287248,-0.07447876978010413,-0.02971361355253427,-0.7863973222287248,0.8568101446921702,-0.7863973222287248,0
-0.7692977354937794,-0.07059561125731748,-0.38303407290082336,-0.3968782277395545,6.102053367796031,-0.9855366733845196,6.385275591349981,1.663138158016676,-0.9326478838626592,-0.09904526836270953,-0.12139746270936912,-0.0952792403630034,-0.7863973222287248,-0.05558537264856827,-0.7863973222287248,-0.07447876978010413,-0.02971361355253427,-0.7863973222287248,0.8568101446921702,-0.7863973222287248,1
-1.0088209296572688,-0.515085997203332,-0.38303407290082336,-0.3968782277395545,1.209453269469879,1.8156097218343903,1.061492045443964,2.0842185969053975,-0.9326478838626592,-0.10207603869628136,-0.12410739400096915,-0.0952792403630034,-0.7863973222287248,-0.05558537264856827,-0.7863973222287248,-0.07447876978010413,-0.02971361355253427,-0.7863973222287248,0.8568101446921702,-0.7863973222287248,1
-1.133402931245392,-0.11100382816150062,2.692451217092197,-0.3968782277395545,-0.3539946864708616,-0.4253073943407376,-0.3484023076996031,-0.28580754307836664,0.40929151737857733,-0.09932079293848879,-0.12435375139111461,-0.0952792403630034,-0.7863973222287248,-0.05558537264856827,-0.7863973222287248,-0.07447876978010413,-0.02971361355253427,-0.7863973222287248,-1.1592137251717594,-0.7863973222287248,0
0.70048745291852,-0.23222847887405004,-0.38303407290082336,-0.3968782277395545,-0.3539946864708616,0.6951511637468263,-0.3484023076996031,-0.28580754307836664,0.40929151737857733,-0.10014736666582656,-0.125092823561551,-0.0952792403630034,-0.7863973222287248,-0.05558537264856827,-0.7863973222287248,-0.07447876978010413,-0.02971361355253427,-0.7863973222287248,0.8568101446921702,-0.7863973222287248,1
0.805414294975118,-0.23222847887405004,-0.38303407290082336,-0.3968782277395545,-0.3539946864708616,0.6951511637468263,-0.3484023076996031,-0.28580754307836664,0.40929151737857733,-0.10014736666582656,-0.125092823561551,-0.0952792403630034,-0.7863973222287248,-0.05558537264856827,-0.7863973222287248,-0.07447876978010413,-0.02971361355253427,-0.7863973222287248,0.8568101446921702,-0.7863973222287248,1
0.6837436250287608,-0.23222847887405004,-0.38303407290082336,-0.3968782277395545,-0.3539946864708616,0.6951511637468263,-0.3484023076996031,-0.28580754307836664,0.40929151737857733,-0.09821869463537178,-0.12336832183053278,-0.08160284020426063,0.8032937820881706,-0.05529048759315328,0.8032937820881706,-0.07350942059144135,-0.029700233374905915,0.8032937820881706,0.8568101446921702,0.8032937820881706,0
-1.17558769338346,-0.016717988718406615,-0.38303407290082336,-0.3968782277395545,-0.3539946864708616,0.6951511637468263,-0.3484023076996031,-0.28580754307836664,-0.9326478838626592,-0.09867790226167053,-0.12377891748077521,-0.0952792403630034,-0.7863973222287248,-0.05558537264856827,-0.7863973222287248,-0.07447876978010413,-0.02971361355253427,-0.7863973222287248,-1.1592137251717594,-0.7863973222287248,1
-0.8486138842667388,-0.016717988718406615,2.596342301779915,1.3444522047557486,-0.3539946864708616,-0.4253073943407376,-0.3484023076996031,-0.28580754307836664,0.40929151737857733,-0.09867790226167053,-0.12377891748077521,-0.0952792403630034,-0.7863973222287248,-0.05558537264856827,-0.7863973222287248,-0.07447876978010413,-0.02971361355253427,-0.7863973222287248,-1.1592137251717594,-0.7863973222287248,0
-1.0497955319211174,-0.016717988718406615,2.596342301779915,1.3444522047557486,-0.3539946864708616,-0.4253073943407376,-0.3484023076996031,-0.28580754307836664,0.40929151737857733,-0.09867790226167053,-0.12377891748077521,-0.0952792403630034,-0.7863973222287248,-0.05558537264856827,-0.7863973222287248,-0.07447876978010413,-0.02971361355253427,-0.7863973222287248,-1.1592137251717594,-0.7863973222287248,0
-1.1480548550732055,-0.23222847887405004,-0.38303407290082336,-0.3968782277395545,-0.3539946864708616,-0.4253073943407376,-0.3484023076996031,-0.28580754307836664,0.40929151737857733,-0.09629002260491698,-0.12164382009951458,-0.0796628574615691,1.9980193204328531,-0.05524865860601681,1.9980193204328531,-0.07337191991448686,-0.029698335411012505,1.9980193204328531,-1.1592137251717594,1.9980193204328531,1
0.94064598996951,-0.23222847887405004,-0.38303407290082336,-0.3968782277395545,-0.3539946864708616,0.6951511637468263,-0.3484023076996031,-0.28580754307836664,0.40929151737857733,-0.10014736666582656,-0.125092823561551,-0.0952792403630034,-0.7863973222287248,-0.05558537264856827,-0.7863973222287248,-0.07447876978010413,-0.02971361355253427,-0.7863973222287248,0.8568101446921702,-0.7863973222287248,1
-0.21191650589764752,-0.23222847887405004,-0.38303407290082336,-0.3968782277395545,-0.3539946864708616,0.6951511637468263,-0.3484023076996031,-0.28580754307836664,0.40929151737857733,-0.09821869463537178,-0.12336832183053278,-0.08149608270952863,0.7909814914401913,-0.055288185888677926,0.7909814914401913,-0.07350185440480436,-0.029700128929713753,0.7909814914401913,0.8568101446921702,0.7909814914401913,1
-0.7420786290716032,-0.06386090843995362,-0.38303407290082336,-0.3968782277395545,1.1004578974414854,-2.1059952314720833,0.9863351273361516,1.720119226581893,-0.9326478838626592,-0.09284596540767627,-0.11043455884789621,-0.07631809627127586,1.506847986511472,-0.054290737708881,1.506847986511472,-0.07233490206582935,-0.02966723746147968,1.506847986511472,0.8568101446921702,1.506847986511472,1
1.1004164609632736,-0.23222847887405004,-0.38303407290082336,-0.3968782277395545,-0.3539946864708616,-0.4253073943407376,-0.3484023076996031,-0.28580754307836664,0.40929151737857733,-0.10014736666582656,-0.125092823561551,-0.0952792403630034,-0.7863973222287248,-0.05558537264856827,-0.7863973222287248,-0.07447876978010413,-0.02971361355253427,-0.7863973222287248,-1.1592137251717594,-0.7863973222287248,0
1.1145093260270575,-0.23222847887405004,-0.38303407290082336,-0.3968782277395545,-0.3539946864708616,-0.4253073943407376,-0.3484023076996031,-0.28580754307836664,0.40929151737857733,-0.09821869463537178,-0.12336832183053278,-0.0815014666309617,0.7915995918780254,-0.05528830228598246,0.7915995918780254,-0.0735022370272216,-0.029700134197022717,0.7915995918780254,-1.1592137251717594,0.7915995918780254,0
-0.14642533240276145,-0.07059561125731748,-0.38303407290082336,-0.3968782277395545,4.109501260791309,-0.9855366733845196,4.1635966488984115,2.2947588163497574,-0.9326478838626592,-0.09904526836270953,-0.12139746270936912,-0.0952792403630034,-0.7863973222287248,-0.05558537264856827,-0.7863973222287248,-0.07447876978010413,-0.02971361355253427,-0.7863973222287248,0.8568101446921702,-0.7863973222287248,1
-1.1588413585037276,-0.23222847887405004,-0.671360818837669,4.827113069746354,-0.3539946864708616,-0.4253073943407376,-0.3484023076996031,-0.28580754307836664,0.40929151737857733,-0.10014736666582656,-0.125092823561551,-0.0952792403630034,-0.7863973222287248,-0.05558537264856827,-0.7863973222287248,-0.07447876978010413,-0.02971361355253427,-0.7863973222287248,-1.1592137251717594,-0.7863973222287248,1
-0.27131426119189267,-0.23222847887405004,-0.38303407290082336,-0.3968782277395545,-0.3539946864708616,0.6951511637468263,-0.3484023076996031,-0.28580754307836664,0.40929151737857733,-0.10014736666582656,-0.125092823561551,-0.0952792403630034,-0.7863973222287248,-0.05558537264856827,-0.7863973222287248,-0.07447876978010413,-0.02971361355253427,-0.7863973222287248,0.8568101446921702,-0.7863973222287248,1
-0.6768087869772106,0.08430255354205124,-0.36701592034877634,-0.6870999664887717,-0.3539946864708616,-2.1059952314720833,-0.3484023076996031,-0.28580754307836664,0.40929151737857733,-0.09798909082222239,-0.10998290363262954,-0.0952792403630034,-0.7409291911135284,-0.05558537264856827,-0.7409291911135284,-0.07447876978010413,-0.029245805477425446,-0.7409291911135284,-1.1592137251717594,-0.7409291911135284,0
-0.8423281441210089,-0.016717988718406615,2.596342301779915,1.3444522047557486,-0.3539946864708616,-0.4253073943407376,-0.3484023076996031,-0.28580754307836664,0.40929151737857733,-0.09867790226167053,-0.12377891748077521,-0.0952792403630034,-0.7863973222287248,-0.05558537264856827,-0.7863973222287248,-0.07447876978010413,-0.02971361355253427,-0.7863973222287248,-1.1592137251717594,-0.7863973222287248,0
-0.3011062556094494,-0.23222847887405004,-0.38303407290082336,-0.3968782277395545,-0.3539946864708616,0.6951511637468263,-0.3484023076996031,-0.28580754307836664,0.40929151737857733,-0.09629002260491698,-0.12164382009951458,-0.07971740508661466,2.0077824838531013,-0.05524983508957329,2.0077824838531013,-0.07337578726334028,-0.029698388777169082,2.0077824838531013,0.8568101446921702,2.0077824838531013,1
-1.0290297758314524,-0.016717988718406615,2.596342301779915,1.3444522047557486,-0.3539946864708616,-0.4253073943407376,-0.3484023076996031,-0.28580754307836664,0.40929151737857733,-0.09867790226167053,-0.12377891748077521,-0.0952792403630034,-0.7863973222287248,-0.05558537264856827,-0.7863973222287248,-0.07447876978010413,-0.02971361355253427,-0.7863973222287248,-1.1592137251717594,-0.7863973222287248,0
0.27321685408432655,-0.016717988718406615,2.596342301779915,1.3444522047557486,-0.3539946864708616,-0.4253073943407376,-0.3484023076996031,-0.28580754307836664,0.40929151737857733,-0.09867790226167053,-0.12377891748077521,-0.0952792403630034,-0.7863973222287248,-0.05558537264856827,-0.7863973222287248,-0.07447876978010413,-0.02971361355253427,-0.7863973222287248,-1.1592137251717594,-0.7863973222287248,0
-0.5028158037239048,-0.07059561125731748,-0.38303407290082336,-0.3968782277395545,1.8241413187963538,-0.9855366733845196,1.8193523885759564,1.266202239706437,-0.9326478838626592,-0.09904526836270953,-0.12139746270936912,-0.0952792403630034,-0.7863973222287248,-0.05558537264856827,-0.7863973222287248,-0.07447876978010413,-0.02971361355253427,-0.7863973222287248,0.8568101446921702,-0.7863973222287248,1
0.5209020913177939,-0.23222847887405004,-0.38303407290082336,-0.3968782277395545,-0.3539946864708616,-0.4253073943407376,-0.3484023076996031,-0.28580754307836664,0.40929151737857733,-0.09821869463537178,-0.12336832183053278,-0.08159019507300008,0.8018267909795078,-0.05529021522587003,0.8018267909795078,-0.07350852526290506,-0.029700221003660526,0.8018267909795078,-1.1592137251717594,0.8018267909795078,0
1.292875216076521,-0.23222847887405004,-0.38303407290082336,-0.3968782277395545,-0.3539946864708616,0.6951511637468263,-0.3484023076996031,-0.28580754307836664,0.40929151737857733,-0.10014736666582656,-0.125092823561551,-0.0952792403630034,-0.7863973222287248,-0.05558537264856827,-0.7863973222287248,-0.07447876978010413,-0.02971361355253427,-0.7863973222287248,0.8568101446921702,-0.7863973222287248,0
2.0211217798636456,-0.23222847887405004,-0.38303407290082336,-0.3968782277395545,-0.3539946864708616,0.6951511637468263,-0.3484023076996031,-0.28580754307836664,0.40929151737857733,-0.09821869463537178,-0.12336832183053278,-0.08154946145689464,0.7971133915136405,-0.05528933670568433,0.7971133915136405,-0.07350563738231025,-0.029700181152309834,0.7971133915136405,0.8568101446921702,0.7971133915136405,0
-0.41403791665056155,-0.515085997203332,-0.38303407290082336,-0.3968782277395545,2.4598781875776425,1.8156097218343903,2.4983485216755357,1.3212517466253753,-0.9326478838626592,-0.10207603869628136,-0.12410739400096915,-0.0952792403630034,-0.7863973222287248,-0.05558537264856827,-0.7863973222287248,-0.07447876978010413,-0.02971361355253427,-0.7863973222287248,0.8568101446921702,-0.7863973222287248,1
-1.0920852294966361,0.14491487889832597,-0.4631248356610583,1.0542304660065314,-0.3539946864708616,-1.5457659524283016,-0.3484023076996031,-0.28580754307836664,-4.958466087586369,-0.0975758039585535,-0.12279348792019337,-0.0952792403630034,-0.7863973222287248,-0.05558537264856827,-0.7863973222287248,-0.07447876978010413,-0.02971361355253427,-0.7863973222287248,-1.1592137251717594,-0.7863973222287248,0
-0.7992953030891408,-0.23222847887405004,-0.38303407290082336,-0.3968782277395545,-0.3539946864708616,-0.4253073943407376,-0.3484023076996031,-0.28580754307836664,0.40929151737857733,-0.09821869463537178,-0.12336832183053278,-0.08753284003689143,2.0202365631814576,-0.05541834832176418,2.0202365631814576,-0.0739297256942767,-0.02970603493453972,2.0202365631814576,-1.1592137251717594,2.0202365631814576,1
-0.2677561261370339,-0.07059561125731748,-0.38303407290082336,-0.3968782277395545,3.610685920542821,-2.1059952314720833,3.716811800894271,1.5124763496069504,-0.9326478838626592,-0.08389141669485044,0.3748894997386566,29.446452840246053,-0.7827175683808443,32.824028997118255,-0.7827175683808443,3.215846876446376,0.05121164205899917,-0.7827175683808443,0.8568101446921702,-0.7827175683808443,1
-0.15644756203287397,-0.23222847887405004,-0.38303407290082336,-0.3968782277395545,-0.3539946864708616,0.6951511637468263,-0.3484023076996031,-0.28580754307836664,0.40929151737857733,-0.10014736666582656,-0.125092823561551,-0.0952792403630034,-0.7863973222287248,-0.05558537264856827,-0.7863973222287248,-0.07447876978010413,-0.02971361355253427,-0.7863973222287248,0.8568101446921702,-0.7863973222287248,1
-0.8792732972150321,0.2776847430995456,-0.38303407290082336,-0.3968782277395545,4.144304754345309,-2.1059952314720833,4.317056066140971,1.2980730068700328,-0.9326478838626592,-0.06423733028926348,0.39821133267242664,-0.04809519049324228,1.9782560653212502,-0.008822997328844203,1.9782560653212502,-0.06509618607002259,-0.029582821003721515,1.9782560653212502,-1.1592137251717594,1.9782560653212502,1
0.02720234659730276,-0.23222847887405004,-0.38303407290082336,-0.3968782277395545,-0.3539946864708616,0.6951511637468263,-0.3484023076996031,-0.28580754307836664,0.40929151737857733,-0.09821869463537178,-0.12336832183053278,-0.08154567145957003,0.7966763632000973,-0.0552892549577678,0.7966763632000973,-0.07350536865971781,-0.02970017744440155,0.7966763632000973,0.8568101446921702,0.7966763632000973,1
-0.7413516019793673,0.11999649867818817,-0.38303407290082336,-0.3968782277395545,1.1056680012669344,-2.1059952314720833,1.0270029963272251,1.4187956097624415,-0.9326478838626592,-0.05877275953630824,-0.06338029733011369,-0.022648475465741405,1.9076581923735134,-0.04984738716692155,1.9076581923735134,-0.06291645366648163,-0.029571498264696038,1.9076581923735134,-1.1592137251717594,1.9076581923735134,1
1.6389974146087507,-0.23222847887405004,-0.38303407290082336,-0.3968782277395545,-0.3539946864708616,0.6951511637468263,-0.3484023076996031,-0.28580754307836664,0.40929151737857733,-0.09821869463537178,-0.12336832183053278,-0.0815617878033335,0.7985386439631448,-0.055289602897266504,0.7985386439631448,-0.07350651241001839,-0.029700193211675087,0.7985386439631448,0.8568101446921702,0.7985386439631448,0
0.42643620213662314,-0.23222847887405004,-0.38303407290082336,-0.3968782277395545,-0.3539946864708616,-0.4253073943407376,-0.3484023076996031,-0.28580754307836664,0.40929151737857733,-0.09821869463537178,-0.12336832183053278,-0.08203266840551246,0.8548790819853485,-0.05529975584530155,0.8548790819853485,-0.07353988728527769,-0.029700653893289092,0.8548790819853485,-1.1592137251717594,0.8548790819853485,0
-0.5717193487137776,0.14491487889832597,2.692451217092197,-0.3968782277395545,-0.3539946864708616,-2.1059952314720833,-0.3484023076996031,-0.28580754307836664,-2.2745872851038955,-0.0975758039585535,-0.11860541228772059,-0.0952792403630034,-0.7863973222287248,-0.05558537264856827,-0.7863973222287248,-0.07447876978010413,-0.02971361355253427,-0.7863973222287248,0.8568101446921702,-0.7863973222287248,0
-0.8413389575058584,-0.23222847887405004,-0.38303407290082336,-0.3968782277395545,-0.3539946864708616,-0.4253073943407376,-0.3484023076996031,-0.28580754307836664,0.40929151737857733,-0.09821869463537178,-0.12336832183053278,-0.0797547383312887,0.6140494738554008,-0.05525063935360203,0.6140494738554008,-0.07337843104833179,-0.029698425301798323,0.6140494738554008,-1.1592137251717594,0.6140494738554008,1
-1.134049018375635,-0.016717988718406615,2.596342301779915,1.3444522047557486,-0.3539946864708616,-0.4253073943407376,-0.3484023076996031,-0.28580754307836664,0.40929151737857733,-0.09867790226167053,-0.12377891748077521,-0.0952792403630034,-0.7863973222287248,-0.05558537264856827,-0.7863973222287248,-0.07447876978010413,-0.02971361355253427,-0.7863973222287248,-1.1592137251717594,-0.7863973222287248,0
-0.5218739415003772,-0.23222847887405004,-0.38303407290082336,-0.3968782277395545,-0.3539946864708616,0.6951511637468263,-0.3484023076996031,-0.28580754307836664,0.40929151737857733,-0.09821869463537178,-0.12336832183053278,-0.08152767782741216,0.7946060029450677,-0.05528886716829071,0.7946060029450677,-0.07350409391415819,-0.02970015984050055,0.7946060029450677,0.8568101446921702,0.7946060029450677,1
0.9550626148812649,0.14491487889832597,-0.4631248356610583,1.0542304660065314,-0.3539946864708616,-1.5457659524283016,-0.3484023076996031,-0.28580754307836664,-4.958466087586369,-0.0975758039585535,-0.12279348792019337,-0.0952792403630034,-0.7863973222287248,-0.05558537264856827,-0.7863973222287248,-0.07447876978010413,-0.02971361355253427,-0.7863973222287248,-1.1592137251717594,-0.7863973222287248,0
1.6761760759117088,-0.23222847887405004,-0.38303407290082336,-0.3968782277395545,-0.3539946864708616,0.6951511637468263,-0.3484023076996031,-0.28580754307836664,0.40929151737857733,-0.10014736666582656,-0.125092823561551,-0.0952792403630034,-0.7863973222287248,-0.05558537264856827,-0.7863973222287248,-0.07447876978010413,-0.02971361355253427,-0.7863973222287248,0.8568101446921702,-0.7863973222287248,0
1.8675467973765756,-0.23222847887405004,-0.38303407290082336,-0.3968782277395545,-0.3539946864708616,0.6951511637468263,-0.3484023076996031,-0.28580754307836664,0.40929151737857733,-0.09821869463537178,-0.12336832183053278,-0.0815496739801091,0.7971367160584644,-0.055289341042540296,0.7971367160584644,-0.0735056516384678,-0.029700181360229925,0.7971367160584644,0.8568101446921702,0.7971367160584644,0
-1.1840426961388806,0.1526117013601784,-0.38303407290082336,-0.3968782277395545,3.40228176752486,-2.1059952314720833,3.5623413040359124,0.9088633351449079,-0.9326478838626592,-0.07020702943114737,-0.08444385418755036,-0.028310483524934107,1.1614894307530803,-0.0506232170950434,1.1614894307530803,-0.06327157485746185,-0.029593496764731837,1.1614894307530803,-1.1592137251717594,1.1614894307530803,1
-0.10614838963431945,-0.515085997203332,-0.38303407290082336,-0.3968782277395545,2.5802315859455147,1.8156097218343903,2.666300080077897,0.9928862667580243,-0.9326478838626592,-0.10207603869628136,-0.12410739400096915,-0.0952792403630034,-0.7863973222287248,-0.05558537264856827,-0.7863973222287248,-0.07447876978010413,-0.02971361355253427,-0.7863973222287248,0.8568101446921702,-0.7863973222287248,1
0.3970460423976322,-0.23222847887405004,-0.38303407290082336,-0.3968782277395545,-0.3539946864708616,-0.4253073943407376,-0.3484023076996031,-0.28580754307836664,0.40929151737857733,-0.10014736666582656,-0.125092823561551,-0.0952792403630034,-0.7863973222287248,-0.05558537264856827,-0.7863973222287248,-0.07447876978010413,-0.02971361355253427,-0.7863973222287248,-1.1592137251717594,-0.7863973222287248,0
-0.2729115719462631,-0.23222847887405004,-0.38303407290082336,-0.3968782277395545,-0.3539946864708616,0.6951511637468263,-0.3484023076996031,-0.28580754307836664,0.40929151737857733,-0.09821869463537178,-0.12336832183053278,-0.08152902380777043,0.7947619091131016,-0.055288896405700706,0.7947619091131016,-0.07350419002367317,-0.029700161157327792,0.7947619091131016,0.8568101446921702,0.7947619091131016,1
-0.0060582475189260585,-0.23222847887405004,-0.38303407290082336,-0.3968782277395545,-0.3539946864708616,0.6951511637468263,-0.3484023076996031,-0.28580754307836664,0.40929151737857733,-0.09821869463537178,-0.12336832183053278,-0.08151889353454768,0.7935950680680939,-0.05528867748539394,0.7935950680680939,-0.073503470386588,-0.029700151246470144,0.7935950680680939,0.8568101446921702,0.7935950680680939,1
-0.9563686110131369,-0.016717988718406615,2.596342301779915,1.3444522047557486,-0.3539946864708616,-0.4253073943407376,-0.3484023076996031,-0.28580754307836664,0.40929151737857733,-0.09867790226167053,-0.12377891748077521,-0.0952792403630034,-0.7863973222287248,-0.05558537264856827,-0.7863973222287248,-0.07447876978010413,-0.02971361355253427,-0.7863973222287248,-1.1592137251717594,-0.7863973222287248,0
-0.30052463393566076,-0.23222847887405004,-0.38303407290082336,-0.3968782277395545,-0.3539946864708616,-0.4253073943407376,-0.3484023076996031,-0.28580754307836664,0.40929151737857733,-0.09821869463537178,-0.12336832183053278,-0.0797110648107165,0.6101223570716243,-0.05524969809220293,0.6101223570716243,-0.07337533692417464,-0.029698382574219712,0.6101223570716243,-1.1592137251717594,0.6101223570716243,1
-0.9766351179567049,-0.016717988718406615,2.596342301779915,1.3444522047557486,-0.3539946864708616,0.6951511637468263,-0.3484023076996031,-0.28580754307836664,0.40929151737857733,-0.09867790226167053,-0.12377891748077521,-0.0952792403630034,-0.7863973222287248,-0.05558537264856827,-0.7863973222287248,-0.07447876978010413,-0.02971361355253427,-0.7863973222287248,-3.1752375950356893,-0.7863973222287248,0
-1.1624091633770544,-0.23222847887405004,-0.71941527649381,5.697778285994006,-0.3539946864708616,-0.4253073943407376,-0.3484023076996031,-0.28580754307836664,0.40929151737857733,-0.10014736666582656,-0.125092823561551,-0.0952792403630034,-0.7863973222287248,-0.05558537264856827,-0.7863973222287248,-0.07447876978010413,-0.02971361355253427,-0.7863973222287248,-1.1592137251717594,-0.7863973222287248,1
2.359017111728018,0.6769564014700706,-0.36701592034877634,-0.6870999664887717,-0.3539946864708616,-2.1059952314720833,-0.3484023076996031,-0.28580754307836664,0.40929151737857733,-0.07769211373981717,-0.0966796045647748,0.8127184363336696,-0.7385089626861401,0.05861889174742872,-0.7385089626861401,0.19673828830198667,-0.027492786075176575,-0.7385089626861401,0.8568101446921702,-0.7385089626861401,0
-0.7073997949133773,-0.23222847887405004,-0.38303407290082336,-0.3968782277395545,-0.3539946864708616,0.6951511637468263,-0.3484023076996031,-0.28580754307836664,0.40929151737857733,-0.09821869463537178,-0.12336832183053278,-0.08754633526100984,2.025126738144938,-0.05541863882747017,2.025126738144938,-0.07393068064762287,-0.029706048137465472,2.025126738144938,0.8568101446921702,2.025126738144938,1
-0.6756770600750109,0.17858839298514526,-0.38303407290082336,-0.3968782277395545,2.1360181337877315,-2.1059952314720833,2.158850455125746,1.2381945958353984,-0.9326478838626592,-0.06896716884014073,0.39398219747492963,-0.044277990197197345,1.7713348211309965,-0.00542828047735078,1.7713348211309965,-0.0656138029795498,-0.0295722398463524,1.7713348211309965,-1.1592137251717594,1.7713348211309965,1
1.5718716836513207,-0.23222847887405004,-0.38303407290082336,-0.3968782277395545,-0.3539946864708616,0.6951511637468263,-0.3484023076996031,-0.28580754307836664,0.40929151737857733,-0.09821869463537178,-0.12336832183053278,-0.08152509212830285,0.7943095357042796,-0.05528881157107013,0.7943095357042796,-0.07350391115440255,-0.029700157310806115,0.7943095357042796,0.8568101446921702,0.7943095357042796,0
-1.0482089654094893,-0.016717988718406615,2.596342301779915,1.3444522047557486,-0.3539946864708616,-0.4253073943407376,-0.3484023076996031,-0.28580754307836664,0.40929151737857733,-0.09867790226167053,-0.12377891748077521,-0.0952792403630034,-0.7863973222287248,-0.05558537264856827,-0.7863973222287248,-0.07447876978010413,-0.02971361355253427,-0.7863973222287248,-1.1592137251717594,-0.7863973222287248,0
-0.7731506209412048,-0.06386090843995362,-0.38303407290082336,-0.3968782277395545,1.1157756026883054,-2.1059952314720833,0.9889189974654187,1.839876048651162,-0.9326478838626592,-0.08669258321527289,-0.09951271455144757,-0.046436588486500015,0.9941174075270452,-0.05225047701990333,0.9941174075270452,-0.06895630571411224,-0.029606097900434176,0.9941174075270452,0.8568101446921702,0.9941174075270452,1
0.16167728876120496,-0.23222847887405004,-0.38303407290082336,-0.3968782277395545,-0.3539946864708616,0.6951511637468263,-0.3484023076996031,-0.28580754307836664,0.40929151737857733,-0.09821869463537178,-0.12336832183053278,-0.08152470250240967,0.7942622728108205,-0.055288802692789525,0.7942622728108205,-0.07350388196962719,-0.029700156929619283,0.7942622728108205,0.8568101446921702,0.7942622728108205,1
-0.2941375397667276,-0.23222847887405004,-0.38303407290082336,-0.3968782277395545,-0.3539946864708616,0.6951511637468263,-0.3484023076996031,-0.28580754307836664,0.40929151737857733,-0.09821869463537178,-0.12336832183053278,-0.08751080846365873,2.012273072535519,-0.05541787307917744,2.012273072535519,-0.0739281634719551,-0.029706013380156996,2.012273072535519,0.8568101446921702,2.012273072535519,1
0.24412287730360122,-0.23222847887405004,-0.38303407290082336,-0.3968782277395545,-0.3539946864708616,0.6951511637468263,-0.3484023076996031,-0.28580754307836664,0.40929151737857733,-0.10014736666582656,-0.125092823561551,-0.0952792403630034,-0.7863973222287248,-0.05558537264856827,-0.7863973222287248,-0.07447876978010413,-0.02971361355253427,-0.7863973222287248,0.8568101446921702,-0.7863973222287248,1
1.7097812020785441,-0.23222847887405004,-0.38303407290082336,-0.3968782277395545,-0.3539946864708616,0.6951511637468263,-0.3484023076996031,-0.28580754307836664,0.40929151737857733,-0.10014736666582656,-0.125092823561551,-0.0952792403630034,-0.7863973222287248,-0.05558537264856827,-0.7863973222287248,-0.07447876978010413,-0.02971361355253427,-0.7863973222287248,0.8568101446921702,-0.7863973222287248,0
1.8043026031805505,-0.23222847887405004,-0.38303407290082336,-0.3968782277395545,-0.3539946864708616,0.6951511637468263,-0.3484023076996031,-0.28580754307836664,0.40929151737857733,-0.10014736666582656,-0.125092823561551,-0.0952792403630034,-0.7863973222287248,-0.05558537264856827,-0.7863973222287248,-0.07447876978010413,-0.02971361355253427,-0.7863973222287248,0.8568101446921702,-0.7863973222287248,0
0.10440367025713264,-0.23222847887405004,-0.38303407290082336,-0.3968782277395545,-0.3539946864708616,0.6951511637468263,-0.3484023076996031,-0.28580754307836664,0.40929151737857733,-0.10014736666582656,-0.125092823561551,-0.0952792403630034,-0.7863973222287248,-0.05558537264856827,-0.7863973222287248,-0.07447876978010413,-0.02971361355253427,-0.7863973222287248,0.8568101446921702,-0.7863973222287248,1
-0.9938842833967816,-0.016717988718406615,2.596342301779915,1.3444522047557486,-0.3539946864708616,-0.4253073943407376,-0.3484023076996031,-0.28580754307836664,0.40929151737857733,-0.09867790226167053,-0.12377891748077521,-0.0952792403630034,-0.7863973222287248,-0.05558537264856827,-0.7863973222287248,-0.07447876978010413,-0.02971361355253427,-0.7863973222287248,-1.1592137251717594,-0.7863973222287248,0
0.7101343503354979,-0.23222847887405004,-0.38303407290082336,-0.3968782277395545,-0.3539946864708616,-0.4253073943407376,-0.3484023076996031,-0.28580754307836664,0.40929151737857733,-0.10014736666582656,-0.125092823561551,-0.0952792403630034,-0.7863973222287248,-0.05558537264856827,-0.7863973222287248,-0.07447876978010413,-0.02971361355253427,-0.7863973222287248,-1.1592137251717594,-0.7863973222287248,0
1.4571940831645682,-0.23222847887405004,-0.38303407290082336,-0.3968782277395545,-0.3539946864708616,0.6951511637468263,-0.3484023076996031,-0.28580754307836664,0.40929151737857733,-0.09821869463537178,-0.12336832183053278,-0.08154974482118059,0.7971471507232538,-0.05528934298366975,0.7971471507232538,-0.07350565801936851,-0.02970018142953662,0.7971471507232538,0.8568101446921702,0.7971471507232538,0
-0.7046095150731756,-0.07059561125731748,-0.38303407290082336,-0.3968782277395545,2.2379277646135143,-0.9855366733845196,2.308265553905104,0.898239746090376,-0.9326478838626592,-0.09904526836270953,-0.12139746270936912,-0.0952792403630034,-0.7863973222287248,-0.05558537264856827,-0.7863973222287248,-0.07447876978010413,-0.02971361355253427,-0.7863973222287248,0.8568101446921702,-0.7863973222287248,1
-0.5741941059587775,-0.23222847887405004,-0.38303407290082336,-0.3968782277395545,-0.3539946864708616,0.6951511637468263,-0.3484023076996031,-0.28580754307836664,0.40929151737857733,-0.09821869463537178,-0.12336832183053278,-0.07980677109829644,0.6187610319098347,-0.05525176176511107,0.6187610319098347,-0.07338212065099442,-0.029698476207567166,0.6187610319098347,0.8568101446921702,0.6187610319098347,1
-0.7576148040771163,-0.23222847887405004,-0.38303407290082336,-0.3968782277395545,-0.3539946864708616,-0.4253073943407376,-0.3484023076996031,-0.28580754307836664,0.40929151737857733,-0.09821869463537178,-0.12336832183053278,-0.08156922611583971,0.7993967416911409,-0.05528976292452399,0.7993967416911409,-0.07350703845326595,-0.029700200488878257,0.7993967416911409,-1.1592137251717594,0.7993967416911409,1
2.0929563542736456,-0.23222847887405004,-0.38303407290082336,-0.3968782277395545,-0.3539946864708616,0.6951511637468263,-0.3484023076996031,-0.28580754307836664,0.40929151737857733,-0.09821869463537178,-0.12336832183053278,-0.08155707687207957,0.7979911309635936,-0.05528950068793625,0.7979911309635936,-0.0735061764264562,-0.029700188602779745,0.7979911309635936,0.8568101446921702,0.7979911309635936,0
-1.1285998965981137,8.676999880315481,0.48194616490971365,2.505339159752617,-0.3539946864708616,-2.1059952314720833,-0.3484023076996031,-0.28580754307836664,0.40929151737857733,16.068461313788273,14.540275194842412,1.725628055824623,2.282130076698848,1.23806333121584,2.282130076698848,4.1196675584645925,-0.027751919725627582,2.282130076698848,0.8568101446921702,2.282130076698848,0
-0.3807393595433096,-0.23222847887405004,-0.38303407290082336,-0.3968782277395545,-0.3539946864708616,0.6951511637468263,-0.3484023076996031,-0.28580754307836664,0.40929151737857733,-0.09629002260491698,-0.12164382009951458,-0.07972087629911756,2.0084024257023687,-0.05524990951847714,2.0084024257023687,-0.07337603192679891,-0.029698392173197228,2.0084024257023687,0.8568101446921702,2.0084024257023687,1
0.3424312658308796,-0.23222847887405004,-0.38303407290082336,-0.3968782277395545,-0.3539946864708616,0.6951511637468263,-0.3484023076996031,-0.28580754307836664,0.40929151737857733,-0.10014736666582656,-0.125092823561551,-0.0952792403630034,-0.7863973222287248,-0.05558537264856827,-0.7863973222287248,-0.07447876978010413,-0.02971361355253427,-0.7863973222287248,0.8568101446921702,-0.7863973222287248,1
0.8837742061440035,-0.23222847887405004,-0.38303407290082336,-0.3968782277395545,-0.3539946864708616,0.6951511637468263,-0.3484023076996031,-0.28580754307836664,0.40929151737857733,-0.10014736666582656,-0.125092823561551,-0.0952792403630034,-0.7863973222287248,-0.05558537264856827,-0.7863973222287248,-0.07447876978010413,-0.02971361355253427,-0.7863973222287248,0.8568101446921702,-0.7863973222287248,0
-0.9927160260692578,0.354532504088776,-0.38303407290082336,-0.3968782277395545,2.1435206832963782,-2.1059952314720833,2.164916932820547,1.255578650651905,-0.9326478838626592,-0.054639890899619396,0.40679278176249345,-0.03639770024597356,1.7982630081302242,-0.00471581055105856,1.7982630081302242,-0.06164634672280881,-0.029565483275089264,1.7982630081302242,-1.1592137251717594,1.7982630081302242,1
-1.1748158986131307,-0.23222847887405004,-0.38303407290082336,-0.3968782277395545,-0.3539946864708616,-1.5457659524283016,-0.3484023076996031,-0.28580754307836664,-4.958466087586369,-0.10014736666582656,-0.12336832183053278,-0.0952792403630034,-0.7849241930819504,-0.05558537264856827,-0.7849241930819504,-0.07447876978010413,-0.015274718743750918,-0.7849241930819504,-1.1592137251717594,-0.7849241930819504,1
-0.6376008963616376,-0.23222847887405004,-0.38303407290082336,-0.3968782277395545,-0.3539946864708616,-0.4253073943407376,-0.3484023076996031,-0.28580754307836664,0.40929151737857733,-0.10014736666582656,-0.125092823561551,-0.0952792403630034,-0.7863973222287248,-0.05558537264856827,-0.7863973222287248,-0.07447876978010413,-0.02971361355253427,-0.7863973222287248,-1.1592137251717594,-0.7863973222287248,1
0.49770240610555017,-0.23222847887405004,-0.38303407290082336,-0.3968782277395545,-0.3539946864708616,-0.4253073943407376,-0.3484023076996031,-0.28580754307836664,0.40929151737857733,-0.10014736666582656,-0.125092823561551,-0.0952792403630034,-0.7863973222287248,-0.05558537264856827,-0.7863973222287248,-0.07447876978010413,-0.02971361355253427,-0.7863973222287248,-1.1592137251717594,-0.7863973222287248,0
0.07919230466208657,-0.23222847887405004,-0.38303407290082336,-0.3968782277395545,-0.3539946864708616,0.6951511637468263,-0.3484023076996031,-0.28580754307836664,0.40929151737857733,-0.10014736666582656,-0.125092823561551,-0.0952792403630034,-0.7863973222287248,-0.05558537264856827,-0.7863973222287248,-0.07447876978010413,-0.02971361355253427,-0.7863973222287248,0.8568101446921702,-0.7863973222287248,1
0.7185786088481763,-0.23222847887405004,-0.38303407290082336,-0.3968782277395545,-0.3539946864708616,0.6951511637468263,-0.3484023076996031,-0.28580754307836664,0.40929151737857733,-0.09821869463537178,-0.12336832183053278,-0.08161831897838072,0.8050940686662914,-0.05529082117420381,0.8050940686662914,-0.07351051714250333,-0.029700248518419178,0.8050940686662914,0.8568101446921702,0.8050940686662914,0
-1.0461894059153425,-0.016717988718406615,2.596342301779915,1.3444522047557486,-0.3539946864708616,-0.4253073943407376,-0.3484023076996031,-0.28580754307836664,0.40929151737857733,-0.09867790226167053,-0.12377891748077521,-0.0952792403630034,-0.7863973222287248,-0.05558537264856827,-0.7863973222287248,-0.07447876978010413,-0.02971361355253427,-0.7863973222287248,-1.1592137251717594,-0.7863973222287248,0
-0.1089676789299257,-0.016717988718406615,2.596342301779915,1.3444522047557486,-0.3539946864708616,-0.4253073943407376,-0.3484023076996031,-0.28580754307836664,0.40929151737857733,-0.09867790226167053,-0.12377891748077521,-0.0952792403630034,-0.7863973222287248,-0.05558537264856827,-0.7863973222287248,-0.07447876978010413,-0.02971361355253427,-0.7863973222287248,-1.1592137251717594,-0.7863973222287248,0
2.1028861834161736,-0.23222847887405004,-0.38303407290082336,-0.3968782277395545,-0.3539946864708616,0.6951511637468263,-0.3484023076996031,-0.28580754307836664,0.40929151737857733,-0.09821869463537178,-0.12336832183053278,-0.08150964877471854,0.792533801278605,-0.05528847805820916,0.792533801278605,-0.07350281482749399,-0.0297001422019462,0.792533801278605,0.8568101446921702,0.792533801278605,0
-1.1803448859283707,-0.06386090843995362,-0.38303407290082336,-0.3968782277395545,2.266583335653484,-2.1059952314720833,1.7750895698398155,5.7474252590726405,-0.9326478838626592,-0.08669258321527289,-0.09951271455144757,-0.055300081668902025,1.3888626179310537,-0.05285566157833575,1.3888626179310537,-0.06995846924504712,-0.02962560880985306,1.3888626179310537,0.8568101446921702,1.3888626179310537,1
-1.1277808271597178,-0.23222847887405004,-0.38303407290082336,-0.3968782277395545,-0.3539946864708616,-0.4253073943407376,-0.3484023076996031,-0.28580754307836664,0.40929151737857733,-0.09821869463537178,-0.12336832183053278,-0.08288187574997165,0.967300319017637,-0.05531806538292333,0.967300319017637,-0.07360007458576158,-0.029701484707317656,0.967300319017637,-1.1592137251717594,0.967300319017637,1
0.29970857527284217,-0.23222847887405004,-0.38303407290082336,-0.3968782277395545,-0.3539946864708616,0.6951511637468263,-0.3484023076996031,-0.28580754307836664,0.40929151737857733,-0.10014736666582656,-0.125092823561551,-0.0952792403630034,-0.7863973222287248,-0.05558537264856827,-0.7863973222287248,-0.07447876978010413,-0.02971361355253427,-0.7863973222287248,0.8568101446921702,-0.7863973222287248,1
-0.7447965643440061,-0.016717988718406615,2.596342301779915,1.3444522047557486,-0.3539946864708616,-0.4253073943407376,-0.3484023076996031,-0.28580754307836664,0.40929151737857733,-0.09867790226167053,-0.12377891748077521,-0.0952792403630034,-0.7863973222287248,-0.05558537264856827,-0.7863973222287248,-0.07447876978010413,-0.02971361355253427,-0.7863973222287248,-1.1592137251717594,-0.7863973222287248,0
-0.7903012974894762,-0.016717988718406615,2.596342301779915,1.3444522047557486,-0.3539946864708616,-0.4253073943407376,-0.3484023076996031,-0.28580754307836664,0.40929151737857733,-0.09867790226167053,-0.12377891748077521,-0.0952792403630034,-0.7863973222287248,-0.05558537264856827,-0.7863973222287248,-0.07447876978010413,-0.02971361355253427,-0.7863973222287248,-1.1592137251717594,-0.7863973222287248,0
-0.5140342257126713,-0.23222847887405004,-0.38303407290082336,-0.3968782277395545,-0.3539946864708616,0.6951511637468263,-0.3484023076996031,-0.28580754307836664,0.40929151737857733,-0.09821869463537178,-0.12336832183053278,-0.08749759660382629,2.0075234586447936,-0.05541758831275934,2.0075234586447936,-0.07392722738485517,-0.029706000454458033,2.0075234586447936,0.8568101446921702,2.0075234586447936,1
-1.103673611577166,-0.23222847887405004,-0.38303407290082336,-0.3968782277395545,-0.3539946864708616,-0.4253073943407376,-0.3484023076996031,-0.28580754307836664,0.40929151737857733,-0.09821869463537178,-0.12336832183053278,-0.0828187917758118,0.9584265573197538,-0.05531670593086867,0.9584265573197538,-0.07359560578097811,-0.02970142298970411,0.9584265573197538,-1.1592137251717594,0.9584265573197538,1
1.2284086851978353,-0.23222847887405004,-0.38303407290082336,-0.3968782277395545,-0.3539946864708616,0.6951511637468263,-0.3484023076996031,-0.28580754307836664,0.40929151737857733,-0.09821869463537178,-0.12336832183053278,-0.0815149618550801,0.7931445360707053,-0.05528859282578324,0.7931445360707053,-0.07350319209264448,-0.029700147399948466,0.7931445360707053,0.8568101446921702,0.7931445360707053,0
0.3369660276892445,0.14491487889832597,-0.4631248356610583,1.0542304660065314,-0.3539946864708616,-1.5457659524283016,-0.3484023076996031,-0.28580754307836664,-4.958466087586369,-0.0975758039585535,-0.12279348792019337,-0.0952792403630034,-0.7863973222287248,-0.05558537264856827,-0.7863973222287248,-0.07447876978010413,-0.02971361355253427,-0.7863973222287248,-1.1592137251717594,-0.7863973222287248,0
0.0730190209237272,-0.23222847887405004,-0.38303407290082336,-0.3968782277395545,-0.3539946864708616,0.6951511637468263,-0.3484023076996031,-0.28580754307836664,0.40929151737857733,-0.10014736666582656,-0.125092823561551,-0.0952792403630034,-0.7863973222287248,-0.05558537264856827,-0.7863973222287248,-0.07447876978010413,-0.02971361355253427,-0.7863973222287248,0.8568101446921702,-0.7863973222287248,1
0.9626430362774542,-0.23222847887405004,-0.38303407290082336,-0.3968782277395545,-0.3539946864708616,0.6951511637468263,-0.3484023076996031,-0.28580754307836664,0.40929151737857733,-0.10014736666582656,-0.125092823561551,-0.0952792403630034,-0.7863973222287248,-0.05558537264856827,-0.7863973222287248,-0.07447876978010413,-0.02971361355253427,-0.7863973222287248,0.8568101446921702,-0.7863973222287248,0
-0.6849228390962725,-0.23222847887405004,-0.38303407290082336,-0.3968782277395545,-0.3539946864708616,0.6951511637468263,-0.3484023076996031,-0.28580754307836664,0.40929151737857733,-0.10014736666582656,-0.125092823561551,-0.0952792403630034,-0.7863973222287248,-0.05558537264856827,-0.7863973222287248,-0.07447876978010413,-0.02971361355253427,-0.7863973222287248,0.8568101446921702,-0.7863973222287248,1
-0.10558718202174133,-0.23222847887405004,-0.38303407290082336,-0.3968782277395545,-0.3539946864708616,0.6951511637468263,-0.3484023076996031,-0.28580754307836664,0.40929151737857733,-0.09821869463537178,-0.12336832183053278,-0.08157719573638207,0.8003205164269307,-0.05528993505770122,0.8003205164269307,-0.07350760429121746,-0.029700208285881654,0.8003205164269307,0.8568101446921702,0.8003205164269307,1
-1.0491630541650148,-0.23222847887405004,-0.38303407290082336,-0.3968782277395545,-0.3539946864708616,-0.4253073943407376,-0.3484023076996031,-0.28580754307836664,0.40929151737857733,-0.09821869463537178,-0.12336832183053278,-0.08266765234979273,0.9375161028851003,-0.0553134470813729,0.9375161028851003,-0.07358489325738055,-0.029701275123866364,0.9375161028851003,-1.1592137251717594,0.9375161028851003,1
0.9262254255020829,-0.23222847887405004,-0.38303407290082336,-0.3968782277395545,-0.3539946864708616,0.6951511637468263,-0.3484023076996031,-0.28580754307836664,0.40929151737857733,-0.10014736666582656,-0.125092823561551,-0.0952792403630034,-0.7863973222287248,-0.05558537264856827,-0.7863973222287248,-0.07447876978010413,-0.02971361355253427,-0.7863973222287248,0.8568101446921702,-0.7863973222287248,1
-1.128002516701636,-0.016717988718406615,0.4659280123576667,2.7955608985018343,-0.3539946864708616,1.8156097218343903,-0.3484023076996031,-0.28580754307836664,-0.9326478838626592,-0.09867790226167053,-0.12156170096946609,-0.0952792403630034,-0.7492763091414396,-0.05558537264856827,-0.7492763091414396,-0.07447876978010413,-0.029140613089764022,-0.7492763091414396,0.8568101446921702,-0.7492763091414396,0
-1.1334996294300737,0.0034861197336849567,-0.38303407290082336,-0.3968782277395545,1.2894804642287758,-2.1059952314720833,1.2871874841264683,0.8856845953895656,-0.9326478838626592,-0.0985401399737809,-0.12094580749410244,-0.0952792403630034,-0.785300454818189,-0.05558537264856827,-0.785300454818189,-0.07447876978010413,-0.010321700024247323,-0.785300454818189,0.8568101446921702,-0.785300454818189,1
-1.0885754435341182,-0.23222847887405004,-0.38303407290082336,-0.3968782277395545,-0.3539946864708616,-0.4253073943407376,-0.3484023076996031,-0.28580754307836664,0.40929151737857733,-0.09821869463537178,-0.12336832183053278,-0.08748530567792316,2.0031188024959374,-0.05541732338722999,2.0031188024959374,-0.07392635651892887,-0.02970598842974613,2.0031188024959374,-1.1592137251717594,2.0031188024959374,1
-0.4485126101966818,-0.23222847887405004,-0.38303407290082336,-0.3968782277395545,-0.3539946864708616,0.6951511637468263,-0.3484023076996031,-0.28580754307836664,0.40929151737857733,-0.09821869463537178,-0.12336832183053278,-0.081518433067583,0.7935441223517679,-0.05528866791385281,0.7935441223517679,-0.07350343892291952,-0.02970015079597661,0.7935441223517679,0.8568101446921702,0.7935441223517679,1
-1.1286435898519327,-0.016717988718406615,-0.38303407290082336,-0.3968782277395545,-0.3539946864708616,0.6951511637468263,-0.3484023076996031,-0.28580754307836664,-0.9326478838626592,-0.09867790226167053,-0.12377891748077521,-0.0952792403630034,-0.7863973222287248,-0.05558537264856827,-0.7863973222287248,-0.07447876978010413,-0.02971361355253427,-0.7863973222287248,-1.1592137251717594,-0.7863973222287248,1
0.4050426241293772,-0.23222847887405004,-0.38303407290082336,-0.3968782277395545,-0.3539946864708616,-0.4253073943407376,-0.3484023076996031,-0.28580754307836664,0.40929151737857733,-0.10014736666582656,-0.125092823561551,-0.0952792403630034,-0.7863973222287248,-0.05558537264856827,-0.7863973222287248,-0.07447876978010413,-0.02971361355253427,-0.7863973222287248,-1.1592137251717594,-0.7863973222287248,0
-1.169277957762272,0.1331291489679392,-0.38303407290082336,-0.3968782277395545,1.223416347722082,-2.1059952314720833,1.1145175541837062,1.7577846786843243,-0.9326478838626592,-0.0667170514712768,-0.07590346466250782,-0.0386722299487659,1.9021179991740187,-0.051114221043765146,1.9021179991740187,-0.06528081894876675,-0.02960285167871347,1.9021179991740187,-1.1592137251717594,1.9021179991740187,1
-0.44314944236109954,-0.515085997203332,-0.38303407290082336,-0.3968782277395545,2.3433802660406022,1.8156097218343903,2.350393871230111,1.5134421304300898,-0.9326478838626592,-0.10207603869628136,-0.12410739400096915,-0.0952792403630034,-0.7863973222287248,-0.05558537264856827,-0.7863973222287248,-0.07447876978010413,-0.02971361355253427,-0.7863973222287248,0.8568101446921702,-0.7863973222287248,1
0.43339990399939854,-0.23222847887405004,-0.38303407290082336,-0.3968782277395545,-0.3539946864708616,-0.4253073943407376,-0.3484023076996031,-0.28580754307836664,0.40929151737857733,-0.10014736666582656,-0.125092823561551,-0.0952792403630034,-0.7863973222287248,-0.05558537264856827,-0.7863973222287248,-0.07447876978010413,-0.02971361355253427,-0.7863973222287248,-1.1592137251717594,-0.7863973222287248,0
-0.8751535964061704,-0.23222847887405004,-0.38303407290082336,-0.3968782277395545,-0.3539946864708616,-0.4253073943407376,-0.3484023076996031,-0.28580754307836664,0.40929151737857733,-0.09821869463537178,-0.12336832183053278,-0.07971740508661466,0.6106907394007547,-0.055249834637249216,0.6106907394007547,-0.07337578577645591,-0.029698388777169082,0.6106907394007547,-1.1592137251717594,0.6106907394007547,1
0.9720915233451224,-0.23222847887405004,-0.38303407290082336,-0.3968782277395545,-0.3539946864708616,0.6951511637468263,-0.3484023076996031,-0.28580754307836664,0.40929151737857733,-0.09821869463537178,-0.12336832183053278,-0.0814974286898869,0.7911343285891692,-0.055288214676036826,0.7911343285891692,-0.07350194903490677,-0.029700130246540994,0.7911343285891692,0.8568101446921702,0.7911343285891692,0
-0.8191689288897616,-0.041411881089533226,-0.38303407290082336,-0.3968782277395545,1.208619652857807,1.8156097218343903,1.1066536016163715,1.688248459418297,-0.9326478838626592,-0.09238675778137752,-0.08740014286929587,-0.0602745062882348,0.45579243722503315,-0.049268769790351385,0.45579243722503315,-0.0703141550112479,-0.029610873894221252,0.45579243722503315,0.8568101446921702,0.45579243722503315,1
-1.1730248333479723,-0.016717988718406615,-0.38303407290082336,-0.3968782277395545,-0.3539946864708616,0.6951511637468263,-0.3484023076996031,-0.28580754307836664,-0.9326478838626592,-0.09867790226167053,-0.12377891748077521,-0.0952792403630034,-0.7863973222287248,-0.05558537264856827,-0.7863973222287248,-0.07447876978010413,-0.02971361355253427,-0.7863973222287248,-1.1592137251717594,-0.7863973222287248,1
0.8913044877407282,-0.23222847887405004,-0.38303407290082336,-0.3968782277395545,-0.3539946864708616,0.6951511637468263,-0.3484023076996031,-0.28580754307836664,0.40929151737857733,-0.10014736666582656,-0.125092823561551,-0.0952792403630034,-0.7863973222287248,-0.05558537264856827,-0.7863973222287248,-0.07447876978010413,-0.02971361355253427,-0.7863973222287248,0.8568101446921702,-0.7863973222287248,1
-0.6812339824213812,-0.23222847887405004,-0.38303407290082336,-0.3968782277395545,-0.3539946864708616,0.6951511637468263,-0.3484023076996031,-0.28580754307836664,0.40929151737857733,-0.10014736666582656,-0.125092823561551,-0.0952792403630034,-0.7863973222287248,-0.05558537264856827,-0.7863973222287248,-0.07447876978010413,-0.02971361355253427,-0.7863973222287248,0.8568101446921702,-0.7863973222287248,1
2.113513672054108,-0.23222847887405004,-0.38303407290082336,-0.3968782277395545,-0.3539946864708616,0.6951511637468263,-0.3484023076996031,-0.28580754307836664,0.40929151737857733,-0.10014736666582656,-0.125092823561551,-0.0952792403630034,-0.7863973222287248,-0.05558537264856827,-0.7863973222287248,-0.07447876978010413,-0.02971361355253427,-0.7863973222287248,0.8568101446921702,-0.7863973222287248,0
1.6507064903494204,-0.23222847887405004,-0.38303407290082336,-0.3968782277395545,-0.3539946864708616,0.6951511637468263,-0.3484023076996031,-0.28580754307836664,0.40929151737857733,-0.09821869463537178,-0.12336832183053278,-0.0815298030595568,0.7948484554504744,-0.05528891267118355,0.7948484554504744,-0.07350424349173577,-0.029700161919701457,0.7948484554504744,0.8568101446921702,0.7948484554504744,0
0.7991289129708128,-0.23222847887405004,-0.38303407290082336,-0.3968782277395545,-0.3539946864708616,-0.4253073943407376,-0.3484023076996031,-0.28580754307836664,0.40929151737857733,-0.10014736666582656,-0.125092823561551,-0.0952792403630034,-0.7863973222287248,-0.05558537264856827,-0.7863973222287248,-0.07447876978010413,-0.02971361355253427,-0.7863973222287248,-1.1592137251717594,-0.7863973222287248,0
2.032858074352596,-0.23222847887405004,-0.38303407290082336,-0.3968782277395545,-0.3539946864708616,0.6951511637468263,-0.3484023076996031,-0.28580754307836664,0.40929151737857733,-0.10014736666582656,-0.125092823561551,-0.0952792403630034,-0.7863973222287248,-0.05558537264856827,-0.7863973222287248,-0.07447876978010413,-0.02971361355253427,-0.7863973222287248,0.8568101446921702,-0.7863973222287248,0
-0.9131678016530625,-0.05263642170355472,-0.38303407290082336,-0.3968782277395545,1.1055637991904255,1.8156097218343903,1.061492045443964,1.121335116235547,-0.9326478838626592,-0.08315668449277243,-0.07101737642462289,-0.04404775671486222,1.3354678243985878,-0.049504635300309345,1.3354678243985878,-0.06853058659634927,-0.029593321141562,1.3354678243985878,0.8568101446921702,1.3354678243985878,1
2.2248125663398,-0.23222847887405004,-0.38303407290082336,-0.3968782277395545,-0.3539946864708616,0.6951511637468263,-0.3484023076996031,-0.28580754307836664,0.40929151737857733,-0.10014736666582656,-0.125092823561551,-0.0952792403630034,-0.7863973222287248,-0.05558537264856827,-0.7863973222287248,-0.07447876978010413,-0.02971361355253427,-0.7863973222287248,0.8568101446921702,-0.7863973222287248,0
1.759621595311998,-0.23222847887405004,-0.38303407290082336,-0.3968782277395545,-0.3539946864708616,0.6951511637468263,-0.3484023076996031,-0.28580754307836664,0.40929151737857733,-0.10014736666582656,-0.125092823561551,-0.0952792403630034,-0.7863973222287248,-0.05558537264856827,-0.7863973222287248,-0.07447876978010413,-0.02971361355253427,-0.7863973222287248,0.8568101446921702,-0.7863973222287248,0
-1.1758430482193043,-0.12447323379622834,-0.639324513733575,4.24666959224792,-0.3539946864708616,0.6951511637468263,-0.3484023076996031,-0.28580754307836664,-0.9326478838626592,-0.09941263446374855,-0.1244358705211631,-0.0952792403630034,-0.7863973222287248,-0.05558537264856827,-0.7863973222287248,-0.07447876978010413,-0.02971361355253427,-0.7863973222287248,-1.1592137251717594,-0.7863973222287248,1
2.001103823068852,-0.23222847887405004,-0.38303407290082336,-0.3968782277395545,-0.3539946864708616,0.6951511637468263,-0.3484023076996031,-0.28580754307836664,0.40929151737857733,-0.09821869463537178,-0.12336832183053278,-0.08153178660955845,0.7950798594872802,-0.05528895602610528,0.7950798594872802,-0.07350438600848062,-0.02970016386028897,0.7950798594872802,0.8568101446921702,0.7950798594872802,0
0.795658522565017,-0.23222847887405004,-0.38303407290082336,-0.3968782277395545,-0.3539946864708616,0.6951511637468263,-0.3484023076996031,-0.28580754307836664,0.40929151737857733,-0.10014736666582656,-0.125092823561551,-0.0952792403630034,-0.7863973222287248,-0.05558537264856827,-0.7863973222287248,-0.07447876978010413,-0.02971361355253427,-0.7863973222287248,0.8568101446921702,-0.7863973222287248,1
-1.1193136475958556,-0.016717988718406615,2.596342301779915,1.3444522047557486,-0.3539946864708616,-0.4253073943407376,-0.3484023076996031,-0.28580754307836664,0.40929151737857733,-0.09867790226167053,-0.12377891748077521,-0.0952792403630034,-0.7863973222287248,-0.05558537264856827,-0.7863973222287248,-0.07447876978010413,-0.02971361355253427,-0.7863973222287248,-1.1592137251717594,-0.7863973222287248,0
2.073075207503105,-0.23222847887405004,-0.38303407290082336,-0.3968782277395545,-0.3539946864708616,0.6951511637468263,-0.3484023076996031,-0.28580754307836664,0.40929151737857733,-0.09821869463537178,-0.12336832183053278,-0.08150862157918197,0.7924159509468631,-0.055288455896602424,0.7924159509468631,-0.07350274197763229,-0.029700141196999097,0.7924159509468631,0.8568101446921702,0.7924159509468631,0
-0.38488377211047875,0.2077721231529295,-0.38303407290082336,-0.3968782277395545,1.7311930665503432,-0.9855366733845196,1.7258836952042078,1.208255390318081,-0.9326478838626592,-0.042930096429001,0.4199729021352755,-0.017140192531677093,2.2742212145921026,-0.011065741292715325,2.2742212145921026,-0.06032134060901869,-0.02955377061658727,2.2742212145921026,-1.1592137251717594,2.2742212145921026,1
0.2660174951640678,-0.23222847887405004,-0.38303407290082336,-0.3968782277395545,-0.3539946864708616,-0.4253073943407376,-0.3484023076996031,-0.28580754307836664,0.40929151737857733,-0.10014736666582656,-0.125092823561551,-0.0952792403630034,-0.7863973222287248,-0.05558537264856827,-0.7863973222287248,-0.07447876978010413,-0.02971361355253427,-0.7863973222287248,-1.1592137251717594,-0.7863973222287248,0
-1.181185801993676,-0.23222847887405004,-0.703397123941763,5.407556547244789,-0.3539946864708616,-0.4253073943407376,-0.3484023076996031,-0.28580754307836664,0.40929151737857733,-0.10014736666582656,-0.125092823561551,-0.0952792403630034,-0.7863973222287248,-0.05558537264856827,-0.7863973222287248,-0.07447876978010413,-0.02971361355253427,-0.7863973222287248,-1.1592137251717594,-0.7863973222287248,1
1.0672847977599538,-0.23222847887405004,-0.38303407290082336,-0.3968782277395545,-0.3539946864708616,0.6951511637468263,-0.3484023076996031,-0.28580754307836664,0.40929151737857733,-0.10014736666582656,-0.125092823561551,-0.0952792403630034,-0.7863973222287248,-0.05558537264856827,-0.7863973222287248,-0.07447876978010413,-0.02971361355253427,-0.7863973222287248,0.8568101446921702,-0.7863973222287248,0
0.5483833572628847,-0.23222847887405004,-0.38303407290082336,-0.3968782277395545,-0.3539946864708616,-0.4253073943407376,-0.3484023076996031,-0.28580754307836664,0.40929151737857733,-0.10014736666582656,-0.125092823561551,-0.0952792403630034,-0.7863973222287248,-0.05558537264856827,-0.7863973222287248,-0.07447876978010413,-0.02971361355253427,-0.7863973222287248,-1.1592137251717594,-0.7863973222287248,0
-0.8440020971402751,-0.016717988718406615,2.596342301779915,1.3444522047557486,-0.3539946864708616,-0.4253073943407376,-0.3484023076996031,-0.28580754307836664,0.40929151737857733,-0.09867790226167053,-0.12377891748077521,-0.0952792403630034,-0.7863973222287248,-0.05558537264856827,-0.7863973222287248,-0.07447876978010413,-0.02971361355253427,-0.7863973222287248,-1.1592137251717594,-0.7863973222287248,0
-0.7240630409825685,0.33937942274970734,-0.38303407290082336,-0.3968782277395545,2.7506019810376974,-2.1059952314720833,2.710113530095904,2.195283391566413,-0.9326478838626592,-0.05546646462695717,0.4060537095920571,-0.036031239383167525,1.7822771016724759,-0.004464405942983969,1.7822771016724759,-0.061780738444121484,-0.029564561392061026,1.7822771016724759,-1.1592137251717594,1.7822771016724759,1
1.6269538347773678,-0.23222847887405004,-0.38303407290082336,-0.3968782277395545,-0.3539946864708616,0.6951511637468263,-0.3484023076996031,-0.28580754307836664,0.40929151737857733,-0.10014736666582656,-0.125092823561551,-0.0952792403630034,-0.7863973222287248,-0.05558537264856827,-0.7863973222287248,-0.07447876978010413,-0.02971361355253427,-0.7863973222287248,0.8568101446921702,-0.7863973222287248,0
-0.30286759513635386,-0.23222847887405004,-0.38303407290082336,-0.3968782277395545,-0.3539946864708616,0.6951511637468263,-0.3484023076996031,-0.28580754307836664,0.40929151737857733,-0.10014736666582656,-0.125092823561551,-0.0952792403630034,-0.7863973222287248,-0.05558537264856827,-0.7863973222287248,-0.07447876978010413,-0.02971361355253427,-0.7863973222287248,0.8568101446921702,-0.7863973222287248,1
1.1750398826477766,-0.23222847887405004,-0.38303407290082336,-0.3968782277395545,-0.3539946864708616,0.6951511637468263,-0.3484023076996031,-0.28580754307836664,0.40929151737857733,-0.10014736666582656,-0.125092823561551,-0.0952792403630034,-0.7863973222287248,-0.05558537264856827,-0.7863973222287248,-0.07447876978010413,-0.02971361355253427,-0.7863973222287248,0.8568101446921702,-0.7863973222287248,0
0.3222550105263478,-0.23222847887405004,-0.38303407290082336,-0.3968782277395545,-0.3539946864708616,-0.4253073943407376,-0.3484023076996031,-0.28580754307836664,0.40929151737857733,-0.10014736666582656,-0.125092823561551,-0.0952792403630034,-0.7863973222287248,-0.05558537264856827,-0.7863973222287248,-0.07447876978010413,-0.02971361355253427,-0.7863973222287248,-1.1592137251717594,-0.7863973222287248,0
-0.7457825276863339,-0.23222847887405004,-0.38303407290082336,-0.3968782277395545,-0.3539946864708616,0.6951511637468263,-0.3484023076996031,-0.28580754307836664,0.40929151737857733,-0.09821869463537178,-0.12336832183053278,-0.0815838193765662,0.80108470217182,-0.055290077257934944,0.80108470217182,-0.07350807173328908,-0.02970021476605781,0.80108470217182,0.8568101446921702,0.80108470217182,1
0.646646619970645,-0.23222847887405004,-0.38303407290082336,-0.3968782277395545,-0.3539946864708616,0.6951511637468263,-0.3484023076996031,-0.28580754307836664,0.40929151737857733,-0.10014736666582656,-0.125092823561551,-0.0952792403630034,-0.7863973222287248,-0.05558537264856827,-0.7863973222287248,-0.07447876978010413,-0.02971361355253427,-0.7863973222287248,0.8568101446921702,-0.7863973222287248,0
0.36288687144671383,-0.016717988718406615,2.596342301779915,1.3444522047557486,-0.3539946864708616,-0.4253073943407376,-0.3484023076996031,-0.28580754307836664,0.40929151737857733,-0.09867790226167053,-0.12377891748077521,-0.0952792403630034,-0.7863973222287248,-0.05558537264856827,-0.7863973222287248,-0.07447876978010413,-0.02971361355253427,-0.7863973222287248,-1.1592137251717594,-0.7863973222287248,0
1.5002097334080484,-0.23222847887405004,-0.38303407290082336,-0.3968782277395545,-0.3539946864708616,0.6951511637468263,-0.3484023076996031,-0.28580754307836664,0.40929151737857733,-0.09821869463537178,-0.12336832183053278,-0.08151910605776214,0.7936202340243512,-0.055288682204111435,0.7936202340243512,-0.0735034858980047,-0.02970015145439023,0.7936202340243512,0.8568101446921702,0.7936202340243512,0
0.18255872453106306,0.2892299565882158,-0.38303407290082336,-0.3968782277395545,1.8391464178136467,1.8156097218343903,1.8014899820301535,1.5588338291176354,-0.9326478838626592,-0.06368628113770498,0.07277322029027627,0.06320909673006646,0.036676146499073546,0.001897835287090152,0.036676146499073546,-0.042517487276869,-0.029351817174203754,0.036676146499073546,-1.1592137251717594,0.036676146499073546,1
-1.0721929803419283,-0.23222847887405004,-0.38303407290082336,-0.3968782277395545,-0.3539946864708616,-0.4253073943407376,-0.3484023076996031,-0.28580754307836664,0.40929151737857733,-0.09821869463537178,-0.12336832183053278,-0.08274617967753689,0.9483159809423912,-0.055315140028104635,0.9483159809423912,-0.07359045832929834,-0.02970135195033983,0.9483159809423912,-1.1592137251717594,0.9483159809423912,1
0.13034958391433424,-0.07059561125731748,-0.38303407290082336,-0.3968782277395545,2.043695094000775,-0.9855366733845196,2.0460589068742605,1.352156732965832,-0.9326478838626592,-0.09904526836270953,-0.12410739400096915,-0.0952792403630034,-0.7863973222287248,-0.05558537264856827,-0.7863973222287248,-0.07447876978010413,-0.02971361355253427,-0.7863973222287248,0.8568101446921702,-0.7863973222287248,1
1.2306420551225559,-0.23222847887405004,-0.38303407290082336,-0.3968782277395545,-0.3539946864708616,0.6951511637468263,-0.3484023076996031,-0.28580754307836664,0.40929151737857733,-0.10014736666582656,-0.125092823561551,-0.0952792403630034,-0.7863973222287248,-0.05558537264856827,-0.7863973222287248,-0.07447876978010413,-0.02971361355253427,-0.7863973222287248,0.8568101446921702,-0.7863973222287248,0
1.0922945297328674,-0.23222847887405004,-0.38303407290082336,-0.3968782277395545,-0.3539946864708616,0.6951511637468263,-0.3484023076996031,-0.28580754307836664,0.40929151737857733,-0.09821869463537178,-0.12336832183053278,-0.08155495163993494,0.7977474508505646,-0.05528945514867564,0.7977474508505646,-0.07350602672933011,-0.02970018652357884,0.7977474508505646,0.8568101446921702,0.7977474508505646,0
-0.5477718642066628,-0.23222847887405004,-0.38303407290082336,-0.3968782277395545,-0.3539946864708616,0.6951511637468263,-0.3484023076996031,-0.28580754307836664,0.40929151737857733,-0.09821869463537178,-0.12336832183053278,-0.08155509332207792,0.7977634097496545,-0.055289458130832365,0.7977634097496545,-0.07350603653230638,-0.029700186662192235,0.7977634097496545,0.8568101446921702,0.7977634097496545,1
-0.6505004341981654,-0.23222847887405004,-0.38303407290082336,-0.3968782277395545,-0.3539946864708616,0.6951511637468263,-0.3484023076996031,-0.28580754307836664,0.40929151737857733,-0.09629002260491698,-0.12164382009951458,-0.07981952249116422,2.0262346540240745,-0.05525203635082797,2.0262346540240745,-0.07338302327198866,-0.0296984886827726,2.0262346540240745,0.8568101446921702,2.0262346540240745,1
-1.0469239539774982,-0.016717988718406615,2.596342301779915,1.3444522047557486,-0.3539946864708616,-0.4253073943407376,-0.3484023076996031,-0.28580754307836664,0.40929151737857733,-0.09867790226167053,-0.12377891748077521,-0.0952792403630034,-0.7863973222287248,-0.05558537264856827,-0.7863973222287248,-0.07447876978010413,-0.02971361355253427,-0.7863973222287248,-1.1592137251717594,-0.7863973222287248,0
-0.5496943673747032,-0.23222847887405004,-0.38303407290082336,-0.3968782277395545,-0.3539946864708616,-0.4253073943407376,-0.3484023076996031,-0.28580754307836664,0.40929151737857733,-0.09821869463537178,-0.12336832183053278,-0.08155530584529237,0.7977891895097231,-0.055289462985928975,0.7977891895097231,-0.07350605249202992,-0.029700186870112322,0.7977891895097231,-1.1592137251717594,0.7977891895097231,1
1.0562089160582364,-0.23222847887405004,-0.38303407290082336,-0.3968782277395545,-0.3539946864708616,0.6951511637468263,-0.3484023076996031,-0.28580754307836664,0.40929151737857733,-0.10014736666582656,-0.125092823561551,-0.0952792403630034,-0.7863973222287248,-0.05558537264856827,-0.7863973222287248,-0.07447876978010413,-0.02971361355253427,-0.7863973222287248,0.8568101446921702,-0.7863973222287248,0
-0.4041747018130366,-0.23222847887405004,-0.38303407290082336,-0.3968782277395545,-0.3539946864708616,0.6951511637468263,-0.3484023076996031,-0.28580754307836664,0.40929151737857733,-0.10014736666582656,-0.125092823561551,-0.0952792403630034,-0.7863973222287248,-0.05558537264856827,-0.7863973222287248,-0.07447876978010413,-0.02971361355253427,-0.7863973222287248,0.8568101446921702,-0.7863973222287248,1
0.5750190513041485,-0.23222847887405004,-0.38303407290082336,-0.3968782277395545,-0.3539946864708616,-0.4253073943407376,-0.3484023076996031,-0.28580754307836664,0.40929151737857733,-0.10014736666582656,-0.125092823561551,-0.0952792403630034,-0.7863973222287248,-0.05558537264856827,-0.7863973222287248,-0.07447876978010413,-0.02971361355253427,-0.7863973222287248,-1.1592137251717594,-0.7863973222287248,0
-0.9861061679341322,-0.23222847887405004,-0.38303407290082336,-0.3968782277395545,-0.3539946864708616,-0.4253073943407376,-0.3484023076996031,-0.28580754307836664,0.40929151737857733,-0.09821869463537178,-0.12336832183053278,-0.07970989593303697,0.6100180104237276,-0.05524967298026127,0.6100180104237276,-0.0733752543759416,-0.029698381430659213,0.6100180104237276,-1.1592137251717594,0.6100180104237276,1
-0.474558087169963,-0.23222847887405004,-0.38303407290082336,-0.3968782277395545,-0.3539946864708616,0.6951511637468263,-0.3484023076996031,-0.28580754307836664,0.40929151737857733,-0.10014736666582656,-0.125092823561551,-0.0952792403630034,-0.7863973222287248,-0.05558537264856827,-0.7863973222287248,-0.07447876978010413,-0.02971361355253427,-0.7863973222287248,0.8568101446921702,-0.7863973222287248,1
0.6626798952737066,-0.23222847887405004,-0.38303407290082336,-0.3968782277395545,-0.3539946864708616,0.6951511637468263,-0.3484023076996031,-0.28580754307836664,0.40929151737857733,-0.09821869463537178,-0.12336832183053278,-0.0815857675060321,0.8013111957781366,-0.05529011939680953,0.8013111957781366,-0.07350821025263124,-0.02970021667199197,0.8013111957781366,0.8568101446921702,0.8013111957781366,0
-1.1796117704319142,-0.15141204506568376,-0.5592337509733402,2.7955608985018343,-0.3539946864708616,1.8156097218343903,-0.3484023076996031,-0.28580754307836664,-0.9326478838626592,-0.09711659633225475,-0.11569018317099933,-0.0952792403630034,-0.7863973222287248,-0.05558537264856827,-0.7863973222287248,-0.07447876978010413,-0.02971361355253427,-0.7863973222287248,0.8568101446921702,-0.7863973222287248,0
-1.1331665579050592,-0.23222847887405004,-0.38303407290082336,-0.3968782277395545,-0.3539946864708616,-0.4253073943407376,-0.3484023076996031,-0.28580754307836664,0.40929151737857733,-0.10014736666582656,-0.125092823561551,-0.0952792403630034,-0.7863973222287248,-0.05558537264856827,-0.7863973222287248,-0.07447876978010413,-0.02971361355253427,-0.7863973222287248,-1.1592137251717594,-0.7863973222287248,1
-0.8635605584871188,-0.016717988718406615,2.596342301779915,1.3444522047557486,-0.3539946864708616,-0.4253073943407376,-0.3484023076996031,-0.28580754307836664,0.40929151737857733,-0.09867790226167053,-0.12377891748077521,-0.0952792403630034,-0.7863973222287248,-0.05558537264856827,-0.7863973222287248,-0.07447876978010413,-0.02971361355253427,-0.7863973222287248,-1.1592137251717594,-0.7863973222287248,0
1.1709857217196435,-0.23222847887405004,-0.38303407290082336,-0.3968782277395545,-0.3539946864708616,0.6951511637468263,-0.3484023076996031,-0.28580754307836664,0.40929151737857733,-0.09821869463537178,-0.12336832183053278,-0.08144783993984549,0.7854787402731772,-0.055287145502389626,0.7854787402731772,-0.07349843443629142,-0.029700081731853192,0.7854787402731772,0.8568101446921702,0.7854787402731772,0
-0.66511546945923,-0.016717988718406615,2.596342301779915,1.3444522047557486,-0.3539946864708616,-0.4253073943407376,-0.3484023076996031,-0.28580754307836664,0.40929151737857733,-0.09867790226167053,-0.12377891748077521,-0.0952792403630034,-0.7863973222287248,-0.05558537264856827,-0.7863973222287248,-0.07447876978010413,-0.02971361355253427,-0.7863973222287248,-1.1592137251717594,-0.7863973222287248,0
-0.5772787780501212,-0.07059561125731748,-0.38303407290082336,-0.3968782277395545,2.4438310677952595,-0.9855366733845196,2.4541980451189285,1.5520733633556605,-0.9326478838626592,-0.09904526836270953,-0.12139746270936912,-0.0952792403630034,-0.7863973222287248,-0.05558537264856827,-0.7863973222287248,-0.07447876978010413,-0.02971361355253427,-0.7863973222287248,0.8568101446921702,-0.7863973222287248,1
-0.029642218479922978,-0.23222847887405004,-0.38303407290082336,-0.3968782277395545,-0.3539946864708616,0.6951511637468263,-0.3484023076996031,-0.28580754307836664,0.40929151737857733,-0.09821869463537178,-0.12336832183053278,-0.07969041463837782,0.6082711247771776,-0.055249252518893385,0.6082711247771776,-0.07337387223100639,-0.02969836237131758,0.6082711247771776,0.8568101446921702,0.6082711247771776,1
0.6163457065885232,-0.23222847887405004,-0.38303407290082336,-0.3968782277395545,-0.3539946864708616,0.6951511637468263,-0.3484023076996031,-0.28580754307836664,0.40929151737857733,-0.10014736666582656,-0.125092823561551,-0.0952792403630034,-0.7863973222287248,-0.05558537264856827,-0.7863973222287248,-0.07447876978010413,-0.02971361355253427,-0.7863973222287248,0.8568101446921702,-0.7863973222287248,0
-0.6899257166585596,-0.016717988718406615,2.596342301779915,1.3444522047557486,-0.3539946864708616,-0.4253073943407376,-0.3484023076996031,-0.28580754307836664,0.40929151737857733,-0.09867790226167053,-0.12377891748077521,-0.0952792403630034,-0.7863973222287248,-0.05558537264856827,-0.7863973222287248,-0.07447876978010413,-0.02971361355253427,-0.7863973222287248,-1.1592137251717594,-0.7863973222287248,0
-1.1908513227647408,8.20938855245366,0.48194616490971365,2.505339159752617,-0.3539946864708616,-2.1059952314720833,-0.3484023076996031,-0.28580754307836664,0.40929151737857733,5.311338984689288,4.913654877083507,0.5424341041400946,2.281929976656411,0.3851493905632916,2.281929976656411,1.3196631598719115,-0.02897879695750417,2.281929976656411,0.8568101446921702,2.281929976656411,0
0.6533961532614219,-0.23222847887405004,-0.38303407290082336,-0.3968782277395545,-0.3539946864708616,0.6951511637468263,-0.3484023076996031,-0.28580754307836664,0.40929151737857733,-0.09821869463537178,-0.12336832183053278,-0.0816183898194522,0.8051026619196476,-0.055290822769839494,0.8051026619196476,-0.07351052238769336,-0.029700248587725877,0.8051026619196476,0.8568101446921702,0.8051026619196476,0
0.4011277802154707,-0.016717988718406615,2.596342301779915,1.3444522047557486,-0.3539946864708616,-0.4253073943407376,-0.3484023076996031,-0.28580754307836664,0.40929151737857733,-0.09867790226167053,-0.12377891748077521,-0.0952792403630034,-0.7863973222287248,-0.05558537264856827,-0.7863973222287248,-0.07447876978010413,-0.02971361355253427,-0.7863973222287248,-1.1592137251717594,-0.7863973222287248,0
-1.053710375835024,0.17437920372429283,-0.38303407290082336,-0.3968782277395545,1.1246327791915687,-2.1059952314720833,1.0678955496773652,1.2430234999510947,-0.9326478838626592,-0.06446693410241287,-0.0738915459763199,-0.03890083408645681,1.9130191548601503,-0.05095448417151843,1.9130191548601503,-0.06473352104797321,-0.029603298984134982,1.9130191548601503,-1.1592137251717594,1.9130191548601503,1
-0.3295297916430489,-0.23222847887405004,-0.38303407290082336,-0.3968782277395545,-0.3539946864708616,0.6951511637468263,-0.3484023076996031,-0.28580754307836664,0.40929151737857733,-0.10014736666582656,-0.125092823561551,-0.0952792403630034,-0.7863973222287248,-0.05558537264856827,-0.7863973222287248,-0.07447876978010413,-0.02971361355253427,-0.7863973222287248,0.8568101446921702,-0.7863973222287248,1
-0.3207352708169682,-0.23222847887405004,-0.38303407290082336,-0.3968782277395545,-0.3539946864708616,0.6951511637468263,-0.3484023076996031,-0.28580754307836664,0.40929151737857733,-0.10014736666582656,-0.125092823561551,-0.0952792403630034,-0.7863973222287248,-0.05558537264856827,-0.7863973222287248,-0.07447876978010413,-0.02971361355253427,-0.7863973222287248,0.8568101446921702,-0.7863973222287248,1
-1.0060105938972812,-0.15141204506568376,-0.36701592034877634,-0.6870999664887717,-0.1184979935605661,1.8156097218343903,-0.3484023076996031,1.8968571172163788,-0.9326478838626592,-0.09711659633225475,-0.12000143749854485,0.81769179833693,-0.7625835757673032,-0.030275949842064935,-0.7625835757673032,0.008718625315017652,-0.027927220238134515,-0.7625835757673032,-1.1592137251717594,-0.7625835757673032,1
1.1885432469264274,-0.23222847887405004,-0.38303407290082336,-0.3968782277395545,-0.3539946864708616,0.6951511637468263,-0.3484023076996031,-0.28580754307836664,0.40929151737857733,-0.09821869463537178,-0.12336832183053278,-0.08151283662293547,0.7929020835652986,-0.055288547286522625,0.7929020835652986,-0.07350304239551841,-0.02970014532074756,0.7929020835652986,0.8568101446921702,0.7929020835652986,0
-1.0303198012433903,8.600450183803542,0.48194616490971365,2.505339159752617,-0.3539946864708616,-2.1059952314720833,-0.3484023076996031,-0.28580754307836664,0.40929151737857733,10.712814609791089,9.71351802841752,1.1303638148141177,2.282390329514778,0.8099890963857671,2.282390329514778,2.7250678656856584,-0.028424411788362677,2.282390329514778,0.8568101446921702,2.282390329514778,0
0.46334840621956963,-0.23222847887405004,-0.38303407290082336,-0.3968782277395545,-0.3539946864708616,-0.4253073943407376,-0.3484023076996031,-0.28580754307836664,0.40929151737857733,-0.09821869463537178,-0.12336832183053278,-0.08171962171060818,0.816985289899818,-0.05529300564718902,0.816985289899818,-0.07351769796457953,-0.029700347626995683,0.816985289899818,-1.1592137251717594,0.816985289899818,0
-0.8770338388860908,-0.23222847887405004,-0.38303407290082336,-0.3968782277395545,-0.3539946864708616,-0.4253073943407376,-0.3484023076996031,-0.28580754307836664,0.40929151737857733,-0.09821869463537178,-0.12336832183053278,-0.07976107860718686,0.6146239942226427,-0.0552507766282766,0.6146239942226427,-0.07337888229905466,-0.029698431504747692,0.6146239942226427,-1.1592137251717594,0.6146239942226427,1
0.5862761525667878,-0.23222847887405004,-0.38303407290082336,-0.3968782277395545,-0.3539946864708616,-0.4253073943407376,-0.3484023076996031,-0.28580754307836664,0.40929151737857733,-0.09821869463537178,-0.12336832183053278,-0.08162540308552949,0.8059202485961077,-0.055290974021100704,0.8059202485961077,-0.0735110195823957,-0.02970025544908886,0.8059202485961077,-1.1592137251717594,0.8059202485961077,0
-0.4460500297601233,-0.23222847887405004,-0.38303407290082336,-0.3968782277395545,-0.3539946864708616,0.6951511637468263,-0.3484023076996031,-0.28580754307836664,0.40929151737857733,-0.09821869463537178,-0.12336832183053278,-0.07972944806876758,0.6117741031274453,-0.05525009462130852,0.6117741031274453,-0.073376640398731,-0.029698400559307548,0.6117741031274453,0.8568101446921702,0.6117741031274453,1
-0.2515341103031308,-0.23222847887405004,-0.38303407290082336,-0.3968782277395545,-0.3539946864708616,0.6951511637468263,-0.3484023076996031,-0.28580754307836664,0.40929151737857733,-0.09821869463537178,-0.12336832183053278,-0.08149615355060011,0.7909876294783029,-0.055288187034262526,0.7909876294783029,-0.07350185817058182,-0.02970012899902045,0.7909876294783029,0.8568101446921702,0.7909876294783029,1
0.4337200824331221,-0.23222847887405004,-0.38303407290082336,-0.3968782277395545,-0.3539946864708616,-0.4253073943407376,-0.3484023076996031,-0.28580754307836664,0.40929151737857733,-0.09821869463537178,-0.12336832183053278,-0.08198509862600845,0.8490037519049627,-0.05529872973108799,0.8490037519049627,-0.07353651423207568,-0.029700607353842154,0.8490037519049627,-1.1592137251717594,0.8490037519049627,0
-0.43203989536545595,0.2560374753848296,-0.38303407290082336,-0.3968782277395545,4.750344031321538,-2.1059952314720833,4.893034420608466,1.9634959940129888,-0.9326478838626592,-0.06001262012731489,0.401988812654657,-0.04259537306722074,2.1023199330435465,-0.010464279195499599,2.1023199330435465,-0.06429255009063486,-0.02958107499476096,2.1023199330435465,-1.1592137251717594,2.1023199330435465,1
-1.1668107214871917,-0.12447323379622834,-0.7995060392540448,7.148886979740092,-0.3539946864708616,0.6951511637468263,-0.3484023076996031,-0.28580754307836664,-0.9326478838626592,-0.09941263446374855,-0.1244358705211631,-0.0952792403630034,-0.7863973222287248,-0.05558537264856827,-0.7863973222287248,-0.07447876978010413,-0.02971361355253427,-0.7863973222287248,-1.1592137251717594,-0.7863973222287248,1
-0.6589339484681014,-0.016717988718406615,2.596342301779915,1.3444522047557486,-0.3539946864708616,-0.4253073943407376,-0.3484023076996031,-0.28580754307836664,0.40929151737857733,-0.09867790226167053,-0.12377891748077521,-0.0952792403630034,-0.7863973222287248,-0.05558537264856827,-0.7863973222287248,-0.07447876978010413,-0.02971361355253427,-0.7863973222287248,-1.1592137251717594,-0.7863973222287248,0
1.1625500586011592,-0.23222847887405004,-0.38303407290082336,-0.3968782277395545,-0.3539946864708616,0.6951511637468263,-0.3484023076996031,-0.28580754307836664,0.40929151737857733,-0.09821869463537178,-0.12336832183053278,-0.08147210300683003,0.788243312638624,-0.05528766907773591,0.788243312638624,-0.07350015553855756,-0.029700105469396866,0.788243312638624,0.8568101446921702,0.788243312638624,0
0.7947588713060533,-0.23222847887405004,-0.38303407290082336,-0.3968782277395545,-0.3539946864708616,-0.4253073943407376,-0.3484023076996031,-0.28580754307836664,0.40929151737857733,-0.09821869463537178,-0.12336832183053278,-0.0815298030595568,0.7948515244695303,-0.055288913225791964,0.7948515244695303,-0.07350424531485027,-0.029700161919701457,0.7948515244695303,-1.1592137251717594,0.7948515244695303,0
0.38357383642293447,-0.23222847887405004,-0.38303407290082336,-0.3968782277395545,-0.3539946864708616,0.6951511637468263,-0.3484023076996031,-0.28580754307836664,0.40929151737857733,-0.10014736666582656,-0.125092823561551,-0.0952792403630034,-0.7863973222287248,-0.05558537264856827,-0.7863973222287248,-0.07447876978010413,-0.02971361355253427,-0.7863973222287248,0.8568101446921702,-0.7863973222287248,1
0.41590756053191874,-0.016717988718406615,2.596342301779915,1.3444522047557486,-0.3539946864708616,-0.4253073943407376,-0.3484023076996031,-0.28580754307836664,0.40929151737857733,-0.09867790226167053,-0.12377891748077521,-0.0952792403630034,-0.7863973222287248,-0.05558537264856827,-0.7863973222287248,-0.07447876978010413,-0.02971361355253427,-0.7863973222287248,-1.1592137251717594,-0.7863973222287248,0
1.83186373466336,-0.23222847887405004,-0.38303407290082336,-0.3968782277395545,-0.3539946864708616,0.6951511637468263,-0.3484023076996031,-0.28580754307836664,0.40929151737857733,-0.10014736666582656,-0.125092823561551,-0.0952792403630034,-0.7863973222287248,-0.05558537264856827,-0.7863973222287248,-0.07447876978010413,-0.02971361355253427,-0.7863973222287248,0.8568101446921702,-0.7863973222287248,0
-0.3633902726457285,-0.23222847887405004,-0.38303407290082336,-0.3968782277395545,-0.3539946864708616,0.6951511637468263,-0.3484023076996031,-0.28580754307836664,0.40929151737857733,-0.09821869463537178,-0.12336832183053278,-0.0796831888490861,0.6076266307754635,-0.05524909710352309,0.6076266307754635,-0.07337336134800183,-0.0296983553020345,0.6076266307754635,0.8568101446921702,0.6076266307754635,1
1.4926987914482601,-0.23222847887405004,-0.38303407290082336,-0.3968782277395545,-0.3539946864708616,0.6951511637468263,-0.3484023076996031,-0.28580754307836664,0.40929151737857733,-0.10014736666582656,-0.125092823561551,-0.0952792403630034,-0.7863973222287248,-0.05558537264856827,-0.7863973222287248,-0.07447876978010413,-0.02971361355253427,-0.7863973222287248,0.8568101446921702,-0.7863973222287248,0
-0.9025918853802917,-0.055442529918248794,-0.38303407290082336,-0.3968782277395545,1.9251131309335554,-0.9855366733845196,1.9349524913157754,1.208255390318081,-0.9326478838626592,-0.07700330230036903,-0.06280546341977428,-0.04393533193441119,2.1777085447373565,-0.05044546698017446,2.1777085447373565,-0.06856209221140315,-0.029605973876100155,2.1777085447373565,0.8568101446921702,2.1777085447373565,1
2.003599352516487,-0.23222847887405004,-0.38303407290082336,-0.3968782277395545,-0.3539946864708616,0.6951511637468263,-0.3484023076996031,-0.28580754307836664,0.40929151737857733,-0.09821869463537178,-0.12336832183053278,-0.08154007501492251,0.7960337106098168,-0.05528913471229915,0.7960337106098168,-0.07350497338757585,-0.0297001719691725,0.7960337106098168,0.8568101446921702,0.7960337106098168,0
1.856711586712288,-0.23222847887405004,-0.38303407290082336,-0.3968782277395545,-0.3539946864708616,0.6951511637468263,-0.3484023076996031,-0.28580754307836664,0.40929151737857733,-0.10014736666582656,-0.125092823561551,-0.0952792403630034,-0.7863973222287248,-0.05558537264856827,-0.7863973222287248,-0.07447876978010413,-0.02971361355253427,-0.7863973222287248,0.8568101446921702,-0.7863973222287248,0
0.05705916461273866,-0.23222847887405004,-0.38303407290082336,-0.3968782277395545,-0.3539946864708616,0.6951511637468263,-0.3484023076996031,-0.28580754307836664,0.40929151737857733,-0.09821869463537178,-0.12336832183053278,-0.08156246079351263,0.7986135280281057,-0.05528961687612614,0.7986135280281057,-0.07350655836146963,-0.02970019387008871,0.7986135280281057,0.8568101446921702,0.7986135280281057,1
-0.012962856046618267,-0.23222847887405004,-0.38303407290082336,-0.3968782277395545,-0.3539946864708616,0.6951511637468263,-0.3484023076996031,-0.28580754307836664,0.40929151737857733,-0.10014736666582656,-0.125092823561551,-0.0952792403630034,-0.7863973222287248,-0.05558537264856827,-0.7863973222287248,-0.07447876978010413,-0.02971361355253427,-0.7863973222287248,0.8568101446921702,-0.7863973222287248,1
-0.2889308797337596,-0.23222847887405004,-0.38303407290082336,-0.3968782277395545,-0.3539946864708616,0.6951511637468263,-0.3484023076996031,-0.28580754307836664,0.40929151737857733,-0.09629002260491698,-0.12164382009951458,-0.07974209320002813,2.012217830192515,-0.05525036688403444,2.012217830192515,-0.07337753538356538,-0.029698412930552937,2.012217830192515,0.8568101446921702,2.012217830192515,1
-1.1273768436326035,-0.23222847887405004,-0.6873789713897159,5.117334808495571,-0.3539946864708616,-0.4253073943407376,-0.3484023076996031,-0.28580754307836664,0.40929151737857733,-0.10014736666582656,-0.125092823561551,-0.0952792403630034,-0.7863973222287248,-0.05558537264856827,-0.7863973222287248,-0.07447876978010413,-0.02971361355253427,-0.7863973222287248,-1.1592137251717594,-0.7863973222287248,1
-0.42653561980852345,0.2766157437213454,-0.38303407290082336,-0.3968782277395545,1.8245581271023894,-2.1059952314720833,1.7896940531791514,1.5250315003077608,-0.9326478838626592,-0.053491871833872495,0.40781927088809955,-0.03542126233712241,2.119314932966836,-0.010194255632859497,2.119314932966836,-0.0625970113341101,-0.029574530016843324,2.119314932966836,-1.1592137251717594,2.119314932966836,1
-0.5618998271300718,8.322371576919947,0.48194616490971365,2.505339159752617,-0.3539946864708616,-2.1059952314720833,-0.3484023076996031,-0.28580754307836664,0.40929151737857733,5.742994153410122,5.258514163722125,0.5849014137880596,2.28214173897126,0.4158327387908858,2.28214173897126,1.4317569155649899,-0.02893725715706292,2.28214173897126,0.8568101446921702,2.28214173897126,0
0.4498242697382836,-0.23222847887405004,-0.38303407290082336,-0.3968782277395545,-0.3539946864708616,0.6951511637468263,-0.3484023076996031,-0.28580754307836664,0.40929151737857733,-0.09821869463537178,-0.12336832183053278,-0.08156706546315934,0.7991456959323782,-0.055289716137394446,0.7991456959323782,-0.07350688465413227,-0.029700198375024005,0.7991456959323782,0.8568101446921702,0.7991456959323782,1
-1.1066236224928048,0.14491487889832597,-0.4631248356610583,1.0542304660065314,-0.3539946864708616,-1.5457659524283016,-0.3484023076996031,-0.28580754307836664,-4.958466087586369,-0.0975758039585535,-0.12279348792019337,-0.0952792403630034,-0.7863973222287248,-0.05558537264856827,-0.7863973222287248,-0.07447876978010413,-0.02971361355253427,-0.7863973222287248,-1.1592137251717594,-0.7863973222287248,0
1.2541490256772323,-0.23222847887405004,-0.38303407290082336,-0.3968782277395545,-0.3539946864708616,0.6951511637468263,-0.3484023076996031,-0.28580754307836664,0.40929151737857733,-0.10014736666582656,-0.125092823561551,-0.0952792403630034,-0.7863973222287248,-0.05558537264856827,-0.7863973222287248,-0.07447876978010413,-0.02971361355253427,-0.7863973222287248,0.8568101446921702,-0.7863973222287248,0
0.16456820634176056,-0.23222847887405004,-0.38303407290082336,-0.3968782277395545,-0.3539946864708616,0.6951511637468263,-0.3484023076996031,-0.28580754307836664,0.40929151737857733,-0.09821869463537178,-0.12336832183053278,-0.08154492762831941,0.7965892030589132,-0.05528923865819017,0.7965892030589132,-0.07350531507957848,-0.029700176716681237,0.7965892030589132,0.8568101446921702,0.7965892030589132,1
-1.1076890932314263,-0.15141204506568376,-0.38303407290082336,-0.3968782277395545,-0.10265927793120108,1.8156097218343903,-0.3484023076996031,2.043655802333548,-0.9326478838626592,-0.09711659633225475,-0.12000143749854485,1.9896306622656308,-0.7759694092809946,0.0022125949282484855,-0.7759694092809946,0.11551530400603797,-0.02563410951455716,-0.7759694092809946,-1.1592137251717594,-0.7759694092809946,1
-0.7708946881067251,-0.07059561125731748,-0.38303407290082336,-0.3968782277395545,2.769670961038841,-0.9855366733845196,2.842789644124793,1.2314341300734233,-0.9326478838626592,-0.09904526836270953,-0.12139746270936912,-0.0952792403630034,-0.7863973222287248,-0.05558537264856827,-0.7863973222287248,-0.07447876978010413,-0.02971361355253427,-0.7863973222287248,0.8568101446921702,-0.7863973222287248,1
0.7365838108358934,-0.23222847887405004,-0.38303407290082336,-0.3968782277395545,-0.3539946864708616,0.6951511637468263,-0.3484023076996031,-0.28580754307836664,0.40929151737857733,-0.09821869463537178,-0.12336832183053278,-0.08152615474437518,0.7944316826626996,-0.05528883449639993,0.7944316826626996,-0.07350398651478257,-0.02970015835040657,0.7944316826626996,0.8568101446921702,0.7944316826626996,1
-0.772273532592,-0.515085997203332,-0.38303407290082336,-0.3968782277395545,1.304068754940033,1.8156097218343903,1.2138280408911895,1.651548788139005,-0.9326478838626592,-0.10207603869628136,-0.12410739400096915,-0.0952792403630034,-0.7863973222287248,-0.05558537264856827,-0.7863973222287248,-0.07447876978010413,-0.02971361355253427,-0.7863973222287248,0.8568101446921702,-0.7863973222287248,1
0.6739964480128539,-0.23222847887405004,-0.38303407290082336,-0.3968782277395545,-0.3539946864708616,0.6951511637468263,-0.3484023076996031,-0.28580754307836664,0.40929151737857733,-0.09821869463537178,-0.12336832183053278,-0.08153313258991672,0.795232082832447,-0.05528898453388699,0.795232082832447,-0.07350447971955401,-0.029700165177116208,0.795232082832447,0.8568101446921702,0.795232082832447,1
-0.694051505871642,0.16764450090692898,-0.38303407290082336,-0.3968782277395545,1.0991032704468686,-2.1059952314720833,1.0583464644170302,1.0884985682488117,-0.9326478838626592,-0.06483430020345188,-0.07422002249651385,-0.04225214807586268,2.083623468955733,-0.05125698350041003,2.083623468955733,-0.06540229923131251,-0.0296098564719114,2.083623468955733,-1.1592137251717594,2.083623468955733,1
-0.010645322887082177,-0.23222847887405004,-0.38303407290082336,-0.3968782277395545,-0.3539946864708616,0.6951511637468263,-0.3484023076996031,-0.28580754307836664,0.40929151737857733,-0.10014736666582656,-0.125092823561551,-0.0952792403630034,-0.7863973222287248,-0.05558537264856827,-0.7863973222287248,-0.07447876978010413,-0.02971361355253427,-0.7863973222287248,0.8568101446921702,-0.7863973222287248,1
-0.8452376850556513,-0.016717988718406615,2.596342301779915,1.3444522047557486,-0.3539946864708616,-0.4253073943407376,-0.3484023076996031,-0.28580754307836664,0.40929151737857733,-0.09867790226167053,-0.12377891748077521,-0.0952792403630034,-0.7863973222287248,-0.05558537264856827,-0.7863973222287248,-0.07447876978010413,-0.02971361355253427,-0.7863973222287248,-1.1592137251717594,-0.7863973222287248,0
-0.6492003808263347,-0.06386090843995362,-0.38303407290082336,-0.3968782277395545,1.5333133232597895,1.8156097218343903,1.4776074784355,1.5086132263143934,-0.9326478838626592,-0.09899934760007967,-0.11864647185274482,-0.0952792403630034,0.39634799332981335,-0.054962543530276235,0.39634799332981335,-0.07447876978010413,-0.029677645767946837,0.39634799332981335,0.8568101446921702,0.39634799332981335,1
0.29414592266367595,-0.23222847887405004,-0.38303407290082336,-0.3968782277395545,-0.3539946864708616,0.6951511637468263,-0.3484023076996031,-0.28580754307836664,0.40929151737857733,-0.09821869463537178,-0.12336832183053278,-0.08153940202474337,0.795955143721989,-0.05528911997198943,0.795955143721989,-0.07350492493307809,-0.029700171310758878,0.795955143721989,0.8568101446921702,0.795955143721989,1
-1.1493667271120527,-0.016717988718406615,2.596342301779915,1.3444522047557486,-0.3539946864708616,-0.4253073943407376,-0.3484023076996031,-0.28580754307836664,0.40929151737857733,-0.09867790226167053,-0.12377891748077521,-0.0952792403630034,-0.7863973222287248,-0.05558537264856827,-0.7863973222287248,-0.07447876978010413,-0.02971361355253427,-0.7863973222287248,-1.1592137251717594,-0.7863973222287248,0
-1.1872878155885107,8.665308692143245,0.48194616490971365,2.505339159752617,-0.3539946864708616,-2.1059952314720833,-0.3484023076996031,-0.28580754307836664,0.40929151737857733,14.733361061087257,13.291037928979817,1.5769332843415176,2.2819551426126687,1.1272094828013146,2.2819551426126687,3.7722678162296956,-0.02798056965714666,2.2819551426126687,0.8568101446921702,2.2819551426126687,0
-0.7779851720338609,-0.06386090843995362,-0.38303407290082336,-0.3968782277395545,1.1085856594091859,1.8156097218343903,0.9931880002876861,1.7365375005752606,-0.9326478838626592,-0.09592265650387798,-0.11318554970452051,-0.04563254232511425,-0.34847776555181026,-0.050513422915106125,-0.34847776555181026,-0.06886539342033363,-0.029519328029824207,-0.34847776555181026,0.8568101446921702,-0.34847776555181026,1
1.7890844577602125,-0.23222847887405004,-0.38303407290082336,-0.3968782277395545,-0.3539946864708616,0.6951511637468263,-0.3484023076996031,-0.28580754307836664,0.40929151737857733,-0.09821869463537178,-0.12336832183053278,-0.08154092510778037,0.7961294640043571,-0.05528915260978544,0.7961294640043571,-0.07350503222037699,-0.02970017280085286,0.7961294640043571,0.8568101446921702,0.7961294640043571,0
-1.064952077016399,-0.23222847887405004,-0.38303407290082336,-0.3968782277395545,-0.3539946864708616,-0.4253073943407376,-0.3484023076996031,-0.28580754307836664,0.40929151737857733,-0.10014736666582656,-0.125092823561551,-0.0952792403630034,-0.7863973222287248,-0.05558537264856827,-0.7863973222287248,-0.07447876978010413,-0.02971361355253427,-0.7863973222287248,-1.1592137251717594,-0.7863973222287248,1
2.2172163867209216,-0.23222847887405004,-0.38303407290082336,-0.3968782277395545,-0.3539946864708616,0.6951511637468263,-0.3484023076996031,-0.28580754307836664,0.40929151737857733,-0.10014736666582656,-0.125092823561551,-0.0952792403630034,-0.7863973222287248,-0.05558537264856827,-0.7863973222287248,-0.07447876978010413,-0.02971361355253427,-0.7863973222287248,0.8568101446921702,-0.7863973222287248,0
-1.121804879346394,0.14491487889832597,-0.36701592034877634,-0.6870999664887717,1.1998666784310525,-0.9855366733845196,1.1743959358749827,1.0247570339216199,-0.9326478838626592,-0.05257345658127497,0.10381425144860401,2.015611554392685,-0.6834016565205489,0.49784517398660577,-0.6834016565205489,0.27462199961529304,-0.025376756214535005,-0.6834016565205489,-1.1592137251717594,-0.6834016565205489,0
-1.0571918686249868,0.7227524008322534,-0.38303407290082336,-0.3968782277395545,1.8294556246983116,-2.1059952314720833,1.830137237811158,1.2227421026651701,-0.9326478838626592,-0.05987485783942526,0.10069372450676155,-0.06401006224939013,1.9947765948985154,-0.03717292754454463,1.9947765948985154,-0.06476934765357321,-0.029637133785819964,1.9947765948985154,-1.1592137251717594,1.9947765948985154,1
2.135583062929851,-0.23222847887405004,-0.38303407290082336,-0.3968782277395545,-0.3539946864708616,0.6951511637468263,-0.3484023076996031,-0.28580754307836664,0.40929151737857733,-0.10014736666582656,-0.125092823561551,-0.0952792403630034,-0.7863973222287248,-0.05558537264856827,-0.7863973222287248,-0.07447876978010413,-0.02971361355253427,-0.7863973222287248,0.8568101446921702,-0.7863973222287248,0
-0.35950372190437696,-0.07059561125731748,-0.38303407290082336,-0.3968782277395545,1.938242592573687,1.8156097218343903,1.9282119605437742,1.3878906234219848,-0.9326478838626592,-0.09904526836270953,-0.12410739400096915,-0.0952792403630034,-0.7863973222287248,-0.05558537264856827,-0.7863973222287248,-0.07447876978010413,-0.02971361355253427,-0.7863973222287248,0.8568101446921702,-0.7863973222287248,1
-0.10900241864812614,-0.23222847887405004,-0.38303407290082336,-0.3968782277395545,-0.3539946864708616,0.6951511637468263,-0.3484023076996031,-0.28580754307836664,0.40929151737857733,-0.10014736666582656,-0.125092823561551,-0.0952792403630034,-0.7863973222287248,-0.05558537264856827,-0.7863973222287248,-0.07447876978010413,-0.02971361355253427,-0.7863973222287248,0.8568101446921702,-0.7863973222287248,1
-0.2072330904862345,-0.23222847887405004,-0.38303407290082336,-0.3968782277395545,-0.3539946864708616,0.6951511637468263,-0.3484023076996031,-0.28580754307836664,0.40929151737857733,-0.09629002260491698,-0.12164382009951458,-0.079766037482191,2.016542078042109,-0.05525088369497646,2.016542078042109,-0.07337923424981219,-0.029698436356216475,2.016542078042109,0.8568101446921702,2.016542078042109,1
1.7283515512345116,-0.23222847887405004,-0.38303407290082336,-0.3968782277395545,-0.3539946864708616,0.6951511637468263,-0.3484023076996031,-0.28580754307836664,0.40929151737857733,-0.09821869463537178,-0.12336832183053278,-0.08154127931313782,0.796172430271138,-0.05528916065615343,0.796172430271138,-0.07350505867048061,-0.02970017314738635,0.796172430271138,0.8568101446921702,0.796172430271138,0
-0.5202178955523483,-0.07059561125731748,-0.38303407290082336,-0.3968782277395545,1.6205304612978062,-0.9855366733845196,1.6043294569491209,1.2275710067808663,-0.9326478838626592,-0.09904526836270953,-0.12139746270936912,-0.0952792403630034,-0.7863973222287248,-0.05558537264856827,-0.7863973222287248,-0.07447876978010413,-0.02971361355253427,-0.7863973222287248,0.8568101446921702,-0.7863973222287248,1
0.7641943658353177,-0.23222847887405004,-0.38303407290082336,-0.3968782277395545,-0.3539946864708616,-0.4253073943407376,-0.3484023076996031,-0.28580754307836664,0.40929151737857733,-0.09821869463537178,-0.12336832183053278,-0.08154535267474834,0.7966419901866724,-0.0552892485070355,0.7966419901866724,-0.0735053474548042,-0.029700177132521415,0.7966419901866724,-1.1592137251717594,0.7966419901866724,0
1.0079278705881296,-0.23222847887405004,-0.38303407290082336,-0.3968782277395545,-0.3539946864708616,0.6951511637468263,-0.3484023076996031,-0.28580754307836664,0.40929151737857733,-0.10014736666582656,-0.125092823561551,-0.0952792403630034,-0.7863973222287248,-0.05558537264856827,-0.7863973222287248,-0.07447876978010413,-0.02971361355253427,-0.7863973222287248,0.8568101446921702,-0.7863973222287248,0
-0.39399847137028304,-0.23222847887405004,-0.38303407290082336,-0.3968782277395545,-0.3539946864708616,0.6951511637468263,-0.3484023076996031,-0.28580754307836664,0.40929151737857733,-0.10014736666582656,-0.125092823561551,-0.0952792403630034,-0.7863973222287248,-0.05558537264856827,-0.7863973222287248,-0.07447876978010413,-0.02971361355253427,-0.7863973222287248,0.8568101446921702,-0.7863973222287248,1
-0.4792834051280714,-0.23222847887405004,-0.38303407290082336,-0.3968782277395545,-0.3539946864708616,-0.4253073943407376,-0.3484023076996031,-0.28580754307836664,0.40929151737857733,-0.09629002260491698,-0.12164382009951458,-0.07974159731252772,2.0121269872284637,-0.055250355994161844,2.0121269872284637,-0.07337749958626409,-0.029698412445406056,2.0121269872284637,-1.1592137251717594,2.0121269872284637,1
-0.7319597012568091,0.1862852154469977,-0.38303407290082336,-0.3968782277395545,1.2093490673933698,-2.1059952314720833,1.198998873192787,0.9011370885597938,-0.9326478838626592,-0.06859980273910171,-0.08029683812010181,-0.0522141383332892,2.2426821333634703,-0.05204066344013352,2.2426821333634703,-0.0669084704882399,-0.029629348911095567,2.2426821333634703,-1.1592137251717594,2.2426821333634703,1
1.7143754402751952,-0.23222847887405004,-0.38303407290082336,-0.3968782277395545,-0.3539946864708616,0.6951511637468263,-0.3484023076996031,-0.28580754307836664,0.40929151737857733,-0.10014736666582656,-0.125092823561551,-0.0952792403630034,-0.7863973222287248,-0.05558537264856827,-0.7863973222287248,-0.07447876978010413,-0.02971361355253427,-0.7863973222287248,0.8568101446921702,-0.7863973222287248,0
0.6288169072810538,-0.23222847887405004,-0.38303407290082336,-0.3968782277395545,-0.3539946864708616,0.6951511637468263,-0.3484023076996031,-0.28580754307836664,0.40929151737857733,-0.09821869463537178,-0.12336832183053278,-0.08153968538902934,0.7959889029316024,-0.055289126318164405,0.7959889029316024,-0.07350494579428977,-0.02970017158798567,0.7959889029316024,0.8568101446921702,0.7959889029316024,1
-0.709546852754734,-0.07059561125731748,-0.38303407290082336,-0.3968782277395545,1.5086174311271612,-0.9855366733845196,1.506367076396038,1.032483280506734,-0.9326478838626592,-0.09904526836270953,-0.12139746270936912,-0.0952792403630034,-0.7863973222287248,-0.05558537264856827,-0.7863973222287248,-0.07447876978010413,-0.02971361355253427,-0.7863973222287248,0.8568101446921702,-0.7863973222287248,1
-1.1843030649546715,0.14491487889832597,-0.4631248356610583,1.0542304660065314,-0.3539946864708616,-1.5457659524283016,-0.3484023076996031,-0.28580754307836664,-4.958466087586369,-0.0975758039585535,-0.12279348792019337,-0.0952792403630034,-0.7863973222287248,-0.05558537264856827,-0.7863973222287248,-0.07447876978010413,-0.02971361355253427,-0.7863973222287248,-1.1592137251717594,-0.7863973222287248,0
-1.1758373179565083,4.610583935106386,-0.36701592034877634,-0.6870999664887717,-0.3539946864708616,-2.1059952314720833,-0.3484023076996031,-0.28580754307836664,0.40929151737857733,0.3173182864023767,0.39755437963203877,0.1507018225379541,0.1858476591167088,0.07812175381477436,0.1858476591167088,0.24145584503778453,-0.02925418455311534,0.1858476591167088,0.8568101446921702,0.1858476591167088,0
-0.2749855689369714,0.2417262318979314,-0.38303407290082336,-0.3968782277395545,2.441955430418098,-2.1059952314720833,2.4820589056431994,1.2951756644006152,-0.9326478838626592,-0.06079327309202279,0.4012908000492449,-0.043763400653910454,2.1678170963205763,-0.011521315010244068,2.1678170963205763,-0.06470467826347981,-0.029584013460094274,2.1678170963205763,-1.1592137251717594,2.1678170963205763,1
1.691262783429165,-0.23222847887405004,-0.38303407290082336,-0.3968782277395545,-0.3539946864708616,0.6951511637468263,-0.3484023076996031,-0.28580754307836664,0.40929151737857733,-0.09821869463537178,-0.12336832183053278,-0.08155654556404342,0.7979328196015338,-0.05528948979579067,0.7979328196015338,-0.07350614062168315,-0.029700188082979518,0.7979328196015338,0.8568101446921702,0.7979328196015338,0
1.272355503145657,-0.23222847887405004,-0.38303407290082336,-0.3968782277395545,-0.3539946864708616,0.6951511637468263,-0.3484023076996031,-0.28580754307836664,0.40929151737857733,-0.09821869463537178,-0.12336832183053278,-0.08153093651670058,0.794979809466062,-0.055288937262611575,0.794979809466062,-0.07350432432893104,-0.029700163028608607,0.794979809466062,0.8568101446921702,0.794979809466062,0
-0.6599711260341679,-0.23222847887405004,-0.38303407290082336,-0.3968782277395545,-0.3539946864708616,0.6951511637468263,-0.3484023076996031,-0.28580754307836664,0.40929151737857733,-0.09821869463537178,-0.12336832183053278,-0.08162975981142598,0.8064315471708005,-0.055291068497734956,0.8064315471708005,-0.07351133014695999,-0.02970025971145072,0.8064315471708005,0.8568101446921702,0.8064315471708005,1
-0.9953548120867917,-0.050391502805225905,-0.38303407290082336,-0.3968782277395545,1.103479757660246,1.8156097218343903,1.009140589781422,1.5520733633556605,-0.9326478838626592,-0.08623337558897412,-0.07647829857284721,-0.0406210678253934,0.8046736130556496,-0.048493224540001205,0.8046736130556496,-0.06811428565067172,-0.029579927761007895,0.8046736130556496,0.8568101446921702,0.8046736130556496,1
0.30162534817808667,-0.016717988718406615,2.596342301779915,1.3444522047557486,-0.3539946864708616,-0.4253073943407376,-0.3484023076996031,-0.28580754307836664,0.40929151737857733,-0.09867790226167053,-0.12377891748077521,-0.0952792403630034,-0.7863973222287248,-0.05558537264856827,-0.7863973222287248,-0.07447876978010413,-0.02971361355253427,-0.7863973222287248,-1.1592137251717594,-0.7863973222287248,0
-0.9435184966932242,-0.23222847887405004,-0.38303407290082336,-0.3968782277395545,-0.3539946864708616,-0.4253073943407376,-0.3484023076996031,-0.28580754307836664,0.40929151737857733,-0.10014736666582656,-0.125092823561551,-0.0952792403630034,-0.7863973222287248,-0.05558537264856827,-0.7863973222287248,-0.07447876978010413,-0.02971361355253427,-0.7863973222287248,-1.1592137251717594,-0.7863973222287248,1
-1.0319805030299407,-0.016717988718406615,2.596342301779915,1.3444522047557486,-0.3539946864708616,-0.4253073943407376,-0.3484023076996031,-0.28580754307836664,0.40929151737857733,-0.09867790226167053,-0.12377891748077521,-0.0952792403630034,-0.7863973222287248,-0.05558537264856827,-0.7863973222287248,-0.07447876978010413,-0.02971361355253427,-0.7863973222287248,-1.1592137251717594,-0.7863973222287248,0
-0.9491191122934136,-0.23222847887405004,-0.38303407290082336,-0.3968782277395545,-0.3539946864708616,-0.4253073943407376,-0.3484023076996031,-0.28580754307836664,0.40929151737857733,-0.09821869463537178,-0.12336832183053278,-0.07971078144643057,0.6100965773115556,-0.055249691882407075,0.6100965773115556,-0.07337531651126981,-0.029698382296992926,0.6100965773115556,-1.1592137251717594,0.6100965773115556,1
-0.9606426707760644,-0.016717988718406615,2.596342301779915,1.3444522047557486,-0.3539946864708616,-0.4253073943407376,-0.3484023076996031,-0.28580754307836664,0.40929151737857733,-0.09867790226167053,-0.12377891748077521,-0.0952792403630034,-0.7863973222287248,-0.05558537264856827,-0.7863973222287248,-0.07447876978010413,-0.02971361355253427,-0.7863973222287248,-1.1592137251717594,-0.7863973222287248,0
-0.06568055748648743,-0.515085997203332,-0.38303407290082336,-0.3968782277395545,2.0362967465686377,1.8156097218343903,2.0416775618724596,1.3212517466253753,-0.9326478838626592,-0.10207603869628136,-0.12410739400096915,-0.0952792403630034,-0.7863973222287248,-0.05558537264856827,-0.7863973222287248,-0.07447876978010413,-0.02971361355253427,-0.7863973222287248,0.8568101446921702,-0.7863973222287248,1
1.1630120610390824,-0.23222847887405004,-0.38303407290082336,-0.3968782277395545,-0.3539946864708616,-0.4253073943407376,-0.3484023076996031,-0.28580754307836664,0.40929151737857733,-0.09821869463537178,-0.12336832183053278,-0.08149144261934618,0.7904511649473525,-0.05528808593187611,0.7904511649473525,-0.07350152582577683,-0.029700124390125107,0.7904511649473525,-1.1592137251717594,0.7904511649473525,0
-0.461223407502368,-0.07059561125731748,-0.38303407290082336,-0.3968782277395545,1.4076456189899595,-0.9855366733845196,1.3583000837710801,1.3695407877823387,-0.9326478838626592,-0.09904526836270953,-0.12139746270936912,-0.0952792403630034,-0.7863973222287248,-0.05558537264856827,-0.7863973222287248,-0.07447876978010413,-0.02971361355253427,-0.7863973222287248,0.8568101446921702,-0.7863973222287248,1
-1.1686984849370319,0.14491487889832597,-0.4631248356610583,1.0542304660065314,-0.3539946864708616,-1.5457659524283016,-0.3484023076996031,-0.28580754307836664,-4.958466087586369,-0.0975758039585535,-0.12279348792019337,-0.0952792403630034,-0.7863973222287248,-0.05558537264856827,-0.7863973222287248,-0.07447876978010413,-0.02971361355253427,-0.7863973222287248,-1.1592137251717594,-0.7863973222287248,0
-0.014879987093287512,-0.23222847887405004,-0.38303407290082336,-0.3968782277395545,-0.3539946864708616,0.6951511637468263,-0.3484023076996031,-0.28580754307836664,0.40929151737857733,-0.09821869463537178,-0.12336832183053278,-0.08151397008007928,0.793029140954208,-0.05528857114832237,0.793029140954208,-0.07350312083427207,-0.029700146429654708,0.793029140954208,0.8568101446921702,0.793029140954208,1
1.1086358066612112,-0.23222847887405004,-0.38303407290082336,-0.3968782277395545,-0.3539946864708616,0.6951511637468263,-0.3484023076996031,-0.28580754307836664,0.40929151737857733,-0.10014736666582656,-0.125092823561551,-0.0952792403630034,-0.7863973222287248,-0.05558537264856827,-0.7863973222287248,-0.07447876978010413,-0.02971361355253427,-0.7863973222287248,0.8568101446921702,-0.7863973222287248,0
1.5814369248234563,-0.23222847887405004,-0.38303407290082336,-0.3968782277395545,-0.3539946864708616,0.6951511637468263,-0.3484023076996031,-0.28580754307836664,0.40929151737857733,-0.09821869463537178,-0.12336832183053278,-0.0815282799765198,0.7946765903833507,-0.055288880417522064,0.7946765903833507,-0.07350413746716782,-0.02970016042960747,0.7946765903833507,0.8568101446921702,0.7946765903833507,0
0.9343706359250977,-0.23222847887405004,-0.38303407290082336,-0.3968782277395545,-0.3539946864708616,0.6951511637468263,-0.3484023076996031,-0.28580754307836664,0.40929151737857733,-0.10014736666582656,-0.125092823561551,-0.0952792403630034,-0.7863973222287248,-0.05558537264856827,-0.7863973222287248,-0.07447876978010413,-0.02971361355253427,-0.7863973222287248,0.8568101446921702,-0.7863973222287248,0
